logIncome,age,expYears,variableShare,recentGrowth,yearsSinceSwitch,isSalaried,isProfessional,isBusiness,isMetro,target_logGrowth
14.122503115778127,34,12,1.0,0.0,1,0,0,1,0,0.187401
14.309903883288287,35,13,1.0,0.187401,3,0,0,1,0,0.167351
14.477254426743539,36,14,1.0,0.167351,5,0,0,1,0,-0.016512
14.46074291050257,37,15,1.0,-0.016512,7,0,0,1,0,-0.710764
13.749978719150473,38,16,1.0,-0.710764,9,0,0,1,0,-1.317053
12.432925474804692,39,17,1.0,-1.317053,11,0,0,1,0,0.158151
12.591076386222774,40,18,1.0,0.158151,13,0,0,1,0,0.49885
13.089926547847027,41,19,1.0,0.49885,15,0,0,1,0,0.862055
13.9519813051845,42,20,1.0,0.862055,17,0,0,1,0,-0.435971
13.516010305863972,43,21,1.0,-0.435971,19,0,0,1,0,-1.729178
11.786832092121163,44,22,1.0,-1.729178,21,0,0,1,0,0.632996
12.419828325338527,45,23,1.0,0.632996,23,0,0,1,0,0.882098
13.301926556100112,46,24,1.0,0.882098,25,0,0,1,0,0.549642
13.851568194336405,47,25,1.0,0.549642,0,0,0,1,0,0.795087
14.646654839664576,48,26,1.0,0.795087,0,0,0,1,0,1.290239
15.936893402141521,49,27,1.0,1.290239,2,0,0,1,0,1.067938
11.002099841204238,28,6,0.0871,0.0,1,1,0,0,0,0.0
11.002099841204238,29,7,0.0871,0.0,3,1,0,0,0,0.0
11.002099841204238,30,8,0.0871,0.0,0,1,0,0,0,0.0
11.002099841204238,31,9,0.0871,0.0,2,1,0,0,0,0.0
11.002099841204238,32,10,0.0871,0.0,4,1,0,0,0,0.0
11.002099841204238,33,11,0.0871,0.0,6,1,0,0,0,0.0
11.002099841204238,34,12,0.0871,0.0,8,1,0,0,0,0.0
11.002099841204238,35,13,0.0871,0.0,10,1,0,0,0,0.180302
11.182401586159001,36,14,0.0871,0.180302,12,1,0,0,0,0.03378
11.21618185334715,37,15,0.0871,0.03378,14,1,0,0,0,0.147502
11.363683483488588,38,16,0.0871,0.147502,16,1,0,0,0,0.197357
11.561040887083076,39,17,0.0871,0.197357,0,1,0,0,0,0.271704
11.83274482259034,40,18,0.0871,0.271704,0,1,0,0,0,0.074111
11.906855615360211,41,19,0.0871,0.074111,2,1,0,0,0,0.334526
12.241381970016848,42,20,0.0871,0.334526,4,1,0,0,0,0.134067
12.375448949060317,43,21,0.0871,0.134067,6,1,0,0,0,-0.142742
11.211369895557516,34,12,0.2402,0.0,1,1,0,0,0,0.133739
11.345108872687451,35,13,0.2402,0.133739,0,1,0,0,0,0.102183
11.447292136664327,36,14,0.2402,0.102183,2,1,0,0,0,0.034907
11.482199513708624,37,15,0.2402,0.034907,4,1,0,0,0,0.019975
11.502174535080751,38,16,0.2402,0.019975,6,1,0,0,0,0.208625
11.710799887016096,39,17,0.2402,0.208625,8,1,0,0,0,0.070957
11.781757090304508,40,18,0.2402,0.070957,10,1,0,0,0,-0.192145
11.589612088983838,41,19,0.2402,-0.192145,12,1,0,0,0,-0.07555
11.514062501514616,42,20,0.2402,-0.07555,14,1,0,0,0,0.128087
11.642149940593612,43,21,0.2402,0.128087,16,1,0,0,0,0.280672
11.922821782497603,44,22,0.2402,0.280672,18,1,0,0,0,0.045797
11.96861889127162,45,23,0.2402,0.045797,20,1,0,0,0,-0.052112
11.916506455782605,46,24,0.2402,-0.052112,22,1,0,0,0,0.135634
12.05214034297922,47,25,0.2402,0.135634,24,1,0,0,0,0.016294
12.06843443482817,48,26,0.2402,0.016294,26,1,0,0,0,-0.117976
11.950458524935177,49,27,0.2402,-0.117976,28,1,0,0,0,-0.109727
11.02637236554086,28,6,0.3919,0.0,1,0,0,1,0,-0.024273
11.002099841204238,29,7,0.3919,-0.024273,1,0,0,1,0,0.0
11.002099841204238,30,8,0.3919,0.0,1,0,0,1,0,0.0
11.002099841204238,31,9,0.3919,0.0,1,0,0,1,0,0.347843
11.349942379575312,32,10,0.3919,0.347843,0,0,0,1,0,0.794581
12.144522981788587,33,11,0.3919,0.794581,0,0,0,1,0,-0.109886
12.034636638090117,34,12,0.3919,-0.109886,0,0,0,1,0,1.206822
13.241458309589536,35,13,0.3919,1.206822,0,0,0,1,0,0.193767
13.435225645341808,36,14,0.3919,0.193767,1,0,0,1,0,-0.11484
13.320385765265444,37,15,0.3919,-0.11484,1,0,0,1,0,0.288616
13.609002259485392,38,16,0.3919,0.288616,0,0,0,1,0,-0.973159
12.635843519840328,39,17,0.3919,-0.973159,1,0,0,1,0,-0.384775
12.251068137828828,40,18,0.3919,-0.384775,0,0,0,1,0,-0.414
11.837068210479766,41,19,0.3919,-0.414,1,0,0,1,0,0.258366
12.095433715232206,42,20,0.3919,0.258366,1,0,0,1,0,0.55095
12.646383928916153,43,21,0.3919,0.55095,1,0,0,1,0,0.304444
12.658423335509035,34,12,0.0842,0.0,1,1,0,0,0,0.100626
12.759049640851288,35,13,0.0842,0.100626,3,1,0,0,0,0.096464
12.855513653781697,36,14,0.0842,0.096464,5,1,0,0,0,0.230076
13.08558923345409,37,15,0.0842,0.230076,7,1,0,0,0,0.025315
13.110904174154124,38,16,0.0842,0.025315,9,1,0,0,0,0.045422
13.156326145133175,39,17,0.0842,0.045422,11,1,0,0,0,-0.044222
13.112104389023456,40,18,0.0842,-0.044222,13,1,0,0,0,-0.01655
13.095554872274176,41,19,0.0842,-0.01655,0,1,0,0,0,0.042495
13.138049443170623,42,20,0.0842,0.042495,2,1,0,0,0,0.040559
13.178608913360982,43,21,0.0842,0.040559,0,1,0,0,0,0.091133
13.269742388783785,44,22,0.0842,0.091133,0,1,0,0,0,0.194967
13.464709495343056,45,23,0.0842,0.194967,2,1,0,0,0,0.32372
13.788429135853775,46,24,0.0842,0.32372,0,1,0,0,0,0.085781
13.874210128761149,47,25,0.0842,0.085781,2,1,0,0,0,0.090715
13.964925287058549,48,26,0.0842,0.090715,4,1,0,0,0,0.171387
14.136312646741251,49,27,0.0842,0.171387,0,1,0,0,0,0.014551
13.626126281380506,30,8,0.7298,0.0,1,0,0,1,1,-0.406514
13.219612403988872,31,9,0.7298,-0.406514,1,0,0,1,1,0.528116
13.747728694562072,32,10,0.7298,0.528116,1,0,0,1,1,1.988081
15.735809374546687,33,11,0.7298,1.988081,0,0,0,1,1,0.256091
15.991899949100963,34,12,0.7298,0.256091,1,0,0,1,1,-0.444305
15.547595317840981,35,13,0.7298,-0.444305,1,0,0,1,1,-0.518411
15.029184375985077,36,14,0.7298,-0.518411,1,0,0,1,1,0.008967
15.038151392976786,37,15,0.7298,0.008967,1,0,0,1,1,-0.15849
14.879661803810926,38,16,0.7298,-0.15849,1,0,0,1,1,0.47495
15.35461158253117,39,17,0.7298,0.47495,1,0,0,1,1,0.711951
16.066563028851697,40,18,0.7298,0.711951,1,0,0,1,1,-0.36174
15.70482260500192,41,19,0.7298,-0.36174,1,0,0,1,1,0.415954
16.120776618339644,42,20,0.7298,0.415954,1,0,0,1,1,0.010296
16.131072248324116,43,21,0.7298,0.010296,1,0,0,1,1,-0.045643
16.08542900381485,44,22,0.7298,-0.045643,1,0,0,1,1,0.501105
16.586533795011054,45,23,0.7298,0.501105,0,0,0,1,1,-0.431924
12.026850901843648,24,2,0.1157,0.0,1,1,0,0,0,0.211771
12.238622227196807,25,3,0.1157,0.211771,1,1,0,0,0,0.411046
12.649668602595794,26,4,0.1157,0.411046,0,1,0,0,0,-0.062409
12.587259879064803,27,5,0.1157,-0.062409,1,1,0,0,0,-0.101472
12.485788282234527,28,6,0.1157,-0.101472,0,1,0,0,0,0.33146
12.817248006653523,29,7,0.1157,0.33146,0,1,0,0,0,0.107102
12.924350455669794,30,8,0.1157,0.107102,1,1,0,0,0,0.046165
12.970515055404618,31,9,0.1157,0.046165,1,1,0,0,0,0.398636
13.36915062860669,32,10,0.1157,0.398636,0,1,0,0,0,0.11902
13.488170787122717,33,11,0.1157,0.11902,1,1,0,0,0,-0.026587
13.461583828168225,34,12,0.1157,-0.026587,1,1,0,0,0,0.045861
13.507445098387233,35,13,0.1157,0.045861,1,1,0,0,0,0.168241
13.675686422521505,36,14,0.1157,0.168241,0,1,0,0,0,-0.060613
13.615073275442553,37,15,0.1157,-0.060613,1,1,0,0,0,0.035386
13.650458893205663,38,16,0.1157,0.035386,1,1,0,0,0,0.126835
13.777293688197403,39,17,0.1157,0.126835,1,1,0,0,0,-0.397079
13.168625616244158,33,11,0.1565,0.0,1,1,0,0,1,0.063523
13.232148698314134,34,12,0.1565,0.063523,3,1,0,0,1,0.095044
13.327192752841318,35,13,0.1565,0.095044,5,1,0,0,1,-0.136362
13.190830944784068,36,14,0.1565,-0.136362,7,1,0,0,1,0.110596
13.301426848787719,37,15,0.1565,0.110596,9,1,0,0,1,0.242585
13.544011894676624,38,16,0.1565,0.242585,11,1,0,0,1,0.004123
13.548135034377648,39,17,0.1565,0.004123,13,1,0,0,1,-0.078455
13.469679917376345,40,18,0.1565,-0.078455,15,1,0,0,1,-0.1993
13.270379687526363,41,19,0.1565,-0.1993,17,1,0,0,1,-0.002641
13.267739027455727,42,20,0.1565,-0.002641,19,1,0,0,1,0.029955
13.297693650621692,43,21,0.1565,0.029955,21,1,0,0,1,0.175246
13.472939531721883,44,22,0.1565,0.175246,0,1,0,0,1,-0.23269
13.24024918580413,45,23,0.1565,-0.23269,0,1,0,0,1,-0.055343
13.18490614464344,46,24,0.1565,-0.055343,2,1,0,0,1,-0.075068
13.109838291366422,47,25,0.1565,-0.075068,0,1,0,0,1,0.074628
13.184465795346355,48,26,0.1565,0.074628,2,1,0,0,1,-0.162048
12.840658200851975,33,11,0.0618,0.0,1,1,0,0,0,-0.06111
12.779548484186934,34,12,0.0618,-0.06111,3,1,0,0,0,-0.129088
12.6504603075895,35,13,0.0618,-0.129088,5,1,0,0,0,0.048565
12.699025736864602,36,14,0.0618,0.048565,7,1,0,0,0,-0.00559
12.693435977659728,37,15,0.0618,-0.00559,9,1,0,0,0,0.263589
12.957024939672051,38,16,0.0618,0.263589,11,1,0,0,0,0.106415
13.063439991854318,39,17,0.0618,0.106415,13,1,0,0,0,0.263942
13.3273821491912,40,18,0.0618,0.263942,15,1,0,0,0,0.17127
13.498651947676464,41,19,0.0618,0.17127,17,1,0,0,0,0.032957
13.53160914923785,42,20,0.0618,0.032957,19,1,0,0,0,0.008634
13.540243560920066,43,21,0.0618,0.008634,21,1,0,0,0,-0.019679
13.52056444458998,44,22,0.0618,-0.019679,23,1,0,0,0,0.020413
13.540977222178633,45,23,0.0618,0.020413,25,1,0,0,0,-0.227519
13.313458263724414,46,24,0.0618,-0.227519,27,1,0,0,0,-0.353284
12.960174090339764,47,25,0.0618,-0.353284,29,1,0,0,0,-0.281521
12.678653299532103,48,26,0.0618,-0.281521,31,1,0,0,0,-0.04177
11.353016377591421,29,7,0.0782,0.0,1,1,0,0,0,0.092244
11.445260163125369,30,8,0.0782,0.092244,1,1,0,0,0,0.163273
11.608533317892213,31,9,0.0782,0.163273,0,1,0,0,0,-0.04448
11.56405353428937,32,10,0.0782,-0.04448,0,1,0,0,0,0.095011
11.65906456011119,33,11,0.0782,0.095011,1,1,0,0,0,-0.034264
11.624800111378688,34,12,0.0782,-0.034264,1,1,0,0,0,0.160831
11.78563064718576,35,13,0.0782,0.160831,1,1,0,0,0,0.26667
12.052300690217754,36,14,0.0782,0.26667,1,1,0,0,0,0.02234
12.074640318098472,37,15,0.0782,0.02234,1,1,0,0,0,0.028929
12.103569344744615,38,16,0.0782,0.028929,1,1,0,0,0,-0.005891
12.097678025705045,39,17,0.0782,-0.005891,1,1,0,0,0,-0.001972
12.095706323259936,40,18,0.0782,-0.001972,1,1,0,0,0,0.1536
12.249305898231917,41,19,0.0782,0.1536,1,1,0,0,0,0.489722
12.73902801820364,42,20,0.0782,0.489722,0,1,0,0,0,0.125665
12.864693365003747,43,21,0.0782,0.125665,1,1,0,0,0,0.2473
13.111993312754352,44,22,0.0782,0.2473,0,1,0,0,0,-0.250305
11.811752659024734,22,0,0.8815,0.0,1,0,0,1,0,-0.355852
11.455900807674126,23,1,0.8815,-0.355852,3,0,0,1,0,-0.453801
11.002099841204238,24,2,0.8815,-0.453801,5,0,0,1,0,0.0
11.002099841204238,25,3,0.8815,0.0,7,0,0,1,0,0.0
11.002099841204238,26,4,0.8815,0.0,9,0,0,1,0,0.226872
11.228971869785486,27,5,0.8815,0.226872,11,0,0,1,0,0.298582
11.527554262278512,28,6,0.8815,0.298582,0,0,0,1,0,0.149846
11.677399856464003,29,7,0.8815,0.149846,2,0,0,1,0,0.370529
12.047928370300973,30,8,0.8815,0.370529,4,0,0,1,0,1.265317
13.313245116942976,31,9,0.8815,1.265317,6,0,0,1,0,0.442247
13.755492191700268,32,10,0.8815,0.442247,8,0,0,1,0,0.99325
14.74874224651239,33,11,0.8815,0.99325,0,0,0,1,0,0.265482
15.014223956023587,34,12,0.8815,0.265482,2,0,0,1,0,0.122706
15.136929853754578,35,13,0.8815,0.122706,0,0,0,1,0,0.031901
15.168831012983082,36,14,0.8815,0.031901,2,0,0,1,0,0.926032
16.09486300957965,37,15,0.8815,0.926032,4,0,0,1,0,0.144783
13.470416240362042,27,5,0.7724,0.0,1,0,1,0,0,0.383806
13.854222172627784,28,6,0.7724,0.383806,3,0,1,0,0,0.239488
14.093710576159712,29,7,0.7724,0.239488,5,0,1,0,0,-0.337642
13.756068476899989,30,8,0.7724,-0.337642,7,0,1,0,0,-0.9456
12.810468733082018,31,9,0.7724,-0.9456,9,0,1,0,0,0.266058
13.076526668145632,32,10,0.7724,0.266058,11,0,1,0,0,0.298973
13.375499297877981,33,11,0.7724,0.298973,13,0,1,0,0,-0.128995
13.246504498664141,34,12,0.7724,-0.128995,15,0,1,0,0,0.047192
13.293696677048612,35,13,0.7724,0.047192,17,0,1,0,0,0.076633
13.370329818583667,36,14,0.7724,0.076633,19,0,1,0,0,-0.533572
12.836757568693208,37,15,0.7724,-0.533572,21,0,1,0,0,0.007897
12.844654955015352,38,16,0.7724,0.007897,0,0,1,0,0,-0.742524
12.102131012338157,39,17,0.7724,-0.742524,2,0,1,0,0,-0.562102
11.5400290442932,40,18,0.7724,-0.562102,4,0,1,0,0,-0.279211
11.260817903433386,41,19,0.7724,-0.279211,6,0,1,0,0,0.149277
11.410094502039659,42,20,0.7724,0.149277,0,0,1,0,0,-0.134392
14.340986016381203,32,10,0.3031,0.0,1,1,0,0,0,0.195811
14.536797324960785,33,11,0.3031,0.195811,3,1,0,0,0,-0.080533
14.456264284610008,34,12,0.3031,-0.080533,5,1,0,0,0,-0.037853
14.418411719561071,35,13,0.3031,-0.037853,7,1,0,0,0,-0.024899
14.393512663841438,36,14,0.3031,-0.024899,9,1,0,0,0,-0.047588
14.345924645050513,37,15,0.3031,-0.047588,11,1,0,0,0,-0.205546
14.140378866909485,38,16,0.3031,-0.205546,13,1,0,0,0,-0.192616
13.947763269430311,39,17,0.3031,-0.192616,15,1,0,0,0,-0.153184
13.794579290584526,40,18,0.3031,-0.153184,17,1,0,0,0,-0.209694
13.584885643386905,41,19,0.3031,-0.209694,19,1,0,0,0,0.258328
13.84321352631106,42,20,0.3031,0.258328,21,1,0,0,0,0.38255
14.225763455705454,43,21,0.3031,0.38255,23,1,0,0,0,0.231537
14.457300575899387,44,22,0.3031,0.231537,25,1,0,0,0,0.150897
14.608197140655845,45,23,0.3031,0.150897,27,1,0,0,0,0.044352
14.652549488064496,46,24,0.3031,0.044352,29,1,0,0,0,0.153327
14.805876900910498,47,25,0.3031,0.153327,31,1,0,0,0,0.182633
11.924287826986097,33,11,0.3497,0.0,1,1,0,0,1,0.074059
11.998346943017463,34,12,0.3497,0.074059,3,1,0,0,1,0.578526
12.576873314752358,35,13,0.3497,0.578526,0,1,0,0,1,-0.083168
12.49370558475082,36,14,0.3497,-0.083168,2,1,0,0,1,0.146818
12.640523799142429,37,15,0.3497,0.146818,4,1,0,0,1,-0.117003
12.52352106720121,38,16,0.3497,-0.117003,6,1,0,0,1,-0.084826
12.438694672211762,39,17,0.3497,-0.084826,8,1,0,0,1,0.117701
12.556395615111002,40,18,0.3497,0.117701,10,1,0,0,1,0.081156
12.637551738424762,41,19,0.3497,0.081156,12,1,0,0,1,0.222429
12.859980979034038,42,20,0.3497,0.222429,14,1,0,0,1,0.127333
12.987313654014104,43,21,0.3497,0.127333,16,1,0,0,1,-0.144559
12.842754729360006,44,22,0.3497,-0.144559,18,1,0,0,1,0.031525
12.87428020198114,45,23,0.3497,0.031525,20,1,0,0,1,-0.120345
12.753935126014598,46,24,0.3497,-0.120345,22,1,0,0,1,0.082084
12.83601929211069,47,25,0.3497,0.082084,24,1,0,0,1,-0.054045
12.781974597038365,48,26,0.3497,-0.054045,26,1,0,0,1,-0.138807
12.818975676240317,22,0,0.1294,0.0,1,1,0,0,1,0.073419
12.892394296963776,23,1,0.1294,0.073419,3,1,0,0,1,0.360195
13.252589209467462,24,2,0.1294,0.360195,5,1,0,0,1,0.228293
13.480882292682802,25,3,0.1294,0.228293,7,1,0,0,1,0.091964
13.572846354603223,26,4,0.1294,0.091964,9,1,0,0,1,0.092258
13.665104281754115,27,5,0.1294,0.092258,11,1,0,0,1,-0.057176
13.607928187025077,28,6,0.1294,-0.057176,13,1,0,0,1,0.142768
13.750695770913007,29,7,0.1294,0.142768,15,1,0,0,1,0.054239
13.804934864420298,30,8,0.1294,0.054239,17,1,0,0,1,-0.105217
13.699717686452429,31,9,0.1294,-0.105217,19,1,0,0,1,0.067421
13.767139066288822,32,10,0.1294,0.067421,21,1,0,0,1,0.020801
13.78793984087244,33,11,0.1294,0.020801,23,1,0,0,1,0.179541
13.967481334231469,34,12,0.1294,0.179541,25,1,0,0,1,0.047461
14.014941898061785,35,13,0.1294,0.047461,27,1,0,0,1,0.19111
14.206051794645894,36,14,0.1294,0.19111,29,1,0,0,1,0.259026
14.465077607281156,37,15,0.1294,0.259026,31,1,0,0,1,0.101783
11.189543791195923,29,7,0.1271,0.0,1,1,0,0,1,0.386308
11.575851982644178,30,8,0.1271,0.386308,3,1,0,0,1,0.459427
12.035278628760137,31,9,0.1271,0.459427,5,1,0,0,1,0.187531
12.222810049639454,32,10,0.1271,0.187531,7,1,0,0,1,0.287309
12.510119540092212,33,11,0.1271,0.287309,9,1,0,0,1,0.007849
12.517969005834825,34,12,0.1271,0.007849,11,1,0,0,1,0.091518
12.609486630256855,35,13,0.1271,0.091518,13,1,0,0,1,-0.026097
12.58338941990139,36,14,0.1271,-0.026097,15,1,0,0,1,0.003374
12.586763397740869,37,15,0.1271,0.003374,0,1,0,0,1,-0.109717
12.477046440804942,38,16,0.1271,-0.109717,2,1,0,0,1,0.073545
12.550591133152574,39,17,0.1271,0.073545,0,1,0,0,1,0.077058
12.627649180403274,40,18,0.1271,0.077058,2,1,0,0,1,-0.020931
12.606717928997629,41,19,0.1271,-0.020931,4,1,0,0,1,0.044718
12.651435728395295,42,20,0.1271,0.044718,6,1,0,0,1,0.103163
12.754599167602011,43,21,0.1271,0.103163,0,1,0,0,1,-0.100208
12.65439106009882,44,22,0.1271,-0.100208,2,1,0,0,1,-0.045874
11.135485984661583,33,11,0.1072,0.0,1,1,0,0,1,0.315931
11.451416587432403,34,12,0.1072,0.315931,1,1,0,0,1,0.040579
11.49199597367973,35,13,0.1072,0.040579,0,1,0,0,1,0.091979
11.583975061156135,36,14,0.1072,0.091979,1,1,0,0,1,-0.073512
11.5104635574309,37,15,0.1072,-0.073512,0,1,0,0,1,-0.118029
11.392434927233381,38,16,0.1072,-0.118029,1,1,0,0,1,-0.046071
11.346364184728214,39,17,0.1072,-0.046071,1,1,0,0,1,-0.033529
11.312835087094463,40,18,0.1072,-0.033529,1,1,0,0,1,0.0586
11.371435532602883,41,19,0.1072,0.0586,1,1,0,0,1,0.178347
11.549782884286037,42,20,0.1072,0.178347,1,1,0,0,1,0.102695
11.652477636703475,43,21,0.1072,0.102695,1,1,0,0,1,0.071802
11.724279360284394,44,22,0.1072,0.071802,1,1,0,0,1,0.244214
11.968493324850753,45,23,0.1072,0.244214,0,1,0,0,1,0.155528
12.12402140272837,46,24,0.1072,0.155528,1,1,0,0,1,-0.123528
12.000493553579872,47,25,0.1072,-0.123528,1,1,0,0,1,-0.128354
11.872139250524437,48,26,0.1072,-0.128354,1,1,0,0,1,0.041461
12.791642777442,31,9,0.3897,0.0,1,1,0,0,1,-0.029927
12.761715428269628,32,10,0.3897,-0.029927,3,1,0,0,1,0.037397
12.7991124738804,33,11,0.3897,0.037397,5,1,0,0,1,-0.093417
12.705695209262657,34,12,0.3897,-0.093417,7,1,0,0,1,0.241882
12.947577629628533,35,13,0.3897,0.241882,9,1,0,0,1,0.224889
13.172466673203587,36,14,0.3897,0.224889,11,1,0,0,1,0.336363
13.508829889510585,37,15,0.3897,0.336363,13,1,0,0,1,0.304561
13.813390522034158,38,16,0.3897,0.304561,15,1,0,0,1,-0.172372
13.641018453739568,39,17,0.3897,-0.172372,17,1,0,0,1,0.230404
13.87142207727632,40,18,0.3897,0.230404,19,1,0,0,1,0.324448
14.195870384935363,41,19,0.3897,0.324448,21,1,0,0,1,-0.116336
14.079534288656122,42,20,0.3897,-0.116336,23,1,0,0,1,0.320328
14.399861819828454,43,21,0.3897,0.320328,0,1,0,0,1,0.235778
14.635639755961224,44,22,0.3897,0.235778,2,1,0,0,1,0.305991
14.941630772904366,45,23,0.3897,0.305991,4,1,0,0,1,0.054758
14.996388886920169,46,24,0.3897,0.054758,6,1,0,0,1,0.255903
11.002099841204238,28,6,0.2628,0.0,1,1,0,0,0,0.0
11.002099841204238,29,7,0.2628,0.0,3,1,0,0,0,0.0
11.002099841204238,30,8,0.2628,0.0,0,1,0,0,0,0.0
11.002099841204238,31,9,0.2628,0.0,2,1,0,0,0,0.0
11.002099841204238,32,10,0.2628,0.0,4,1,0,0,0,0.0
11.002099841204238,33,11,0.2628,0.0,6,1,0,0,0,0.0
11.002099841204238,34,12,0.2628,0.0,0,1,0,0,0,0.0
11.002099841204238,35,13,0.2628,0.0,0,1,0,0,0,0.0
11.002099841204238,36,14,0.2628,0.0,0,1,0,0,0,0.0
11.002099841204238,37,15,0.2628,0.0,2,1,0,0,0,0.0
11.002099841204238,38,16,0.2628,0.0,4,1,0,0,0,0.0
11.002099841204238,39,17,0.2628,0.0,6,1,0,0,0,0.0
11.002099841204238,40,18,0.2628,0.0,8,1,0,0,0,0.021936
11.02403572539889,41,19,0.2628,0.021936,10,1,0,0,0,0.391321
11.41535698885359,42,20,0.2628,0.391321,12,1,0,0,0,0.107015
11.522372354440327,43,21,0.2628,0.107015,14,1,0,0,0,0.1048
11.002099841204238,27,5,1.0,0.0,1,0,0,1,1,0.348557
11.350657073811355,28,6,1.0,0.348557,0,0,0,1,1,-0.038899
11.311757641076904,29,7,1.0,-0.038899,1,0,0,1,1,0.080581
11.392338744066198,30,8,1.0,0.080581,1,0,0,1,1,0.995739
12.388077787574028,31,9,1.0,0.995739,0,0,0,1,1,1.200919
13.588996529957074,32,10,1.0,1.200919,0,0,0,1,1,-0.56009
13.028906237315404,33,11,1.0,-0.56009,1,0,0,1,1,-0.27432
12.754586074830385,34,12,1.0,-0.27432,1,0,0,1,1,0.687871
13.442456772868313,35,13,1.0,0.687871,1,0,0,1,1,0.135258
13.57771491999885,36,14,1.0,0.135258,1,0,0,1,1,-0.584955
12.992759660075135,37,15,1.0,-0.584955,0,0,0,1,1,0.66591
13.658669711895868,38,16,1.0,0.66591,0,0,0,1,1,0.52915
14.187819392849612,39,17,1.0,0.52915,1,0,0,1,1,0.375185
14.563003909564584,40,18,1.0,0.375185,1,0,0,1,1,-0.138458
14.424546113620671,41,19,1.0,-0.138458,1,0,0,1,1,-0.874951
13.54959557008626,42,20,1.0,-0.874951,1,0,0,1,1,-0.751254
12.45408575470027,30,8,0.0422,0.0,1,1,0,0,0,0.139078
12.59316359766638,31,9,0.0422,0.139078,1,1,0,0,0,0.018122
12.611285290768935,32,10,0.0422,0.018122,1,1,0,0,0,0.022805
12.634090293347386,33,11,0.0422,0.022805,1,1,0,0,0,0.333993
12.968082936969312,34,12,0.0422,0.333993,1,1,0,0,0,0.070868
13.03895113987451,35,13,0.0422,0.070868,1,1,0,0,0,0.058306
13.097256808474278,36,14,0.0422,0.058306,1,1,0,0,0,0.207064
13.304320996569828,37,15,0.0422,0.207064,1,1,0,0,0,0.301198
13.605518792831436,38,16,0.0422,0.301198,1,1,0,0,0,0.193987
13.799506051572983,39,17,0.0422,0.193987,1,1,0,0,0,-0.107412
13.692094306515186,40,18,0.0422,-0.107412,1,1,0,0,0,-0.119312
13.572782554503586,41,19,0.0422,-0.119312,1,1,0,0,0,-0.277625
13.295157835562431,42,20,0.0422,-0.277625,0,1,0,0,0,0.193813
13.488970865149492,43,21,0.0422,0.193813,1,1,0,0,0,0.222023
13.710994341355244,44,22,0.0422,0.222023,1,1,0,0,0,0.091294
13.802288628836623,45,23,0.0422,0.091294,1,1,0,0,0,0.210111
14.16638345051121,27,5,0.57,0.0,1,0,0,1,0,0.396605
14.562988432251897,28,6,0.57,0.396605,3,0,0,1,0,0.389786
14.952774877575386,29,7,0.57,0.389786,5,0,0,1,0,-0.23049
14.722284702787855,30,8,0.57,-0.23049,7,0,0,1,0,-0.058621
14.663663839503192,31,9,0.57,-0.058621,0,0,0,1,0,-0.40332
14.260344292690283,32,10,0.57,-0.40332,2,0,0,1,0,0.045933
14.306277083382394,33,11,0.57,0.045933,0,0,0,1,0,-0.237308
14.068969162210438,34,12,0.57,-0.237308,2,0,0,1,0,-0.223838
13.84513153760221,35,13,0.57,-0.223838,4,0,0,1,0,0.418102
14.263233784822011,36,14,0.57,0.418102,0,0,0,1,0,1.32492
15.588153428390152,37,15,0.57,1.32492,2,0,0,1,0,0.761905
16.350058266703012,38,16,0.57,0.761905,4,0,0,1,0,0.799856
17.149914644513018,39,17,0.57,0.799856,6,0,0,1,0,-0.189806
16.960108682161085,40,18,0.57,-0.189806,8,0,0,1,0,0.755417
17.71552579721673,41,19,0.57,0.755417,0,0,0,1,0,0.070627
17.78615255558147,42,20,0.57,0.070627,2,0,0,1,0,0.434901
12.943952206639628,30,8,0.0264,0.0,1,1,0,0,1,0.035441
12.979392785929592,31,9,0.0264,0.035441,3,1,0,0,1,0.005286
12.984678534411888,32,10,0.0264,0.005286,5,1,0,0,1,-0.095025
12.889653649695736,33,11,0.0264,-0.095025,7,1,0,0,1,-0.19548
12.694173848861968,34,12,0.0264,-0.19548,0,1,0,0,1,0.038127
12.732300740991656,35,13,0.0264,0.038127,2,1,0,0,1,0.10542
12.837720701682588,36,14,0.0264,0.10542,4,1,0,0,1,0.094023
12.931743650593978,37,15,0.0264,0.094023,6,1,0,0,1,0.254059
13.18580226670854,38,16,0.0264,0.254059,8,1,0,0,1,0.043284
13.22908590835355,39,17,0.0264,0.043284,10,1,0,0,1,0.149427
13.378512623139919,40,18,0.0264,0.149427,12,1,0,0,1,-0.077673
13.300839337801143,41,19,0.0264,-0.077673,0,1,0,0,1,0.092054
13.392893217442037,42,20,0.0264,0.092054,2,1,0,0,1,0.077072
13.469965037320634,43,21,0.0264,0.077072,4,1,0,0,1,0.040478
13.510442700431893,44,22,0.0264,0.040478,6,1,0,0,1,0.001295
13.511737739513492,45,23,0.0264,0.001295,8,1,0,0,1,0.203105
13.57661240036256,30,8,0.0,0.0,1,1,0,0,1,0.115774
13.692386406112433,31,9,0.0,0.115774,3,1,0,0,1,0.142436
13.834822656840746,32,10,0.0,0.142436,5,1,0,0,1,-0.054182
13.78064079062535,33,11,0.0,-0.054182,7,1,0,0,1,-0.072225
13.708415403937494,34,12,0.0,-0.072225,9,1,0,0,1,-0.157158
13.551257137425182,35,13,0.0,-0.157158,11,1,0,0,1,-0.109497
13.441760522565463,36,14,0.0,-0.109497,13,1,0,0,1,-0.132061
13.30969949762269,37,15,0.0,-0.132061,15,1,0,0,1,0.05763
13.367329141005818,38,16,0.0,0.05763,17,1,0,0,1,0.079104
13.44643321613446,39,17,0.0,0.079104,19,1,0,0,1,0.194841
13.64127441380664,40,18,0.0,0.194841,21,1,0,0,1,0.016954
13.658228776541565,41,19,0.0,0.016954,23,1,0,0,1,0.160573
13.818801369939019,42,20,0.0,0.160573,25,1,0,0,1,0.207226
14.026027087643048,43,21,0.0,0.207226,27,1,0,0,1,0.280783
14.306810328964836,44,22,0.0,0.280783,29,1,0,0,1,-0.108729
14.198081019857975,45,23,0.0,-0.108729,31,1,0,0,1,0.155607
12.98171658642638,32,10,0.2353,0.0,1,1,0,0,0,-0.06435
12.917366912344942,33,11,0.2353,-0.06435,3,1,0,0,0,-0.163897
12.75347020688078,34,12,0.2353,-0.163897,5,1,0,0,0,-0.011356
12.742114582757807,35,13,0.2353,-0.011356,7,1,0,0,0,-0.089674
12.652441043369054,36,14,0.2353,-0.089674,9,1,0,0,0,0.083398
12.735838686148313,37,15,0.2353,0.083398,11,1,0,0,0,0.335131
13.070969317660603,38,16,0.2353,0.335131,13,1,0,0,0,0.318462
13.389431247465595,39,17,0.2353,0.318462,15,1,0,0,0,0.22238
13.611810819382708,40,18,0.2353,0.22238,17,1,0,0,0,0.073441
13.685252232204524,41,19,0.2353,0.073441,19,1,0,0,0,0.042257
13.727509233179296,42,20,0.2353,0.042257,21,1,0,0,0,0.067605
13.795114056231842,43,21,0.2353,0.067605,23,1,0,0,0,0.205205
14.000319242921924,44,22,0.2353,0.205205,25,1,0,0,0,0.153093
14.153411836243114,45,23,0.2353,0.153093,27,1,0,0,0,0.318906
14.472317853935982,46,24,0.2353,0.318906,29,1,0,0,0,-0.056266
14.416051355055465,47,25,0.2353,-0.056266,31,1,0,0,0,0.112013
14.264672680880105,27,5,0.4614,0.0,1,0,0,1,0,-0.059687
14.204985756411858,28,6,0.4614,-0.059687,3,0,0,1,0,0.147047
14.352032753133265,29,7,0.4614,0.147047,5,0,0,1,0,0.355828
14.707860562057194,30,8,0.4614,0.355828,7,0,0,1,0,-0.019344
14.688516169180353,31,9,0.4614,-0.019344,9,0,0,1,0,0.30763
14.996145762709197,32,10,0.4614,0.30763,11,0,0,1,0,-0.299029
14.697116769033453,33,11,0.4614,-0.299029,13,0,0,1,0,-0.741054
13.956062283844345,34,12,0.4614,-0.741054,0,0,0,1,0,-0.811747
13.144315689598468,35,13,0.4614,-0.811747,2,0,0,1,0,-0.204857
12.939459189558269,36,14,0.4614,-0.204857,4,0,0,1,0,0.369586
13.309044806269915,37,15,0.4614,0.369586,6,0,0,1,0,-0.721358
12.587686382504199,38,16,0.4614,-0.721358,8,0,0,1,0,-0.129439
12.458247312632256,39,17,0.4614,-0.129439,10,0,0,1,0,0.430169
12.888415906566589,40,18,0.4614,0.430169,0,0,0,1,0,0.632879
13.521295359343517,41,19,0.4614,0.632879,0,0,0,1,0,0.204156
13.725451524862827,42,20,0.4614,0.204156,0,0,0,1,0,0.493263
12.441368583798408,32,10,0.0338,0.0,1,1,0,0,0,0.168698
12.610066252786831,33,11,0.0338,0.168698,3,1,0,0,0,-0.02437
12.585696481864503,34,12,0.0338,-0.02437,5,1,0,0,0,0.571041
13.156737805276794,35,13,0.0338,0.571041,0,1,0,0,0,-0.02234
13.134397508462854,36,14,0.0338,-0.02234,2,1,0,0,0,-0.054188
13.080209151466661,37,15,0.0338,-0.054188,4,1,0,0,0,0.139463
13.219671693477405,38,16,0.0338,0.139463,6,1,0,0,0,0.081236
13.30090812077397,39,17,0.0338,0.081236,8,1,0,0,0,0.065083
13.365991581738035,40,18,0.0338,0.065083,10,1,0,0,0,0.116997
13.48298893936556,41,19,0.0338,0.116997,12,1,0,0,0,-0.03627
13.446718935282815,42,20,0.0338,-0.03627,14,1,0,0,0,0.179215
13.625934017058176,43,21,0.0338,0.179215,16,1,0,0,0,-0.003236
13.622697591054225,44,22,0.0338,-0.003236,18,1,0,0,0,0.174512
13.797210017577282,45,23,0.0338,0.174512,20,1,0,0,0,0.054285
13.85149501564558,46,24,0.0338,0.054285,22,1,0,0,0,0.122123
13.973617916507672,47,25,0.0338,0.122123,24,1,0,0,0,0.27613
14.318055511260221,32,10,0.9772,0.0,1,0,1,0,0,0.641743
14.959798293823294,33,11,0.9772,0.641743,0,0,1,0,0,0.277205
15.237003138076757,34,12,0.9772,0.277205,2,0,1,0,0,0.31433
15.551333563590758,35,13,0.9772,0.31433,4,0,1,0,0,0.073254
15.624587684875149,36,14,0.9772,0.073254,6,0,1,0,0,-0.505801
15.118786334673613,37,15,0.9772,-0.505801,8,0,1,0,0,-0.601582
14.517204128668304,38,16,0.9772,-0.601582,10,0,1,0,0,-0.109312
14.407891999572966,39,17,0.9772,-0.109312,12,0,1,0,0,-0.667392
13.74050025834424,40,18,0.9772,-0.667392,14,0,1,0,0,-0.124569
13.615930963252799,41,19,0.9772,-0.124569,16,0,1,0,0,0.16578
13.78171119398686,42,20,0.9772,0.16578,18,0,1,0,0,0.407865
14.189576285114992,43,21,0.9772,0.407865,20,0,1,0,0,-0.678898
13.510678643314339,44,22,0.9772,-0.678898,0,0,1,0,0,-0.140764
13.369915080278089,45,23,0.9772,-0.140764,0,0,1,0,0,0.405837
13.775752364164735,46,24,0.9772,0.405837,0,0,1,0,0,0.330562
14.106314517894829,47,25,0.9772,0.330562,2,0,1,0,0,-0.313053
11.342789378741605,24,2,0.1885,0.0,1,1,0,0,0,0.420507
11.763296605383603,25,3,0.1885,0.420507,3,1,0,0,0,0.101275
11.864571720821429,26,4,0.1885,0.101275,5,1,0,0,0,-0.099653
11.764918646573305,27,5,0.1885,-0.099653,0,1,0,0,0,0.399882
12.164800637933073,28,6,0.1885,0.399882,2,1,0,0,0,0.203285
12.368085730587401,29,7,0.1885,0.203285,4,1,0,0,0,0.012399
12.380485033914061,30,8,0.1885,0.012399,6,1,0,0,0,0.147628
12.528113410579525,31,9,0.1885,0.147628,8,1,0,0,0,0.127095
12.655208105339248,32,10,0.1885,0.127095,10,1,0,0,0,0.18923
12.844437835232503,33,11,0.1885,0.18923,12,1,0,0,0,-0.158193
12.686245227488351,34,12,0.1885,-0.158193,14,1,0,0,0,0.432994
13.11923912081259,35,13,0.1885,0.432994,0,1,0,0,0,-0.189264
12.92997559757454,36,14,0.1885,-0.189264,0,1,0,0,0,0.076334
13.006309410461634,37,15,0.1885,0.076334,2,1,0,0,0,-0.078544
12.927765724698798,38,16,0.1885,-0.078544,4,1,0,0,0,0.220533
13.14829886658334,39,17,0.1885,0.220533,6,1,0,0,0,-0.004882
11.002099841204238,29,7,0.5552,0.0,1,1,0,0,0,0.0
11.002099841204238,30,8,0.5552,0.0,3,1,0,0,0,0.0
11.002099841204238,31,9,0.5552,0.0,5,1,0,0,0,0.0
11.002099841204238,32,10,0.5552,0.0,0,1,0,0,0,0.0
11.002099841204238,33,11,0.5552,0.0,2,1,0,0,0,0.0
11.002099841204238,34,12,0.5552,0.0,4,1,0,0,0,0.0
11.002099841204238,35,13,0.5552,0.0,6,1,0,0,0,0.0
11.002099841204238,36,14,0.5552,0.0,8,1,0,0,0,0.021408
11.023508040072619,37,15,0.5552,0.021408,0,1,0,0,0,0.0187
11.042207820616051,38,16,0.5552,0.0187,2,1,0,0,0,0.320633
11.362840705228788,39,17,0.5552,0.320633,4,1,0,0,0,-0.172338
11.190502547324227,40,18,0.5552,-0.172338,6,1,0,0,0,-0.086573
11.103929919258267,41,19,0.5552,-0.086573,8,1,0,0,0,-0.10183
11.002099841204238,42,20,0.5552,-0.10183,10,1,0,0,0,0.240069
11.242169028018823,43,21,0.5552,0.240069,12,1,0,0,0,0.114999
11.357168388083089,44,22,0.5552,0.114999,14,1,0,0,0,0.042109
13.810402073302164,33,11,0.2147,0.0,1,1,0,0,0,0.169814
13.980216303319779,34,12,0.2147,0.169814,3,1,0,0,0,0.361232
14.341447941398842,35,13,0.2147,0.361232,5,1,0,0,0,0.368036
14.709484326118721,36,14,0.2147,0.368036,7,1,0,0,0,0.429826
15.139310399194596,37,15,0.2147,0.429826,9,1,0,0,0,-0.009415
15.129895827615233,38,16,0.2147,-0.009415,11,1,0,0,0,0.079367
15.209262840779523,39,17,0.2147,0.079367,13,1,0,0,0,-0.195033
15.01422970042853,40,18,0.2147,-0.195033,15,1,0,0,0,-0.113537
14.900692270429323,41,19,0.2147,-0.113537,17,1,0,0,0,0.007354
14.90804641955043,42,20,0.2147,0.007354,19,1,0,0,0,0.079982
14.988028735405729,43,21,0.2147,0.079982,21,1,0,0,0,0.123055
15.111083470218638,44,22,0.2147,0.123055,23,1,0,0,0,0.027781
15.138864510270526,45,23,0.2147,0.027781,25,1,0,0,0,-0.199241
14.939623077813518,46,24,0.2147,-0.199241,27,1,0,0,0,-0.136779
14.802844064781235,47,25,0.2147,-0.136779,29,1,0,0,0,0.175569
14.978413079289064,48,26,0.2147,0.175569,31,1,0,0,0,0.012452
11.462360458913555,24,2,0.1612,0.0,1,1,0,0,0,-0.076229
11.386131759293303,25,3,0.1612,-0.076229,3,1,0,0,0,-0.011393
11.374739190287409,26,4,0.1612,-0.011393,5,1,0,0,0,0.105371
11.480109923902,27,5,0.1612,0.105371,7,1,0,0,0,0.039719
11.519829206606575,28,6,0.1612,0.039719,9,1,0,0,0,0.045122
11.564951677926453,29,7,0.1612,0.045122,11,1,0,0,0,-0.082799
11.482152837401191,30,8,0.1612,-0.082799,13,1,0,0,0,-0.104584
11.377569243772625,31,9,0.1612,-0.104584,15,1,0,0,0,0.040928
11.418497104218305,32,10,0.1612,0.040928,17,1,0,0,0,0.007979
11.426475800625608,33,11,0.1612,0.007979,19,1,0,0,0,0.103525
11.530000564690418,34,12,0.1612,0.103525,21,1,0,0,0,0.144475
11.674475177285814,35,13,0.1612,0.144475,23,1,0,0,0,0.248856
11.92333132092675,36,14,0.1612,0.248856,25,1,0,0,0,0.25474
12.178071187387618,37,15,0.1612,0.25474,27,1,0,0,0,0.031801
12.209872450993897,38,16,0.1612,0.031801,29,1,0,0,0,0.033802
12.243674227999476,39,17,0.1612,0.033802,31,1,0,0,0,-0.039421
14.341089848730292,24,2,0.2686,0.0,1,1,0,0,0,0.047521
14.388610874772468,25,3,0.2686,0.047521,0,1,0,0,0,0.192381
14.580991389201984,26,4,0.2686,0.192381,2,1,0,0,0,0.223604
14.804595050053218,27,5,0.2686,0.223604,4,1,0,0,0,0.614024
15.418619495876491,28,6,0.2686,0.614024,0,1,0,0,0,0.030821
15.449440636531834,29,7,0.2686,0.030821,2,1,0,0,0,-0.091868
15.357572631267997,30,8,0.2686,-0.091868,4,1,0,0,0,-0.084043
15.273529713911492,31,9,0.2686,-0.084043,6,1,0,0,0,0.067237
15.340766247169485,32,10,0.2686,0.067237,8,1,0,0,0,0.063683
15.404449279637351,33,11,0.2686,0.063683,10,1,0,0,0,0.253035
15.657484150293657,34,12,0.2686,0.253035,12,1,0,0,0,0.215193
15.8726775706973,35,13,0.2686,0.215193,14,1,0,0,0,0.04342
15.916097235938905,36,14,0.2686,0.04342,16,1,0,0,0,0.17412
16.090217131953054,37,15,0.2686,0.17412,18,1,0,0,0,0.760988
16.85120517002628,38,16,0.2686,0.760988,20,1,0,0,0,0.449494
17.300698777810084,39,17,0.2686,0.449494,22,1,0,0,0,0.038868
12.684791789126423,28,6,0.2665,0.0,1,1,0,0,1,0.059255
12.744046403306598,29,7,0.2665,0.059255,3,1,0,0,1,0.05047
12.79451674691979,30,8,0.2665,0.05047,5,1,0,0,1,0.109998
12.90451464456023,31,9,0.2665,0.109998,7,1,0,0,1,-0.001317
12.903197303397148,32,10,0.2665,-0.001317,9,1,0,0,1,0.165828
13.069024990183348,33,11,0.2665,0.165828,11,1,0,0,1,-0.063129
13.005896125413543,34,12,0.2665,-0.063129,13,1,0,0,1,0.161504
13.167400361446816,35,13,0.2665,0.161504,15,1,0,0,1,0.237821
13.405221101767347,36,14,0.2665,0.237821,17,1,0,0,1,0.212353
13.617573708820116,37,15,0.2665,0.212353,19,1,0,0,1,0.027039
13.644612741859723,38,16,0.2665,0.027039,21,1,0,0,1,0.093615
13.738227564816691,39,17,0.2665,0.093615,23,1,0,0,1,0.123857
13.862084849576204,40,18,0.2665,0.123857,25,1,0,0,1,-0.467692
13.394393186674986,41,19,0.2665,-0.467692,0,1,0,0,1,0.137228
13.531621459973227,42,20,0.2665,0.137228,2,1,0,0,1,0.102846
13.634467259477672,43,21,0.2665,0.102846,4,1,0,0,1,-0.050557
11.002099841204238,23,1,0.6702,0.0,1,0,1,0,0,0.0
11.002099841204238,24,2,0.6702,0.0,0,0,1,0,0,0.0
11.002099841204238,25,3,0.6702,0.0,2,0,1,0,0,0.0
11.002099841204238,26,4,0.6702,0.0,4,0,1,0,0,0.130488
11.13258802595446,27,5,0.6702,0.130488,0,0,1,0,0,0.245655
11.378242998982964,28,6,0.6702,0.245655,2,0,1,0,0,-0.193546
11.18469728408811,29,7,0.6702,-0.193546,4,0,1,0,0,0.090514
11.275211362617187,30,8,0.6702,0.090514,0,0,1,0,0,0.611903
11.88711405942167,31,9,0.6702,0.611903,0,0,1,0,0,-0.162744
11.724369650431154,32,10,0.6702,-0.162744,2,0,1,0,0,0.265209
11.989578792934198,33,11,0.6702,0.265209,4,0,1,0,0,0.665227
12.654806273612833,34,12,0.6702,0.665227,0,0,1,0,0,0.348257
13.003062880806779,35,13,0.6702,0.348257,2,0,1,0,0,0.475682
13.478744764988138,36,14,0.6702,0.475682,4,0,1,0,0,0.979148
14.457892425471597,37,15,0.6702,0.979148,0,0,1,0,0,-0.543424
13.914468021031974,38,16,0.6702,-0.543424,2,0,1,0,0,0.315729
11.002099841204238,33,11,0.0872,0.0,1,1,0,0,0,0.0
11.002099841204238,34,12,0.0872,0.0,3,1,0,0,0,0.0
11.002099841204238,35,13,0.0872,0.0,5,1,0,0,0,0.0
11.002099841204238,36,14,0.0872,0.0,7,1,0,0,0,0.168948
11.171048058512994,37,15,0.0872,0.168948,9,1,0,0,0,0.174487
11.345534859911627,38,16,0.0872,0.174487,11,1,0,0,0,0.178821
11.524355622337476,39,17,0.0872,0.178821,0,1,0,0,0,0.121666
11.646021511034377,40,18,0.0872,0.121666,2,1,0,0,0,-0.121597
11.5244245011461,41,19,0.0872,-0.121597,4,1,0,0,0,-0.072159
11.45226558800192,42,20,0.0872,-0.072159,6,1,0,0,0,0.291341
11.743607016884223,43,21,0.0872,0.291341,0,1,0,0,0,0.059559
11.803165935222047,44,22,0.0872,0.059559,2,1,0,0,0,-0.098864
11.70430164151213,45,23,0.0872,-0.098864,4,1,0,0,0,-0.161481
11.542820355681332,46,24,0.0872,-0.161481,6,1,0,0,0,-0.270365
11.272455150500017,47,25,0.0872,-0.270365,8,1,0,0,0,0.243053
11.515507755013138,48,26,0.0872,0.243053,10,1,0,0,0,0.027493
12.113913663121771,24,2,0.0776,0.0,1,1,0,0,1,0.149368
12.263282058173697,25,3,0.0776,0.149368,3,1,0,0,1,0.250389
12.513671407352462,26,4,0.0776,0.250389,5,1,0,0,1,0.169845
12.68351661322843,27,5,0.0776,0.169845,7,1,0,0,1,0.18007
12.863587107445772,28,6,0.0776,0.18007,0,1,0,0,1,0.088461
12.952047840944433,29,7,0.0776,0.088461,2,1,0,0,1,0.111982
13.06402961497547,30,8,0.0776,0.111982,4,1,0,0,1,0.064979
13.129008237905072,31,9,0.0776,0.064979,6,1,0,0,1,0.048962
13.177969929191187,32,10,0.0776,0.048962,8,1,0,0,1,0.132239
13.3102087188686,33,11,0.0776,0.132239,10,1,0,0,1,0.247915
13.558123419552377,34,12,0.0776,0.247915,12,1,0,0,1,0.187899
13.746022542868213,35,13,0.0776,0.187899,14,1,0,0,1,0.142255
13.888277455557379,36,14,0.0776,0.142255,16,1,0,0,1,-0.001136
13.887141021326679,37,15,0.0776,-0.001136,18,1,0,0,1,0.069548
13.956688665713422,38,16,0.0776,0.069548,20,1,0,0,1,0.167751
14.124439269180352,39,17,0.0776,0.167751,22,1,0,0,1,-0.02918
11.002099841204238,26,4,0.2623,0.0,1,1,0,0,1,0.0
11.002099841204238,27,5,0.2623,0.0,3,1,0,0,1,0.0
11.002099841204238,28,6,0.2623,0.0,5,1,0,0,1,0.0
11.002099841204238,29,7,0.2623,0.0,7,1,0,0,1,0.0
11.002099841204238,30,8,0.2623,0.0,9,1,0,0,1,0.0
11.002099841204238,31,9,0.2623,0.0,11,1,0,0,1,0.0
11.002099841204238,32,10,0.2623,0.0,13,1,0,0,1,0.1632
11.165299423619595,33,11,0.2623,0.1632,15,1,0,0,1,0.241655
11.406954300356219,34,12,0.2623,0.241655,17,1,0,0,1,0.104463
11.511417019248897,35,13,0.2623,0.104463,19,1,0,0,1,-0.004666
11.50675141554076,36,14,0.2623,-0.004666,21,1,0,0,1,-0.005345
11.501406589950989,37,15,0.2623,-0.005345,23,1,0,0,1,-0.013747
11.487659253748303,38,16,0.2623,-0.013747,25,1,0,0,1,0.035335
11.522993967471407,39,17,0.2623,0.035335,27,1,0,0,1,0.048636
11.571629823716092,40,18,0.2623,0.048636,29,1,0,0,1,0.317244
11.888873381684894,41,19,0.2623,0.317244,31,1,0,0,1,0.26921
12.554021395150857,31,9,0.0493,0.0,1,1,0,0,1,-0.110693
12.443328443109566,32,10,0.0493,-0.110693,3,1,0,0,1,-0.043673
12.399654969121052,33,11,0.0493,-0.043673,5,1,0,0,1,0.310111
12.709765821055862,34,12,0.0493,0.310111,0,1,0,0,1,0.074946
12.784711515328908,35,13,0.0493,0.074946,2,1,0,0,1,0.199122
12.983833103753721,36,14,0.0493,0.199122,4,1,0,0,1,0.241335
13.225167995335052,37,15,0.0493,0.241335,6,1,0,0,1,0.15394
13.379107523311337,38,16,0.0493,0.15394,8,1,0,0,1,0.096835
13.475942483185278,39,17,0.0493,0.096835,10,1,0,0,1,-0.002585
13.473357844167825,40,18,0.0493,-0.002585,0,1,0,0,1,0.237177
13.710534990146815,41,19,0.0493,0.237177,2,1,0,0,1,0.417862
14.128397075687992,42,20,0.0493,0.417862,4,1,0,0,1,0.076907
14.205303713131537,43,21,0.0493,0.076907,6,1,0,0,1,-0.135632
14.069671349793861,44,22,0.0493,-0.135632,0,1,0,0,1,0.070363
14.140034625414135,45,23,0.0493,0.070363,2,1,0,0,1,0.162139
14.302173710356316,46,24,0.0493,0.162139,4,1,0,0,1,0.26742
11.002099841204238,27,5,0.009,0.0,1,1,0,0,0,0.0
11.002099841204238,28,6,0.009,0.0,3,1,0,0,0,0.0
11.002099841204238,29,7,0.009,0.0,5,1,0,0,0,0.0
11.002099841204238,30,8,0.009,0.0,7,1,0,0,0,0.032403
11.034502440209847,31,9,0.009,0.032403,9,1,0,0,0,0.513301
11.5478036973246,32,10,0.009,0.513301,0,1,0,0,0,0.289056
11.836859510200053,33,11,0.009,0.289056,2,1,0,0,0,0.003963
11.840822506480986,34,12,0.009,0.003963,4,1,0,0,0,0.30478
12.145602208284114,35,13,0.009,0.30478,6,1,0,0,0,0.221458
12.367060515981768,36,14,0.009,0.221458,8,1,0,0,0,0.090725
12.457785649346086,37,15,0.009,0.090725,10,1,0,0,0,-0.018038
12.439747762353175,38,16,0.009,-0.018038,12,1,0,0,0,0.267663
12.707410933178968,39,17,0.009,0.267663,14,1,0,0,0,0.056634
12.764044530829649,40,18,0.009,0.056634,16,1,0,0,0,0.106707
12.870751077749947,41,19,0.009,0.106707,18,1,0,0,0,0.231249
13.102000331653507,42,20,0.009,0.231249,0,1,0,0,0,0.036697
12.256323383769079,27,5,0.0488,0.0,1,1,0,0,1,0.176237
12.432560605514063,28,6,0.0488,0.176237,3,1,0,0,1,0.001788
12.434348913348922,29,7,0.0488,0.001788,5,1,0,0,1,0.122391
12.55673971256144,30,8,0.0488,0.122391,7,1,0,0,1,-0.062986
12.493753340221884,31,9,0.0488,-0.062986,9,1,0,0,1,0.107174
12.600927351829446,32,10,0.0488,0.107174,11,1,0,0,1,0.753457
13.354383981333728,33,11,0.0488,0.753457,0,1,0,0,1,0.143702
13.498086048388885,34,12,0.0488,0.143702,2,1,0,0,1,0.238948
13.737033651734489,35,13,0.0488,0.238948,4,1,0,0,1,0.008428
13.745461774325106,36,14,0.0488,0.008428,6,1,0,0,1,-0.003898
13.74156350757653,37,15,0.0488,-0.003898,8,1,0,0,1,-0.02356
13.718003317201507,38,16,0.0488,-0.02356,10,1,0,0,1,-0.089984
13.62801899334355,39,17,0.0488,-0.089984,12,1,0,0,1,0.15191
13.77992878102151,40,18,0.0488,0.15191,14,1,0,0,1,0.154459
13.934387877376395,41,19,0.0488,0.154459,16,1,0,0,1,0.253549
14.18793674434153,42,20,0.0488,0.253549,18,1,0,0,1,0.216303
12.891757740057804,30,8,0.0676,0.0,1,1,0,0,1,-0.101318
12.790439543123737,31,9,0.0676,-0.101318,3,1,0,0,1,0.342313
13.132752570035226,32,10,0.0676,0.342313,0,1,0,0,1,0.114983
13.24773563368419,33,11,0.0676,0.114983,2,1,0,0,1,0.001544
13.249279699459494,34,12,0.0676,0.001544,4,1,0,0,1,0.260499
13.509778327429418,35,13,0.0676,0.260499,0,1,0,0,1,-0.029903
13.479875806590774,36,14,0.0676,-0.029903,2,1,0,0,1,-0.050844
13.429032017275743,37,15,0.0676,-0.050844,4,1,0,0,1,-0.011028
13.418003709741923,38,16,0.0676,-0.011028,6,1,0,0,1,0.123715
13.541718256074605,39,17,0.0676,0.123715,8,1,0,0,1,0.384719
13.926437256771674,40,18,0.0676,0.384719,10,1,0,0,1,-0.24348
13.682957344832689,41,19,0.0676,-0.24348,0,1,0,0,1,0.055465
13.738422555632981,42,20,0.0676,0.055465,2,1,0,0,1,0.255264
13.99368638693464,43,21,0.0676,0.255264,0,1,0,0,1,0.109881
14.103567349275721,44,22,0.0676,0.109881,2,1,0,0,1,-0.021447
14.082120130840213,45,23,0.0676,-0.021447,4,1,0,0,1,0.063455
12.367703846613844,26,4,0.2163,0.0,1,1,0,0,1,0.620759
12.98846275567926,27,5,0.2163,0.620759,0,1,0,0,1,0.161601
13.150063782946662,28,6,0.2163,0.161601,0,1,0,0,1,0.377078
13.527142229388849,29,7,0.2163,0.377078,1,1,0,0,1,0.079036
13.606178402147247,30,8,0.2163,0.079036,0,1,0,0,1,0.120175
13.726352952771686,31,9,0.2163,0.120175,1,1,0,0,1,0.152006
13.878358615563187,32,10,0.2163,0.152006,1,1,0,0,1,0.353358
14.231716373434958,33,11,0.2163,0.353358,0,1,0,0,1,0.138953
14.370669468423571,34,12,0.2163,0.138953,1,1,0,0,1,0.434165
14.80483432928667,35,13,0.2163,0.434165,0,1,0,0,1,0.532483
15.337317200490432,36,14,0.2163,0.532483,0,1,0,0,1,0.239025
15.576342594628105,37,15,0.2163,0.239025,1,1,0,0,1,0.040589
15.61693138987529,38,16,0.2163,0.040589,1,1,0,0,1,-0.071159
15.545772719937707,39,17,0.2163,-0.071159,0,1,0,0,1,-0.121676
15.424096922584548,40,18,0.2163,-0.121676,1,1,0,0,1,0.23069
15.654787320640882,41,19,0.2163,0.23069,0,1,0,0,1,0.695035
12.170968726853825,29,7,0.8147,0.0,1,0,1,0,0,0.036161
12.207129875119758,30,8,0.8147,0.036161,3,0,1,0,0,-0.482549
11.72458093869984,31,9,0.8147,-0.482549,5,0,1,0,0,-0.050972
11.673608988110649,32,10,0.8147,-0.050972,7,0,1,0,0,-0.401269
11.272339935040709,33,11,0.8147,-0.401269,9,0,1,0,0,0.360771
11.63311051944711,34,12,0.8147,0.360771,11,0,1,0,0,0.372088
12.005198265287964,35,13,0.8147,0.372088,13,0,1,0,0,-0.139222
11.865976387359215,36,14,0.8147,-0.139222,15,0,1,0,0,0.551963
12.417939223960744,37,15,0.8147,0.551963,17,0,1,0,0,-0.353258
12.064681329768398,38,16,0.8147,-0.353258,19,0,1,0,0,-0.082697
11.98198441965386,39,17,0.8147,-0.082697,21,0,1,0,0,0.460721
12.442705097891682,40,18,0.8147,0.460721,0,0,1,0,0,-0.228719
12.213986355677864,41,19,0.8147,-0.228719,2,0,1,0,0,-0.116742
12.097243912499653,42,20,0.8147,-0.116742,4,0,1,0,0,-0.313951
11.783292493443208,43,21,0.8147,-0.313951,6,0,1,0,0,-0.003991
11.77930184835246,44,22,0.8147,-0.003991,8,0,1,0,0,-0.168965
12.596775505796112,33,11,0.0565,0.0,1,1,0,0,1,0.297804
12.894579020777753,34,12,0.0565,0.297804,0,1,0,0,1,0.148499
13.043077578927846,35,13,0.0565,0.148499,0,1,0,0,1,-0.304512
12.738566013670672,36,14,0.0565,-0.304512,0,1,0,0,1,0.575027
13.313593003020681,37,15,0.0565,0.575027,0,1,0,0,1,0.082076
13.395668981675563,38,16,0.0565,0.082076,2,1,0,0,1,0.31391
13.709579185608892,39,17,0.0565,0.31391,0,1,0,0,1,0.059814
13.769393296658464,40,18,0.0565,0.059814,2,1,0,0,1,-0.048053
13.72134034950102,41,19,0.0565,-0.048053,4,1,0,0,1,-0.172856
13.548483908031747,42,20,0.0565,-0.172856,6,1,0,0,1,-0.202033
13.346450479759957,43,21,0.0565,-0.202033,8,1,0,0,1,0.019172
13.365622854402174,44,22,0.0565,0.019172,10,1,0,0,1,-0.161934
13.20368902452221,45,23,0.0565,-0.161934,12,1,0,0,1,-0.126705
13.076983945492175,46,24,0.0565,-0.126705,14,1,0,0,1,0.217468
13.29445229714163,47,25,0.0565,0.217468,16,1,0,0,1,0.110107
13.404558832538637,48,26,0.0565,0.110107,18,1,0,0,1,-0.16343
15.468482068103985,31,9,0.6109,0.0,1,0,1,0,1,0.281069
15.749551239198205,32,10,0.6109,0.281069,0,0,1,0,1,0.542951
16.292501974232522,33,11,0.6109,0.542951,0,0,1,0,1,0.091188
16.38368996708755,34,12,0.6109,0.091188,2,0,1,0,1,0.01209
16.395779944976,35,13,0.6109,0.01209,4,0,1,0,1,-0.179128
16.216651559440788,36,14,0.6109,-0.179128,0,0,1,0,1,-0.652747
15.563904559723458,37,15,0.6109,-0.652747,0,0,1,0,1,-0.646813
14.917091629377927,38,16,0.6109,-0.646813,2,0,1,0,1,-0.076891
14.840200167394975,39,17,0.6109,-0.076891,4,0,1,0,1,0.064622
14.904822079445141,40,18,0.6109,0.064622,0,0,1,0,1,0.407304
15.312126353597904,41,19,0.6109,0.407304,2,0,1,0,1,0.430433
15.742559067530271,42,20,0.6109,0.430433,4,0,1,0,1,0.859334
16.601893216301097,43,21,0.6109,0.859334,6,0,1,0,1,0.527814
17.12970721838944,44,22,0.6109,0.527814,8,0,1,0,1,-0.006799
17.122907948220224,45,23,0.6109,-0.006799,10,0,1,0,1,0.349072
17.471979712421142,46,24,0.6109,0.349072,12,0,1,0,1,-0.176462
11.72126026987889,29,7,0.0824,0.0,1,1,0,0,1,0.153337
11.87459698963756,30,8,0.0824,0.153337,1,1,0,0,1,0.683292
12.55788891631219,31,9,0.0824,0.683292,0,1,0,0,1,0.08722
12.645109222379604,32,10,0.0824,0.08722,1,1,0,0,1,-0.041967
12.60314237470865,33,11,0.0824,-0.041967,0,1,0,0,1,-0.078274
12.524868066087476,34,12,0.0824,-0.078274,1,1,0,0,1,0.052775
12.577643531206318,35,13,0.0824,0.052775,1,1,0,0,1,0.115587
12.693230518754685,36,14,0.0824,0.115587,1,1,0,0,1,0.052241
12.745471793533158,37,15,0.0824,0.052241,1,1,0,0,1,0.110259
12.855730376764782,38,16,0.0824,0.110259,1,1,0,0,1,0.14905
13.004780094936947,39,17,0.0824,0.14905,1,1,0,0,1,0.216157
13.220937589274408,40,18,0.0824,0.216157,1,1,0,0,1,0.285271
13.506208383475322,41,19,0.0824,0.285271,1,1,0,0,1,0.348463
13.854671583478144,42,20,0.0824,0.348463,0,1,0,0,1,0.229466
14.084137180163923,43,21,0.0824,0.229466,1,1,0,0,1,0.018409
14.102545958034526,44,22,0.0824,0.018409,1,1,0,0,1,0.68518
13.227896612784578,32,10,0.2679,0.0,1,1,0,0,0,-0.054379
13.173517318436575,33,11,0.2679,-0.054379,0,1,0,0,0,0.085438
13.258955599843985,34,12,0.2679,0.085438,2,1,0,0,0,0.196758
13.455713799247782,35,13,0.2679,0.196758,4,1,0,0,0,0.243807
13.699520960130803,36,14,0.2679,0.243807,6,1,0,0,0,0.120986
13.820506841121652,37,15,0.2679,0.120986,8,1,0,0,0,0.276837
14.097343780421825,38,16,0.2679,0.276837,10,1,0,0,0,0.162229
14.25957304913261,39,17,0.2679,0.162229,12,1,0,0,0,0.35195
14.611523061045654,40,18,0.2679,0.35195,14,1,0,0,0,0.067342
14.678864743103638,41,19,0.2679,0.067342,16,1,0,0,0,-0.014385
14.664479534219225,42,20,0.2679,-0.014385,18,1,0,0,0,0.286135
14.950615024178823,43,21,0.2679,0.286135,20,1,0,0,0,0.177224
15.127838953071642,44,22,0.2679,0.177224,22,1,0,0,0,0.269787
15.397626088844762,45,23,0.2679,0.269787,24,1,0,0,0,-0.013509
15.384117245238835,46,24,0.2679,-0.013509,26,1,0,0,0,0.48222
15.866336987084745,47,25,0.2679,0.48222,0,1,0,0,0,0.235369
13.365974978029868,28,6,0.634,0.0,1,0,0,1,1,0.018167
13.384141553126419,29,7,0.634,0.018167,3,0,0,1,1,0.127287
13.511428533089392,30,8,0.634,0.127287,5,0,0,1,1,0.07237
13.583798985855548,31,9,0.634,0.07237,0,0,0,1,1,-0.201174
13.382624642271429,32,10,0.634,-0.201174,2,0,0,1,1,0.008438
13.391062656058885,33,11,0.634,0.008438,4,0,0,1,1,0.603736
13.994798360625646,34,12,0.634,0.603736,6,0,0,1,1,-0.259094
13.735704600750237,35,13,0.634,-0.259094,8,0,0,1,1,-0.27491
13.460794872246858,36,14,0.634,-0.27491,10,0,0,1,1,-0.551561
12.909233922498482,37,15,0.634,-0.551561,12,0,0,1,1,0.057823
12.967057351943476,38,16,0.634,0.057823,14,0,0,1,1,0.026578
12.993635258238106,39,17,0.634,0.026578,16,0,0,1,1,0.546939
13.540574585623268,40,18,0.634,0.546939,18,0,0,1,1,0.435019
13.975593660454004,41,19,0.634,0.435019,0,0,0,1,1,0.601659
14.577253039360379,42,20,0.634,0.601659,2,0,0,1,1,0.65494
15.232192951142338,43,21,0.634,0.65494,0,0,0,1,1,0.188515
12.867818758987093,28,6,0.5743,0.0,1,1,0,0,1,0.158036
13.02585458281847,29,7,0.5743,0.158036,0,1,0,0,1,-0.029891
12.995963651207024,30,8,0.5743,-0.029891,2,1,0,0,1,0.044025
13.039989125316618,31,9,0.5743,0.044025,4,1,0,0,1,0.217295
13.257284174170694,32,10,0.5743,0.217295,6,1,0,0,1,-0.014212
13.243072116697293,33,11,0.5743,-0.014212,8,1,0,0,1,-0.12176
13.12131163104425,34,12,0.5743,-0.12176,10,1,0,0,1,0.035591
13.15690250136964,35,13,0.5743,0.035591,12,1,0,0,1,0.040278
13.19718078602036,36,14,0.5743,0.040278,14,1,0,0,1,-0.028462
13.168719219137287,37,15,0.5743,-0.028462,16,1,0,0,1,0.009655
13.178373926672103,38,16,0.5743,0.009655,0,1,0,0,1,-0.294517
12.883857145254193,39,17,0.5743,-0.294517,2,1,0,0,1,-0.052967
12.830889797781763,40,18,0.5743,-0.052967,4,1,0,0,1,0.051585
12.882474602325969,41,19,0.5743,0.051585,6,1,0,0,1,-0.085975
12.796499344649973,42,20,0.5743,-0.085975,0,1,0,0,1,-0.112083
12.684416791770339,43,21,0.5743,-0.112083,2,1,0,0,1,0.276666
12.300011233486668,28,6,0.1262,0.0,1,1,0,0,0,0.481597
12.781608384286043,29,7,0.1262,0.481597,3,1,0,0,0,0.282979
13.064587163708612,30,8,0.1262,0.282979,5,1,0,0,0,-0.099228
12.965358727464983,31,9,0.1262,-0.099228,7,1,0,0,0,-0.1792
12.78615921425396,32,10,0.1262,-0.1792,9,1,0,0,0,0.157455
12.94361440814125,33,11,0.1262,0.157455,11,1,0,0,0,0.193968
13.137582733823676,34,12,0.1262,0.193968,0,1,0,0,0,0.125423
13.263005873317526,35,13,0.1262,0.125423,2,1,0,0,0,0.074034
13.33704010391969,36,14,0.1262,0.074034,4,1,0,0,0,0.202628
13.539668186951038,37,15,0.1262,0.202628,6,1,0,0,0,0.044897
13.584565183178889,38,16,0.1262,0.044897,8,1,0,0,0,0.100248
13.684813356343646,39,17,0.1262,0.100248,10,1,0,0,0,0.247832
13.93264585082124,40,18,0.1262,0.247832,12,1,0,0,0,0.147904
14.080550203098662,41,19,0.1262,0.147904,14,1,0,0,0,0.288638
14.369188358045632,42,20,0.1262,0.288638,0,1,0,0,0,0.405303
14.774491092682327,43,21,0.1262,0.405303,0,1,0,0,0,0.065656
12.166000436581712,27,5,0.2751,0.0,1,1,0,0,0,0.363163
12.52916336318218,28,6,0.2751,0.363163,3,1,0,0,0,-0.09323
12.435933723217788,29,7,0.2751,-0.09323,5,1,0,0,0,0.285966
12.721899348938289,30,8,0.2751,0.285966,7,1,0,0,0,0.427811
13.149710758513397,31,9,0.2751,0.427811,0,1,0,0,0,0.205324
13.355034796532843,32,10,0.2751,0.205324,2,1,0,0,0,0.12707
13.482104922943734,33,11,0.2751,0.12707,4,1,0,0,0,0.176791
13.658896365277156,34,12,0.2751,0.176791,6,1,0,0,0,0.144584
13.803479952221002,35,13,0.2751,0.144584,8,1,0,0,0,0.239545
14.043025123117651,36,14,0.2751,0.239545,10,1,0,0,0,0.091483
14.134508093117214,37,15,0.2751,0.091483,12,1,0,0,0,0.330567
14.465074835168327,38,16,0.2751,0.330567,14,1,0,0,0,0.202715
14.66778995218916,39,17,0.2751,0.202715,16,1,0,0,0,-0.008267
14.659523413491513,40,18,0.2751,-0.008267,18,1,0,0,0,-0.122788
14.536735075108098,41,19,0.2751,-0.122788,20,1,0,0,0,-0.203848
14.332887519549663,42,20,0.2751,-0.203848,22,1,0,0,0,0.040657
12.438845998522245,28,6,0.3692,0.0,1,1,0,0,1,0.215576
12.654422403017914,29,7,0.3692,0.215576,3,1,0,0,1,0.100426
12.754848370236182,30,8,0.3692,0.100426,5,1,0,0,1,0.147854
12.902702446368266,31,9,0.3692,0.147854,7,1,0,0,1,0.225575
13.128277754173588,32,10,0.3692,0.225575,9,1,0,0,1,-0.014527
13.113750724173707,33,11,0.3692,-0.014527,11,1,0,0,1,-0.049355
13.06439550210929,34,12,0.3692,-0.049355,13,1,0,0,1,0.02479
13.089185672277111,35,13,0.3692,0.02479,15,1,0,0,1,0.035674
13.124859527293209,36,14,0.3692,0.035674,0,1,0,0,1,-0.089748
13.035111818199695,37,15,0.3692,-0.089748,2,1,0,0,1,-0.012375
13.022736740487467,38,16,0.3692,-0.012375,4,1,0,0,1,0.092022
13.114759077281526,39,17,0.3692,0.092022,6,1,0,0,1,0.056159
13.170918270002915,40,18,0.3692,0.056159,8,1,0,0,1,-0.286546
12.884372716715013,41,19,0.3692,-0.286546,10,1,0,0,1,0.114452
12.99882511375258,42,20,0.3692,0.114452,12,1,0,0,1,0.130421
13.129245765275884,43,21,0.3692,0.130421,14,1,0,0,1,-0.190841
12.602375737922136,28,6,0.0863,0.0,1,1,0,0,1,-0.23646
12.365915806304152,29,7,0.0863,-0.23646,3,1,0,0,1,0.253338
12.619253352541945,30,8,0.0863,0.253338,5,1,0,0,1,0.084449
12.703701893987825,31,9,0.0863,0.084449,0,1,0,0,1,0.082753
12.786454417306924,32,10,0.0863,0.082753,2,1,0,0,1,0.533295
13.319749787332643,33,11,0.0863,0.533295,0,1,0,0,1,0.266802
13.586551457593938,34,12,0.0863,0.266802,2,1,0,0,1,-0.008493
13.578058743828876,35,13,0.0863,-0.008493,4,1,0,0,1,0.246513
13.824572233592864,36,14,0.0863,0.246513,6,1,0,0,1,0.090428
13.914999845165507,37,15,0.0863,0.090428,8,1,0,0,1,0.020321
13.935321000928859,38,16,0.0863,0.020321,10,1,0,0,1,-0.011717
13.923604419249743,39,17,0.0863,-0.011717,12,1,0,0,1,0.178732
14.102336169615617,40,18,0.0863,0.178732,14,1,0,0,1,0.177901
14.28023740369108,41,19,0.0863,0.177901,16,1,0,0,1,-0.178082
14.102155199390733,42,20,0.0863,-0.178082,18,1,0,0,1,0.108474
14.210629366447392,43,21,0.0863,0.108474,20,1,0,0,1,-0.013486
11.002099841204238,27,5,0.7607,0.0,1,0,1,0,1,0.0
11.002099841204238,28,6,0.7607,0.0,3,0,1,0,1,0.0
11.002099841204238,29,7,0.7607,0.0,5,0,1,0,1,0.080201
11.08230077154952,30,8,0.7607,0.080201,0,0,1,0,1,0.152412
11.234712652111856,31,9,0.7607,0.152412,2,0,1,0,1,0.861415
12.09612747852256,32,10,0.7607,0.861415,4,0,1,0,1,1.08533
13.181457707048914,33,11,0.7607,1.08533,6,0,1,0,1,1.019305
14.200762864049604,34,12,0.7607,1.019305,8,0,1,0,1,-0.388515
13.812247771730197,35,13,0.7607,-0.388515,10,0,1,0,1,-0.283188
13.529059447416357,36,14,0.7607,-0.283188,12,0,1,0,1,-0.048092
13.480967153033701,37,15,0.7607,-0.048092,14,0,1,0,1,-0.196271
13.284695681947507,38,16,0.7607,-0.196271,16,0,1,0,1,0.146882
13.431577988305293,39,17,0.7607,0.146882,18,0,1,0,1,-0.231157
13.200421047295078,40,18,0.7607,-0.231157,20,0,1,0,1,-0.298723
12.901698344199549,41,19,0.7607,-0.298723,22,0,1,0,1,-0.180656
12.721041931010452,42,20,0.7607,-0.180656,24,0,1,0,1,-0.036988
11.002099841204238,22,0,0.2626,0.0,1,1,0,0,0,0.0
11.002099841204238,23,1,0.2626,0.0,1,1,0,0,0,0.0
11.002099841204238,24,2,0.2626,0.0,1,1,0,0,0,0.0
11.002099841204238,25,3,0.2626,0.0,0,1,0,0,0,0.0
11.002099841204238,26,4,0.2626,0.0,1,1,0,0,0,0.0
11.002099841204238,27,5,0.2626,0.0,1,1,0,0,0,0.0
11.002099841204238,28,6,0.2626,0.0,1,1,0,0,0,0.11506
11.117159903333686,29,7,0.2626,0.11506,1,1,0,0,0,0.244117
11.361277357506879,30,8,0.2626,0.244117,1,1,0,0,0,0.399675
11.760952402611426,31,9,0.2626,0.399675,1,1,0,0,0,0.456864
12.217816213140702,32,10,0.2626,0.456864,0,1,0,0,0,0.315021
12.532837707951057,33,11,0.2626,0.315021,1,1,0,0,0,0.358208
12.891045331983968,34,12,0.2626,0.358208,0,1,0,0,0,0.395877
13.286922721369889,35,13,0.2626,0.395877,1,1,0,0,0,-0.020125
13.266797603891005,36,14,0.2626,-0.020125,1,1,0,0,0,0.136863
13.403661001179021,37,15,0.2626,0.136863,1,1,0,0,0,0.632088
12.627012105668873,24,2,0.1721,0.0,1,1,0,0,1,0.036687
12.663699248641144,25,3,0.1721,0.036687,0,1,0,0,1,0.212502
12.87620130402177,26,4,0.1721,0.212502,2,1,0,0,1,0.004488
12.880689729323906,27,5,0.1721,0.004488,4,1,0,0,1,-0.070656
12.810033629047002,28,6,0.1721,-0.070656,6,1,0,0,1,0.230064
13.040097607389555,29,7,0.1721,0.230064,8,1,0,0,1,0.18562
13.225717184119086,30,8,0.1721,0.18562,10,1,0,0,1,0.186082
13.411799280742263,31,9,0.1721,0.186082,12,1,0,0,1,-0.03103
13.38076966885118,32,10,0.1721,-0.03103,14,1,0,0,1,0.170981
13.55175101466218,33,11,0.1721,0.170981,16,1,0,0,1,0.017574
13.569325017693263,34,12,0.1721,0.017574,18,1,0,0,1,0.40897
13.978295071539325,35,13,0.1721,0.40897,0,1,0,0,1,0.627067
14.605362415703764,36,14,0.1721,0.627067,0,1,0,0,1,0.128091
14.73345384464492,37,15,0.1721,0.128091,2,1,0,0,1,0.322694
15.056148202951599,38,16,0.1721,0.322694,0,1,0,0,1,0.114428
15.170576050589904,39,17,0.1721,0.114428,2,1,0,0,1,-0.132422
11.002099841204238,25,3,0.5643,0.0,1,1,0,0,1,0.0
11.002099841204238,26,4,0.5643,0.0,3,1,0,0,1,0.0
11.002099841204238,27,5,0.5643,0.0,5,1,0,0,1,0.0
11.002099841204238,28,6,0.5643,0.0,7,1,0,0,1,0.0
11.002099841204238,29,7,0.5643,0.0,9,1,0,0,1,0.0
11.002099841204238,30,8,0.5643,0.0,11,1,0,0,1,0.0
11.002099841204238,31,9,0.5643,0.0,13,1,0,0,1,0.0
11.002099841204238,32,10,0.5643,0.0,15,1,0,0,1,0.158836
11.160936269083498,33,11,0.5643,0.158836,17,1,0,0,1,0.153776
11.314712359014667,34,12,0.5643,0.153776,19,1,0,0,1,0.433732
11.748444287543165,35,13,0.5643,0.433732,21,1,0,0,1,0.238454
11.986897868898007,36,14,0.5643,0.238454,23,1,0,0,1,0.397271
12.384168715706,37,15,0.5643,0.397271,25,1,0,0,1,0.192411
12.576579827755504,38,16,0.5643,0.192411,27,1,0,0,1,0.168934
12.745513469881505,39,17,0.5643,0.168934,29,1,0,0,1,0.649532
13.39504523879079,40,18,0.5643,0.649532,0,1,0,0,1,0.134991
12.684770371632554,30,8,0.2518,0.0,1,1,0,0,1,0.247318
12.932088371727495,31,9,0.2518,0.247318,3,1,0,0,1,0.312356
13.244443908383436,32,10,0.2518,0.312356,5,1,0,0,1,0.130895
13.375339324568552,33,11,0.2518,0.130895,7,1,0,0,1,0.121394
13.496732874670435,34,12,0.2518,0.121394,9,1,0,0,1,-0.093249
13.403484183667887,35,13,0.2518,-0.093249,11,1,0,0,1,0.332021
13.73550477784912,36,14,0.2518,0.332021,0,1,0,0,1,-0.155787
13.579717561838168,37,15,0.2518,-0.155787,2,1,0,0,1,0.161674
13.741391398124525,38,16,0.2518,0.161674,4,1,0,0,1,0.303629
14.045020729603364,39,17,0.2518,0.303629,6,1,0,0,1,-0.098378
13.946643153140313,40,18,0.2518,-0.098378,8,1,0,0,1,0.239425
14.186068001210344,41,19,0.2518,0.239425,10,1,0,0,1,0.082438
14.2685059617189,42,20,0.2518,0.082438,12,1,0,0,1,0.391771
14.660276996342292,43,21,0.2518,0.391771,14,1,0,0,1,0.29536
14.95563689833422,44,22,0.2518,0.29536,0,1,0,0,1,0.111499
15.067135791550628,45,23,0.2518,0.111499,2,1,0,0,1,-0.083964
11.919771744852278,25,3,0.0918,0.0,1,1,0,0,1,0.065168
11.984940205427952,26,4,0.0918,0.065168,3,1,0,0,1,0.024819
12.009759198282397,27,5,0.0918,0.024819,5,1,0,0,1,0.129412
12.139171103929337,28,6,0.0918,0.129412,7,1,0,0,1,0.359922
12.499093345643116,29,7,0.0918,0.359922,9,1,0,0,1,-0.074046
12.425047474564733,30,8,0.0918,-0.074046,11,1,0,0,1,0.140009
12.56505668343307,31,9,0.0918,0.140009,13,1,0,0,1,0.051768
12.616824263571313,32,10,0.0918,0.051768,15,1,0,0,1,-0.191729
12.425095656437636,33,11,0.0918,-0.191729,17,1,0,0,1,0.2268
12.651895720981797,34,12,0.0918,0.2268,19,1,0,0,1,0.160752
12.812647619846746,35,13,0.0918,0.160752,21,1,0,0,1,0.035992
12.848639170122919,36,14,0.0918,0.035992,23,1,0,0,1,0.382452
13.231091227440308,37,15,0.0918,0.382452,0,1,0,0,1,0.116848
13.347939453714845,38,16,0.0918,0.116848,2,1,0,0,1,0.233105
13.581044223908709,39,17,0.0918,0.233105,4,1,0,0,1,0.275541
13.856585320219597,40,18,0.0918,0.275541,6,1,0,0,1,0.088286
12.618508046901997,28,6,0.2046,0.0,1,1,0,0,1,0.195822
12.814330282519572,29,7,0.2046,0.195822,3,1,0,0,1,0.072472
12.886802736956433,30,8,0.2046,0.072472,5,1,0,0,1,0.135636
13.022439148047065,31,9,0.2046,0.135636,7,1,0,0,1,-0.149663
12.8727759196733,32,10,0.2046,-0.149663,9,1,0,0,1,-0.171472
12.701303420955114,33,11,0.2046,-0.171472,11,1,0,0,1,0.123826
12.825129396401433,34,12,0.2046,0.123826,13,1,0,0,1,0.249429
13.074558696877101,35,13,0.2046,0.249429,15,1,0,0,1,0.079262
13.153820240204404,36,14,0.2046,0.079262,17,1,0,0,1,-0.066666
13.087153778573496,37,15,0.2046,-0.066666,19,1,0,0,1,-0.000927
13.086226747882606,38,16,0.2046,-0.000927,21,1,0,0,1,-0.248089
12.83813807405634,39,17,0.2046,-0.248089,0,1,0,0,1,-0.034659
12.80347951597044,40,18,0.2046,-0.034659,0,1,0,0,1,-0.103747
12.699732407403253,41,19,0.2046,-0.103747,2,1,0,0,1,-0.167201
12.532531237303564,42,20,0.2046,-0.167201,4,1,0,0,1,0.100952
12.633483687331374,43,21,0.2046,0.100952,6,1,0,0,1,0.188977
11.263954602263645,29,7,0.7943,0.0,1,0,0,1,0,0.40276
11.666714629531782,30,8,0.7943,0.40276,3,0,0,1,0,0.646629
12.31334402478968,31,9,0.7943,0.646629,5,0,0,1,0,-0.760276
11.553068394361478,32,10,0.7943,-0.760276,0,0,0,1,0,-0.550969
11.002099841204238,33,11,0.7943,-0.550969,2,0,0,1,0,0.147252
11.149351739575502,34,12,0.7943,0.147252,0,0,0,1,0,0.418951
11.5683026422803,35,13,0.7943,0.418951,2,0,0,1,0,0.243533
11.811835372962689,36,14,0.7943,0.243533,0,0,0,1,0,0.03574
11.847575278905914,37,15,0.7943,0.03574,2,0,0,1,0,-0.845475
11.002099841204238,38,16,0.7943,-0.845475,4,0,0,1,0,0.016602
11.01870174700425,39,17,0.7943,0.016602,0,0,0,1,0,-0.016602
11.002099841204238,40,18,0.7943,-0.016602,2,0,0,1,0,0.0
11.002099841204238,41,19,0.7943,0.0,4,0,0,1,0,0.0
11.002099841204238,42,20,0.7943,0.0,6,0,0,1,0,0.040457
11.042556720307475,43,21,0.7943,0.040457,0,0,0,1,0,-0.040457
11.002099841204238,44,22,0.7943,-0.040457,2,0,0,1,0,0.0
11.52364389803557,26,4,0.0768,0.0,1,1,0,0,1,0.123108
11.646752363726252,27,5,0.0768,0.123108,3,1,0,0,1,0.089532
11.73628415001911,28,6,0.0768,0.089532,5,1,0,0,1,0.031128
11.767411757255346,29,7,0.0768,0.031128,7,1,0,0,1,0.443075
12.210487211160574,30,8,0.0768,0.443075,9,1,0,0,1,0.129793
12.340280520942333,31,9,0.0768,0.129793,11,1,0,0,1,0.270907
12.611187140143631,32,10,0.0768,0.270907,13,1,0,0,1,0.312864
12.924050728111633,33,11,0.0768,0.312864,0,1,0,0,1,0.606141
13.53019171079936,34,12,0.0768,0.606141,0,1,0,0,1,-0.088868
13.441323526487142,35,13,0.0768,-0.088868,2,1,0,0,1,0.035075
13.476398573376484,36,14,0.0768,0.035075,4,1,0,0,1,-0.287508
13.188890765769875,37,15,0.0768,-0.287508,6,1,0,0,1,-0.001816
13.187074809175344,38,16,0.0768,-0.001816,8,1,0,0,1,0.479524
13.666598650559802,39,17,0.0768,0.479524,0,1,0,0,1,-0.054259
13.61233951009235,40,18,0.0768,-0.054259,2,1,0,0,1,0.167595
13.779934228247956,41,19,0.0768,0.167595,4,1,0,0,1,0.045796
14.388765025268285,24,2,0.2539,0.0,1,1,0,0,0,0.094845
14.483609575332082,25,3,0.2539,0.094845,1,1,0,0,0,-0.011027
14.472582216788826,26,4,0.2539,-0.011027,1,1,0,0,0,-0.038407
14.43417522733717,27,5,0.2539,-0.038407,1,1,0,0,0,0.269359
14.703534533447469,28,6,0.2539,0.269359,1,1,0,0,0,0.17124
14.87477485196782,29,7,0.2539,0.17124,1,1,0,0,0,0.030241
14.905015821430913,30,8,0.2539,0.030241,1,1,0,0,0,0.073707
14.978723178336974,31,9,0.2539,0.073707,1,1,0,0,0,0.076565
15.055287681854518,32,10,0.2539,0.076565,0,1,0,0,0,-0.034705
15.020582662758084,33,11,0.2539,-0.034705,1,1,0,0,0,-0.266656
14.7539261636947,34,12,0.2539,-0.266656,1,1,0,0,0,-0.221151
14.53277566278465,35,13,0.2539,-0.221151,0,1,0,0,0,-0.024864
14.507911495490758,36,14,0.2539,-0.024864,1,1,0,0,0,-0.044563
14.463348972647198,37,15,0.2539,-0.044563,1,1,0,0,0,0.176642
14.639991406842164,38,16,0.2539,0.176642,0,1,0,0,0,0.17467
14.81466099973921,39,17,0.2539,0.17467,1,1,0,0,0,0.594607
11.504380340103308,28,6,0.621,0.0,1,1,0,0,1,0.177695
11.682074870991482,29,7,0.621,0.177695,3,1,0,0,1,0.324527
12.006602121327388,30,8,0.621,0.324527,0,1,0,0,1,0.21548
12.222081984937736,31,9,0.621,0.21548,2,1,0,0,1,0.283645
12.505726875945653,32,10,0.621,0.283645,4,1,0,0,1,0.301321
12.807048240983471,33,11,0.621,0.301321,6,1,0,0,1,0.384183
13.191231174285916,34,12,0.621,0.384183,0,1,0,0,1,0.057242
13.248472862101341,35,13,0.621,0.057242,2,1,0,0,1,0.151426
13.399899084929592,36,14,0.621,0.151426,4,1,0,0,1,0.052856
13.452754971951215,37,15,0.621,0.052856,6,1,0,0,1,-0.041204
13.411551334225477,38,16,0.621,-0.041204,8,1,0,0,1,0.488727
13.900278319169823,39,17,0.621,0.488727,0,1,0,0,1,0.245574
14.145852207298658,40,18,0.621,0.245574,2,1,0,0,1,0.150624
14.296475854113236,41,19,0.621,0.150624,4,1,0,0,1,0.115159
14.411634605978202,42,20,0.621,0.115159,6,1,0,0,1,-0.004331
14.407303106425974,43,21,0.621,-0.004331,0,1,0,0,1,0.109145
12.872929751639061,26,4,0.003,0.0,1,1,0,0,0,-0.120365
12.752564745243303,27,5,0.003,-0.120365,3,1,0,0,0,0.150844
12.903409080627574,28,6,0.003,0.150844,5,1,0,0,0,0.17836
13.081768802842777,29,7,0.003,0.17836,7,1,0,0,0,0.098415
13.180183529901543,30,8,0.003,0.098415,9,1,0,0,0,-0.001042
13.179141433513077,31,9,0.003,-0.001042,11,1,0,0,0,0.19343
13.3725718565982,32,10,0.003,0.19343,13,1,0,0,0,0.301606
13.674177858804244,33,11,0.003,0.301606,15,1,0,0,0,-0.031256
13.642922265942834,34,12,0.003,-0.031256,17,1,0,0,0,0.209401
13.852323647254511,35,13,0.003,0.209401,19,1,0,0,0,0.573947
14.426270461606249,36,14,0.003,0.573947,0,1,0,0,0,0.326754
14.753024658142872,37,15,0.003,0.326754,2,1,0,0,0,0.100063
14.853087959128958,38,16,0.003,0.100063,4,1,0,0,0,0.376919
15.230006951069456,39,17,0.003,0.376919,6,1,0,0,0,0.646446
15.876452978848635,40,18,0.003,0.646446,0,1,0,0,0,-0.005059
15.871393597504287,41,19,0.003,-0.005059,2,1,0,0,0,0.14802
11.868158140211692,27,5,0.1252,0.0,1,1,0,0,0,0.102278
11.970436204536263,28,6,0.1252,0.102278,3,1,0,0,0,-0.038908
11.931528206686158,29,7,0.1252,-0.038908,5,1,0,0,0,0.265875
12.197403239988066,30,8,0.1252,0.265875,0,1,0,0,0,0.025148
12.222551340749353,31,9,0.1252,0.025148,2,1,0,0,0,0.118156
12.340707695095189,32,10,0.1252,0.118156,4,1,0,0,0,0.103962
12.44466973193676,33,11,0.1252,0.103962,6,1,0,0,0,0.133148
12.577817347006318,34,12,0.1252,0.133148,8,1,0,0,0,0.168512
12.746329158379252,35,13,0.1252,0.168512,10,1,0,0,0,-0.11726
12.62906937871033,36,14,0.1252,-0.11726,12,1,0,0,0,0.086721
12.715789983363496,37,15,0.1252,0.086721,14,1,0,0,0,0.303272
13.01906177757328,38,16,0.1252,0.303272,0,1,0,0,0,0.047032
13.06609334583533,39,17,0.1252,0.047032,2,1,0,0,0,0.568897
13.634990130144217,40,18,0.1252,0.568897,0,1,0,0,0,-0.153416
13.481574387163752,41,19,0.1252,-0.153416,2,1,0,0,0,-0.086522
13.395052862108637,42,20,0.1252,-0.086522,4,1,0,0,0,0.080356
11.968728572366954,22,0,0.2165,0.0,1,1,0,0,0,0.227285
12.196013887060062,23,1,0.2165,0.227285,0,1,0,0,0,0.121
12.31701425805252,24,2,0.2165,0.121,0,1,0,0,0,0.017802
12.334815999204864,25,3,0.2165,0.017802,2,1,0,0,0,0.262897
12.59771296732802,26,4,0.2165,0.262897,4,1,0,0,0,0.131356
12.729069302883033,27,5,0.2165,0.131356,6,1,0,0,0,0.019442
12.748511704100762,28,6,0.2165,0.019442,8,1,0,0,0,0.398675
13.147186767434425,29,7,0.2165,0.398675,0,1,0,0,0,0.183716
13.330902841087813,30,8,0.2165,0.183716,2,1,0,0,0,0.064082
13.394985002465509,31,9,0.2165,0.064082,4,1,0,0,0,0.003051
13.398036502410319,32,10,0.2165,0.003051,6,1,0,0,0,-0.154798
13.243238719221592,33,11,0.2165,-0.154798,8,1,0,0,0,0.164318
13.407556489399818,34,12,0.2165,0.164318,10,1,0,0,0,0.127783
13.535339118316697,35,13,0.2165,0.127783,12,1,0,0,0,0.194903
13.730241767146634,36,14,0.2165,0.194903,14,1,0,0,0,0.199202
13.92944338011857,37,15,0.2165,0.199202,16,1,0,0,0,0.257281
11.51575382877107,30,8,0.1919,0.0,1,1,0,0,0,0.057393
11.573146806565322,31,9,0.1919,0.057393,3,1,0,0,0,0.23328
11.806427020859097,32,10,0.1919,0.23328,5,1,0,0,0,0.328623
12.13505007466204,33,11,0.1919,0.328623,0,1,0,0,0,0.163742
12.29879253496319,34,12,0.1919,0.163742,0,1,0,0,0,0.213637
12.512429836029908,35,13,0.1919,0.213637,2,1,0,0,0,0.443651
12.956081127529925,36,14,0.1919,0.443651,4,1,0,0,0,0.35275
13.308831320261318,37,15,0.1919,0.35275,6,1,0,0,0,0.124786
13.433617040762876,38,16,0.1919,0.124786,0,1,0,0,0,-0.392754
13.040862588604206,39,17,0.1919,-0.392754,2,1,0,0,0,0.062612
13.103474458059301,40,18,0.1919,0.062612,0,1,0,0,0,0.125394
13.22886844488061,41,19,0.1919,0.125394,2,1,0,0,0,0.086622
13.315490184463133,42,20,0.1919,0.086622,4,1,0,0,0,0.092263
13.40775300623301,43,21,0.1919,0.092263,6,1,0,0,0,0.08082
13.48857328503318,44,22,0.1919,0.08082,8,1,0,0,0,0.357087
13.845660153300122,45,23,0.1919,0.357087,10,1,0,0,0,0.180192
12.10953516406208,31,9,0.3433,0.0,1,1,0,0,0,0.041912
12.15144707391306,32,10,0.3433,0.041912,3,1,0,0,0,0.177169
12.328616112166523,33,11,0.3433,0.177169,5,1,0,0,0,0.332697
12.66131321623357,34,12,0.3433,0.332697,7,1,0,0,0,0.218385
12.879698488537683,35,13,0.3433,0.218385,9,1,0,0,0,0.490541
13.370239209228863,36,14,0.3433,0.490541,0,1,0,0,0,0.271359
13.641598433452062,37,15,0.3433,0.271359,2,1,0,0,0,0.425461
14.067059563596631,38,16,0.3433,0.425461,4,1,0,0,0,0.155484
14.222543854686378,39,17,0.3433,0.155484,6,1,0,0,0,0.129104
14.351647975022033,40,18,0.3433,0.129104,8,1,0,0,0,-0.139044
14.212604230833223,41,19,0.3433,-0.139044,0,1,0,0,0,0.008726
14.221329826385388,42,20,0.3433,0.008726,2,1,0,0,0,0.195162
14.416492189792567,43,21,0.3433,0.195162,4,1,0,0,0,-0.083781
14.332710866708938,44,22,0.3433,-0.083781,6,1,0,0,0,-0.044673
14.288038179259155,45,23,0.3433,-0.044673,8,1,0,0,0,-0.030167
14.257871376521445,46,24,0.3433,-0.030167,10,1,0,0,0,-0.03065
11.002099841204238,32,10,0.3022,0.0,1,1,0,0,1,0.0
11.002099841204238,33,11,0.3022,0.0,3,1,0,0,1,0.0
11.002099841204238,34,12,0.3022,0.0,5,1,0,0,1,0.0
11.002099841204238,35,13,0.3022,0.0,7,1,0,0,1,0.0
11.002099841204238,36,14,0.3022,0.0,9,1,0,0,1,0.0
11.002099841204238,37,15,0.3022,0.0,11,1,0,0,1,0.096581
11.09868122628155,38,16,0.3022,0.096581,13,1,0,0,1,-0.004663
11.094018494938693,39,17,0.3022,-0.004663,15,1,0,0,1,-0.091919
11.002099841204238,40,18,0.3022,-0.091919,17,1,0,0,1,0.0
11.002099841204238,41,19,0.3022,0.0,19,1,0,0,1,0.0
11.002099841204238,42,20,0.3022,0.0,21,1,0,0,1,0.0
11.002099841204238,43,21,0.3022,0.0,23,1,0,0,1,0.0
11.002099841204238,44,22,0.3022,0.0,25,1,0,0,1,0.0
11.002099841204238,45,23,0.3022,0.0,27,1,0,0,1,0.0
11.002099841204238,46,24,0.3022,0.0,29,1,0,0,1,0.0
11.002099841204238,47,25,0.3022,0.0,31,1,0,0,1,0.01354
12.451212741689458,25,3,0.0,0.0,1,1,0,0,1,0.128047
12.579259803144213,26,4,0.0,0.128047,3,1,0,0,1,0.076266
12.655525496216733,27,5,0.0,0.076266,5,1,0,0,1,0.068958
12.724483850761892,28,6,0.0,0.068958,7,1,0,0,1,0.075931
12.800415005918127,29,7,0.0,0.075931,9,1,0,0,1,0.126313
12.926727986792391,30,8,0.0,0.126313,11,1,0,0,1,0.353196
13.279923997471142,31,9,0.0,0.353196,13,1,0,0,1,0.224328
13.504252051430395,32,10,0.0,0.224328,15,1,0,0,1,0.266183
13.770434910260311,33,11,0.0,0.266183,17,1,0,0,1,0.227768
13.998203002435336,34,12,0.0,0.227768,19,1,0,0,1,0.059473
14.057675982964996,35,13,0.0,0.059473,21,1,0,0,1,0.456765
14.514440678291267,36,14,0.0,0.456765,0,1,0,0,1,0.094386
14.608826892553278,37,15,0.0,0.094386,2,1,0,0,1,0.132771
14.74159767487268,38,16,0.0,0.132771,4,1,0,0,1,0.036737
14.778334318459024,39,17,0.0,0.036737,6,1,0,0,1,0.112367
14.890701371706623,40,18,0.0,0.112367,8,1,0,0,1,0.083633
11.002099841204238,26,4,0.1962,0.0,1,1,0,0,0,0.0
11.002099841204238,27,5,0.1962,0.0,3,1,0,0,0,0.0
11.002099841204238,28,6,0.1962,0.0,5,1,0,0,0,0.0
11.002099841204238,29,7,0.1962,0.0,7,1,0,0,0,0.0
11.002099841204238,30,8,0.1962,0.0,0,1,0,0,0,0.0
11.002099841204238,31,9,0.1962,0.0,2,1,0,0,0,0.0
11.002099841204238,32,10,0.1962,0.0,4,1,0,0,0,0.0
11.002099841204238,33,11,0.1962,0.0,6,1,0,0,0,0.07854
11.080640182137723,34,12,0.1962,0.07854,8,1,0,0,0,0.084521
11.165161043841124,35,13,0.1962,0.084521,10,1,0,0,0,0.133132
11.298293070842153,36,14,0.1962,0.133132,0,1,0,0,0,0.052683
11.350975689973204,37,15,0.1962,0.052683,2,1,0,0,0,-0.0918
11.259175741993321,38,16,0.1962,-0.0918,4,1,0,0,0,0.219794
11.478970154290634,39,17,0.1962,0.219794,0,1,0,0,0,-0.038666
11.44030461901132,40,18,0.1962,-0.038666,2,1,0,0,0,-0.091132
11.349172531542424,41,19,0.1962,-0.091132,4,1,0,0,0,0.036588
13.275706915111748,25,3,0.0122,0.0,1,1,0,0,1,0.151154
13.426861169050941,26,4,0.0122,0.151154,3,1,0,0,1,-0.112363
13.314497993797547,27,5,0.0122,-0.112363,5,1,0,0,1,-0.081757
13.23274145683891,28,6,0.0122,-0.081757,7,1,0,0,1,-0.007782
13.2249592188323,29,7,0.0122,-0.007782,9,1,0,0,1,0.055144
13.280103710675167,30,8,0.0122,0.055144,11,1,0,0,1,0.03809
13.318193331425766,31,9,0.0122,0.03809,13,1,0,0,1,0.146483
13.464676624716093,32,10,0.0122,0.146483,15,1,0,0,1,0.182965
13.647642074111074,33,11,0.0122,0.182965,17,1,0,0,1,0.060486
13.708127807826784,34,12,0.0122,0.060486,19,1,0,0,1,0.067828
13.775955421259416,35,13,0.0122,0.067828,21,1,0,0,1,0.121614
13.897569112550618,36,14,0.0122,0.121614,23,1,0,0,1,0.306676
14.204245244778031,37,15,0.0122,0.306676,25,1,0,0,1,0.101714
14.30595930991017,38,16,0.0122,0.101714,27,1,0,0,1,0.071323
14.377282805920053,39,17,0.0122,0.071323,29,1,0,0,1,0.047808
14.425091239118364,40,18,0.0122,0.047808,31,1,0,0,1,0.000948
12.173710510647755,24,2,0.0,0.0,1,1,0,0,0,-0.011396
12.162314158865689,25,3,0.0,-0.011396,1,1,0,0,0,-0.116694
12.0456204787012,26,4,0.0,-0.116694,1,1,0,0,0,0.616077
12.661697641580096,27,5,0.0,0.616077,0,1,0,0,0,0.040301
12.701999026492004,28,6,0.0,0.040301,1,1,0,0,0,0.410508
13.11250739375597,29,7,0.0,0.410508,0,1,0,0,0,0.117746
13.230253385347732,30,8,0.0,0.117746,0,1,0,0,0,0.02825
13.258502998262712,31,9,0.0,0.02825,1,1,0,0,0,-0.104331
13.154171603813259,32,10,0.0,-0.104331,1,1,0,0,0,0.11493
13.269101370940264,33,11,0.0,0.11493,1,1,0,0,0,0.037891
13.306992524592092,34,12,0.0,0.037891,1,1,0,0,0,0.13618
13.443172309887649,35,13,0.0,0.13618,1,1,0,0,0,0.215171
13.658343484219433,36,14,0.0,0.215171,1,1,0,0,0,-0.037346
13.620997475507215,37,15,0.0,-0.037346,1,1,0,0,0,0.002446
13.623443651041889,38,16,0.0,0.002446,1,1,0,0,0,0.17138
13.794824093701076,39,17,0.0,0.17138,1,1,0,0,0,0.016609
11.002099841204238,32,10,0.1642,0.0,1,1,0,0,0,0.216403
11.218502927866439,33,11,0.1642,0.216403,3,1,0,0,0,0.15372
11.372222680917478,34,12,0.1642,0.15372,5,1,0,0,0,0.381013
11.75323608806983,35,13,0.1642,0.381013,7,1,0,0,0,0.408752
12.1619880561015,36,14,0.1642,0.408752,9,1,0,0,0,0.43197
12.593958225712658,37,15,0.1642,0.43197,0,1,0,0,0,0.236914
12.830872580437577,38,16,0.1642,0.236914,2,1,0,0,0,-0.004412
12.826460870947917,39,17,0.1642,-0.004412,4,1,0,0,0,0.185306
13.011766546249158,40,18,0.1642,0.185306,6,1,0,0,0,0.476764
13.488530635823818,41,19,0.1642,0.476764,8,1,0,0,0,0.258006
13.746536709442154,42,20,0.1642,0.258006,10,1,0,0,0,0.421227
14.167764150943128,43,21,0.1642,0.421227,12,1,0,0,0,0.227815
14.395579086361181,44,22,0.1642,0.227815,14,1,0,0,0,0.373367
14.768945649945111,45,23,0.1642,0.373367,16,1,0,0,0,0.23048
14.999425152485863,46,24,0.1642,0.23048,18,1,0,0,0,-0.104011
14.895413809698171,47,25,0.1642,-0.104011,20,1,0,0,0,-0.046079
11.66482883149935,33,11,0.4637,0.0,1,0,1,0,0,-0.308497
11.35633190295534,34,12,0.4637,-0.308497,0,0,1,0,0,-0.125946
11.230386062366989,35,13,0.4637,-0.125946,1,0,1,0,0,-0.002487
11.227898894028641,36,14,0.4637,-0.002487,1,0,1,0,0,0.354419
11.582317835720406,37,15,0.4637,0.354419,1,0,1,0,0,0.305522
11.887840248591358,38,16,0.4637,0.305522,1,0,1,0,0,-0.24404
11.643800675093424,39,17,0.4637,-0.24404,1,0,1,0,0,-0.171392
11.472408362805833,40,18,0.4637,-0.171392,1,0,1,0,0,0.358977
11.831385269210276,41,19,0.4637,0.358977,1,0,1,0,0,-0.4085
11.422884978818537,42,20,0.4637,-0.4085,1,0,1,0,0,-0.376971
11.045914235156445,43,21,0.4637,-0.376971,1,0,1,0,0,0.138617
11.184531126662481,44,22,0.4637,0.138617,1,0,1,0,0,0.23059
11.415121088489292,45,23,0.4637,0.23059,1,0,1,0,0,0.780766
12.195887152963449,46,24,0.4637,0.780766,0,0,1,0,0,0.309802
12.505688692256687,47,25,0.4637,0.309802,1,0,1,0,0,0.400281
12.905969971685955,48,26,0.4637,0.400281,1,0,1,0,0,0.840856
11.002099841204238,23,1,0.2663,0.0,1,1,0,0,0,0.0
11.002099841204238,24,2,0.2663,0.0,3,1,0,0,0,0.191615
11.193714889342036,25,3,0.2663,0.191615,5,1,0,0,0,0.190814
11.38452866415699,26,4,0.2663,0.190814,7,1,0,0,0,-0.022098
11.362430604974213,27,5,0.2663,-0.022098,9,1,0,0,0,-0.073005
11.28942557306533,28,6,0.2663,-0.073005,0,1,0,0,0,-0.119927
11.16949829164579,29,7,0.2663,-0.119927,2,1,0,0,0,0.110741
11.280239329515696,30,8,0.2663,0.110741,0,1,0,0,0,0.047974
11.328213816026352,31,9,0.2663,0.047974,2,1,0,0,0,-0.13725
11.190963721377086,32,10,0.2663,-0.13725,4,1,0,0,0,-0.073684
11.117279977539472,33,11,0.2663,-0.073684,6,1,0,0,0,-0.057175
11.060105373021093,34,12,0.2663,-0.057175,8,1,0,0,0,0.572087
11.632192663012948,35,13,0.2663,0.572087,0,1,0,0,0,0.0909
11.723092707621754,36,14,0.2663,0.0909,0,1,0,0,0,0.496746
12.21983894161642,37,15,0.2663,0.496746,0,1,0,0,0,0.285153
12.50499236542832,38,16,0.2663,0.285153,2,1,0,0,0,0.005291
13.089982183364638,28,6,0.0,0.0,1,1,0,0,0,-0.251222
12.83876040069986,29,7,0.0,-0.251222,3,1,0,0,0,0.067828
12.906588641790682,30,8,0.0,0.067828,5,1,0,0,0,0.231456
13.138044272959814,31,9,0.0,0.231456,7,1,0,0,0,0.054163
13.192207138833316,32,10,0.0,0.054163,9,1,0,0,0,-0.013463
13.178744359277669,33,11,0.0,-0.013463,11,1,0,0,0,0.247081
13.425824883259251,34,12,0.0,0.247081,0,1,0,0,0,0.111364
13.537189229685852,35,13,0.0,0.111364,2,1,0,0,0,-0.012074
13.525114914100984,36,14,0.0,-0.012074,4,1,0,0,0,0.043457
13.568571913966132,37,15,0.0,0.043457,6,1,0,0,0,-0.028898
13.539673528658488,38,16,0.0,-0.028898,8,1,0,0,0,-0.022643
13.517030880519751,39,17,0.0,-0.022643,10,1,0,0,0,-0.026229
13.490801564337342,40,18,0.0,-0.026229,12,1,0,0,0,-0.075136
13.415665686999057,41,19,0.0,-0.075136,14,1,0,0,0,0.201168
13.616833519368164,42,20,0.0,0.201168,0,1,0,0,0,-0.102027
13.514806607150733,43,21,0.0,-0.102027,2,1,0,0,0,0.007091
13.329051836861773,28,6,0.6893,0.0,1,0,0,1,0,-0.541219
12.787832623703988,29,7,0.6893,-0.541219,3,0,0,1,0,0.304475
13.092307977920791,30,8,0.6893,0.304475,5,0,0,1,0,0.037057
13.129364735069878,31,9,0.6893,0.037057,7,0,0,1,0,-0.352585
12.776780187591221,32,10,0.6893,-0.352585,9,0,0,1,0,-0.254062
12.522718310367235,33,11,0.6893,-0.254062,11,0,0,1,0,0.269725
12.792443494580539,34,12,0.6893,0.269725,13,0,0,1,0,-0.402518
12.389925885408905,35,13,0.6893,-0.402518,15,0,0,1,0,-0.851735
11.538190637764616,36,14,0.6893,-0.851735,0,0,0,1,0,0.011704
11.549895115432102,37,15,0.6893,0.011704,2,0,0,1,0,0.243338
11.793233014477305,38,16,0.6893,0.243338,0,0,0,1,0,0.347989
12.141222169912089,39,17,0.6893,0.347989,2,0,0,1,0,0.444841
12.586063178198442,40,18,0.6893,0.444841,4,0,0,1,0,-0.397298
12.18876553933726,41,19,0.6893,-0.397298,6,0,0,1,0,-0.884628
11.304137249426462,42,20,0.6893,-0.884628,8,0,0,1,0,0.552245
11.856382205011945,43,21,0.6893,0.552245,10,0,0,1,0,0.617163
12.432344990469606,34,12,0.2834,0.0,1,1,0,0,1,0.196791
12.629136017505463,35,13,0.2834,0.196791,1,1,0,0,1,-0.012281
12.616854863908326,36,14,0.2834,-0.012281,0,1,0,0,1,0.091363
12.708217584748754,37,15,0.2834,0.091363,0,1,0,0,1,-0.139088
12.569129131434629,38,16,0.2834,-0.139088,1,1,0,0,1,0.001092
12.57022075434377,39,17,0.2834,0.001092,1,1,0,0,1,-0.339791
12.230429576486806,40,18,0.2834,-0.339791,1,1,0,0,1,0.116916
12.347345906081078,41,19,0.2834,0.116916,1,1,0,0,1,0.006282
12.353628095763929,42,20,0.2834,0.006282,1,1,0,0,1,0.167939
12.521567116690315,43,21,0.2834,0.167939,1,1,0,0,1,-0.048886
12.472681584432959,44,22,0.2834,-0.048886,1,1,0,0,1,0.283947
12.756628197509723,45,23,0.2834,0.283947,1,1,0,0,1,0.251667
13.00829556859498,46,24,0.2834,0.251667,1,1,0,0,1,0.170984
13.179279158137586,47,25,0.2834,0.170984,1,1,0,0,1,0.205724
13.385002670476755,48,26,0.2834,0.205724,1,1,0,0,1,0.301865
13.686867178018156,49,27,0.2834,0.301865,1,1,0,0,1,0.212152
12.810895291526432,33,11,0.0,0.0,1,1,0,0,1,0.106367
12.917261904834943,34,12,0.0,0.106367,3,1,0,0,1,0.013267
12.930528643230476,35,13,0.0,0.013267,5,1,0,0,1,-0.058118
12.8724108578442,36,14,0.0,-0.058118,7,1,0,0,1,0.008873
12.881284246149475,37,15,0.0,0.008873,0,1,0,0,1,0.077848
12.959132555042945,38,16,0.0,0.077848,2,1,0,0,1,-0.047343
12.91178932805083,39,17,0.0,-0.047343,4,1,0,0,1,0.012678
12.924467611413501,40,18,0.0,0.012678,0,1,0,0,1,0.093782
13.018250083447949,41,19,0.0,0.093782,2,1,0,0,1,0.086926
13.105176226822076,42,20,0.0,0.086926,4,1,0,0,1,0.169021
13.274197215604136,43,21,0.0,0.169021,0,1,0,0,1,0.162498
13.43669538397165,44,22,0.0,0.162498,2,1,0,0,1,0.115345
13.552040440927644,45,23,0.0,0.115345,4,1,0,0,1,0.111089
13.663129544131419,46,24,0.0,0.111089,6,1,0,0,1,0.155625
13.818754328940004,47,25,0.0,0.155625,8,1,0,0,1,-0.196556
13.622198659083404,48,26,0.0,-0.196556,10,1,0,0,1,0.097722
11.002099841204238,26,4,0.3311,0.0,1,1,0,0,1,0.0
11.002099841204238,27,5,0.3311,0.0,3,1,0,0,1,0.0
11.002099841204238,28,6,0.3311,0.0,5,1,0,0,1,0.0
11.002099841204238,29,7,0.3311,0.0,7,1,0,0,1,0.0
11.002099841204238,30,8,0.3311,0.0,9,1,0,0,1,0.0
11.002099841204238,31,9,0.3311,0.0,11,1,0,0,1,0.0
11.002099841204238,32,10,0.3311,0.0,13,1,0,0,1,0.0
11.002099841204238,33,11,0.3311,0.0,15,1,0,0,1,0.0
11.002099841204238,34,12,0.3311,0.0,17,1,0,0,1,0.0
11.002099841204238,35,13,0.3311,0.0,0,1,0,0,1,0.0
11.002099841204238,36,14,0.3311,0.0,0,1,0,0,1,0.081634
11.08373399119542,37,15,0.3311,0.081634,0,1,0,0,1,0.168014
11.251747613980275,38,16,0.3311,0.168014,2,1,0,0,1,-0.096339
11.155408841039451,39,17,0.3311,-0.096339,4,1,0,0,1,-0.153309
11.002099841204238,40,18,0.3311,-0.153309,6,1,0,0,1,0.103716
11.105815557292484,41,19,0.3311,0.103716,8,1,0,0,1,0.236626
13.071353247054091,24,2,0.4449,0.0,1,1,0,0,1,-0.054631
13.016721920426539,25,3,0.4449,-0.054631,3,1,0,0,1,0.044072
13.060793571250759,26,4,0.4449,0.044072,5,1,0,0,1,0.050507
13.111301063860225,27,5,0.4449,0.050507,7,1,0,0,1,0.001008
13.112309398968897,28,6,0.4449,0.001008,9,1,0,0,1,-0.034743
13.077566119776423,29,7,0.4449,-0.034743,0,1,0,0,1,-0.011748
13.065817670334345,30,8,0.4449,-0.011748,2,1,0,0,1,0.175341
13.241158682944551,31,9,0.4449,0.175341,4,1,0,0,1,-0.033442
13.207716601420987,32,10,0.4449,-0.033442,6,1,0,0,1,-0.162231
13.045486092896843,33,11,0.4449,-0.162231,8,1,0,0,1,0.079461
13.124946724569565,34,12,0.4449,0.079461,10,1,0,0,1,0.164767
13.28971335925093,35,13,0.4449,0.164767,12,1,0,0,1,0.072833
13.362546380341048,36,14,0.4449,0.072833,14,1,0,0,1,-0.111968
13.250577913387557,37,15,0.4449,-0.111968,16,1,0,0,1,-0.103532
13.147046054182438,38,16,0.4449,-0.103532,0,1,0,0,1,0.111141
13.258187020178108,39,17,0.4449,0.111141,2,1,0,0,1,0.086722
12.810986406995857,23,1,0.4033,0.0,1,1,0,0,0,-0.172049
12.638937754353885,24,2,0.4033,-0.172049,1,1,0,0,0,-0.225806
12.413131905645658,25,3,0.4033,-0.225806,1,1,0,0,0,0.218952
12.632083502415687,26,4,0.4033,0.218952,1,1,0,0,0,0.170339
12.802422299605428,27,5,0.4033,0.170339,1,1,0,0,0,0.0294
12.831822364610638,28,6,0.4033,0.0294,1,1,0,0,0,0.507198
13.339020163125952,29,7,0.4033,0.507198,0,1,0,0,0,0.058453
13.397473387471065,30,8,0.4033,0.058453,1,1,0,0,0,0.090098
13.487571199047721,31,9,0.4033,0.090098,1,1,0,0,0,-0.337557
13.150014031208292,32,10,0.4033,-0.337557,1,1,0,0,0,0.235023
13.385037332851507,33,11,0.4033,0.235023,0,1,0,0,0,0.04516
13.43019711866298,34,12,0.4033,0.04516,1,1,0,0,0,0.001388
13.431585212325158,35,13,0.4033,0.001388,1,1,0,0,0,0.150326
13.581911465294214,36,14,0.4033,0.150326,1,1,0,0,0,0.241073
13.822983983188683,37,15,0.4033,0.241073,1,1,0,0,0,0.160032
13.983015699377107,38,16,0.4033,0.160032,1,1,0,0,0,0.009231
11.508530176959543,28,6,0.3108,0.0,1,1,0,0,1,-0.173711
11.334819383334677,29,7,0.3108,-0.173711,3,1,0,0,1,-0.264798
11.070020958212034,30,8,0.3108,-0.264798,5,1,0,0,1,0.20411
11.274130484331554,31,9,0.3108,0.20411,0,1,0,0,1,-0.166557
11.107573858606859,32,10,0.3108,-0.166557,2,1,0,0,1,0.332115
11.439688834874854,33,11,0.3108,0.332115,4,1,0,0,1,0.432245
11.871933869639358,34,12,0.3108,0.432245,6,1,0,0,1,0.129353
12.001286767624975,35,13,0.3108,0.129353,8,1,0,0,1,0.096618
12.097904379669918,36,14,0.3108,0.096618,10,1,0,0,1,0.204718
12.30262222116375,37,15,0.3108,0.204718,12,1,0,0,1,0.168455
12.471077273324328,38,16,0.3108,0.168455,14,1,0,0,1,0.252575
12.723652285151452,39,17,0.3108,0.252575,16,1,0,0,1,0.244413
12.968065325978337,40,18,0.3108,0.244413,18,1,0,0,1,0.707807
13.675872260567303,41,19,0.3108,0.707807,0,1,0,0,1,0.09623
13.772102221831709,42,20,0.3108,0.09623,0,1,0,0,1,0.135675
13.907777535745344,43,21,0.3108,0.135675,2,1,0,0,1,0.122537
11.002099841204238,23,1,0.5143,0.0,1,0,1,0,0,0.161555
11.163655192101697,24,2,0.5143,0.161555,3,0,1,0,0,0.571591
11.735245818913725,25,3,0.5143,0.571591,5,0,1,0,0,0.521349
12.256594948316943,26,4,0.5143,0.521349,7,0,1,0,0,-0.081016
12.175578764311565,27,5,0.5143,-0.081016,9,0,1,0,0,0.012261
12.187839531993427,28,6,0.5143,0.012261,0,0,1,0,0,0.656252
12.844091454546602,29,7,0.5143,0.656252,0,0,1,0,0,0.229624
13.073715381317934,30,8,0.5143,0.229624,2,0,1,0,0,-0.129302
12.944413022484786,31,9,0.5143,-0.129302,0,0,1,0,0,-0.217202
12.72721096014934,32,10,0.5143,-0.217202,2,0,1,0,0,0.376547
13.103757577100147,33,11,0.5143,0.376547,4,0,1,0,0,0.53898
13.642737223483596,34,12,0.5143,0.53898,6,0,1,0,0,0.259077
13.901814439640942,35,13,0.5143,0.259077,8,0,1,0,0,0.454684
14.35649794508083,36,14,0.5143,0.454684,10,0,1,0,0,0.756282
15.112780072872754,37,15,0.5143,0.756282,12,0,1,0,0,-0.010296
15.102484065855563,38,16,0.5143,-0.010296,14,0,1,0,0,0.390799
12.244285969738204,27,5,0.2536,0.0,1,1,0,0,0,0.475528
12.719814138643391,28,6,0.2536,0.475528,0,1,0,0,0,0.621617
13.341431209062339,29,7,0.2536,0.621617,0,1,0,0,0,-0.040249
13.301182310658797,30,8,0.2536,-0.040249,2,1,0,0,0,0.126629
13.427811784190569,31,9,0.2536,0.126629,4,1,0,0,0,0.210693
13.63850490135645,32,10,0.2536,0.210693,6,1,0,0,0,-0.149344
13.489160515457284,33,11,0.2536,-0.149344,0,1,0,0,0,-0.080136
13.409024808211898,34,12,0.2536,-0.080136,2,1,0,0,0,0.153011
13.562035705624497,35,13,0.2536,0.153011,4,1,0,0,0,0.26086
13.822895962310122,36,14,0.2536,0.26086,6,1,0,0,0,-0.223382
13.599514341553204,37,15,0.2536,-0.223382,0,1,0,0,0,0.152218
13.751732579458043,38,16,0.2536,0.152218,2,1,0,0,0,0.009577
13.76130967245578,39,17,0.2536,0.009577,4,1,0,0,0,-0.015897
13.745412261714952,40,18,0.2536,-0.015897,6,1,0,0,0,0.101195
13.84660720529079,41,19,0.2536,0.101195,8,1,0,0,0,0.152227
13.998833774707663,42,20,0.2536,0.152227,10,1,0,0,0,0.432866
11.002099841204238,32,10,0.108,0.0,1,1,0,0,0,0.0
11.002099841204238,33,11,0.108,0.0,1,1,0,0,0,0.0
11.002099841204238,34,12,0.108,0.0,0,1,0,0,0,0.0
11.002099841204238,35,13,0.108,0.0,1,1,0,0,0,0.0
11.002099841204238,36,14,0.108,0.0,1,1,0,0,0,0.0
11.002099841204238,37,15,0.108,0.0,0,1,0,0,0,0.11156
11.113659805895503,38,16,0.108,0.11156,1,1,0,0,0,0.195967
11.309626975998741,39,17,0.108,0.195967,1,1,0,0,0,0.079488
11.389115299440489,40,18,0.108,0.079488,1,1,0,0,0,-0.029079
11.36003637788774,41,19,0.108,-0.029079,1,1,0,0,0,0.095529
11.455565764678893,42,20,0.108,0.095529,0,1,0,0,0,-0.252141
11.203425042829247,43,21,0.108,-0.252141,1,1,0,0,0,0.042007
11.245431898035921,44,22,0.108,0.042007,1,1,0,0,0,0.077683
11.323115222410365,45,23,0.108,0.077683,1,1,0,0,0,-0.188714
11.134401141358659,46,24,0.108,-0.188714,1,1,0,0,0,-0.059732
11.074669041724157,47,25,0.108,-0.059732,1,1,0,0,0,0.225887
12.168959938975208,29,7,0.2345,0.0,1,1,0,0,1,0.131592
12.300551666658405,30,8,0.2345,0.131592,3,1,0,0,1,0.065421
12.365973124359153,31,9,0.2345,0.065421,5,1,0,0,1,0.224728
12.590700641171189,32,10,0.2345,0.224728,7,1,0,0,1,0.332037
12.922737730292415,33,11,0.2345,0.332037,9,1,0,0,1,0.210062
13.132800032299258,34,12,0.2345,0.210062,11,1,0,0,1,0.180559
13.31335859353063,35,13,0.2345,0.180559,13,1,0,0,1,-0.00196
13.311398953413478,36,14,0.2345,-0.00196,15,1,0,0,1,0.494807
13.806206185475538,37,15,0.2345,0.494807,0,1,0,0,1,0.186308
13.992514027663784,38,16,0.2345,0.186308,2,1,0,0,1,0.205751
14.198264835508095,39,17,0.2345,0.205751,0,1,0,0,1,0.045127
14.243391400994343,40,18,0.2345,0.045127,2,1,0,0,1,0.166103
14.40949405895547,41,19,0.2345,0.166103,4,1,0,0,1,0.215718
14.62521156476611,42,20,0.2345,0.215718,6,1,0,0,1,0.244215
14.869426715262858,43,21,0.2345,0.244215,8,1,0,0,1,0.092285
14.961711800701583,44,22,0.2345,0.092285,10,1,0,0,1,0.248293
13.019295526346973,33,11,0.0172,0.0,1,1,0,0,0,0.020828
13.040123467341594,34,12,0.0172,0.020828,3,1,0,0,0,-0.208437
12.831685986171385,35,13,0.0172,-0.208437,5,1,0,0,0,-0.08032
12.751365982849922,36,14,0.0172,-0.08032,7,1,0,0,0,0.269055
13.020421294829159,37,15,0.0172,0.269055,0,1,0,0,0,0.137398
13.157818854917291,38,16,0.0172,0.137398,2,1,0,0,0,0.174234
13.332053136308046,39,17,0.0172,0.174234,4,1,0,0,0,0.196005
13.528058355442639,40,18,0.0172,0.196005,6,1,0,0,0,0.073018
13.601076129261415,41,19,0.0172,0.073018,8,1,0,0,0,0.055946
13.657021758052892,42,20,0.0172,0.055946,10,1,0,0,0,0.03575
13.692771364351165,43,21,0.0172,0.03575,12,1,0,0,0,0.106332
13.799103860579743,44,22,0.0172,0.106332,14,1,0,0,0,0.112904
13.912008018969905,45,23,0.0172,0.112904,16,1,0,0,0,0.013603
13.925611268416,46,24,0.0172,0.013603,18,1,0,0,0,0.250404
14.176015673044093,47,25,0.0172,0.250404,20,1,0,0,0,0.359096
14.535111479590341,48,26,0.0172,0.359096,22,1,0,0,0,0.279162
12.153330767906283,24,2,0.2531,0.0,1,1,0,0,0,0.136322
12.289653208599024,25,3,0.2531,0.136322,3,1,0,0,0,0.181438
12.471091344034537,26,4,0.2531,0.181438,5,1,0,0,0,0.033485
12.504576709487154,27,5,0.2531,0.033485,7,1,0,0,0,0.150211
12.654787423800599,28,6,0.2531,0.150211,9,1,0,0,0,0.261924
12.916711100031506,29,7,0.2531,0.261924,11,1,0,0,0,0.222118
13.138828677160834,30,8,0.2531,0.222118,13,1,0,0,0,0.227268
13.366096194308836,31,9,0.2531,0.227268,15,1,0,0,0,0.431619
13.797715247694645,32,10,0.2531,0.431619,0,1,0,0,0,0.310872
14.108587507218788,33,11,0.2531,0.310872,2,1,0,0,0,-0.054997
14.053590916190123,34,12,0.2531,-0.054997,4,1,0,0,0,-0.172441
13.881149672614082,35,13,0.2531,-0.172441,6,1,0,0,0,0.043938
13.925087526218576,36,14,0.2531,0.043938,8,1,0,0,0,-0.042137
13.882950187906019,37,15,0.2531,-0.042137,10,1,0,0,0,0.058513
13.94146367736907,38,16,0.2531,0.058513,12,1,0,0,0,-0.007577
13.933886300190686,39,17,0.2531,-0.007577,14,1,0,0,0,0.366201
12.268586836567858,25,3,0.0709,0.0,1,1,0,0,1,0.229483
12.498069823499435,26,4,0.0709,0.229483,1,1,0,0,1,0.085466
12.583535603189404,27,5,0.0709,0.085466,0,1,0,0,1,0.066243
12.64977819696709,28,6,0.0709,0.066243,1,1,0,0,1,0.069505
12.719283569655994,29,7,0.0709,0.069505,1,1,0,0,1,0.172775
12.892058236687486,30,8,0.0709,0.172775,1,1,0,0,1,0.230474
13.1225326215688,31,9,0.0709,0.230474,1,1,0,0,1,0.10205
13.224582565453716,32,10,0.0709,0.10205,1,1,0,0,1,0.058411
13.282993859146499,33,11,0.0709,0.058411,0,1,0,0,1,0.062391
13.34538447207786,34,12,0.0709,0.062391,1,1,0,0,1,0.25048
13.59586406787256,35,13,0.0709,0.25048,1,1,0,0,1,0.090927
13.686790770872618,36,14,0.0709,0.090927,1,1,0,0,1,0.068889
13.755679425285404,37,15,0.0709,0.068889,1,1,0,0,1,-0.144056
13.611623613282733,38,16,0.0709,-0.144056,1,1,0,0,1,-0.047015
13.564608552089272,39,17,0.0709,-0.047015,1,1,0,0,1,0.001987
13.566595301378102,40,18,0.0709,0.001987,1,1,0,0,1,0.087141
11.570132441025644,29,7,0.2596,0.0,1,1,0,0,1,0.250152
11.820284597615704,30,8,0.2596,0.250152,3,1,0,0,1,0.391554
12.211838588153903,31,9,0.2596,0.391554,0,1,0,0,1,0.164122
12.375960819211066,32,10,0.2596,0.164122,2,1,0,0,1,0.274675
12.650635911258671,33,11,0.2596,0.274675,4,1,0,0,1,0.179507
12.830142636919634,34,12,0.2596,0.179507,0,1,0,0,1,0.297787
13.127930077203844,35,13,0.2596,0.297787,2,1,0,0,1,0.107911
13.235841095596625,36,14,0.2596,0.107911,4,1,0,0,1,0.317045
13.552885934069531,37,15,0.2596,0.317045,6,1,0,0,1,0.004708
13.557594417183939,38,16,0.2596,0.004708,8,1,0,0,1,-0.093403
13.464191536011004,39,17,0.2596,-0.093403,10,1,0,0,1,-0.243032
13.221159518581215,40,18,0.2596,-0.243032,12,1,0,0,1,0.327993
13.549152060620571,41,19,0.2596,0.327993,14,1,0,0,1,0.229848
13.779000185214802,42,20,0.2596,0.229848,16,1,0,0,1,0.432387
14.211387478654201,43,21,0.2596,0.432387,18,1,0,0,1,0.313505
14.524892152008496,44,22,0.2596,0.313505,20,1,0,0,1,0.107757
12.004406274493942,22,0,0.4104,0.0,1,0,0,1,0,0.480042
12.484448272190274,23,1,0.4104,0.480042,3,0,0,1,0,-0.049471
12.434977724674614,24,2,0.4104,-0.049471,5,0,0,1,0,0.184735
12.61971298705158,25,3,0.4104,0.184735,7,0,0,1,0,0.225589
12.845301807034419,26,4,0.4104,0.225589,9,0,0,1,0,0.110857
12.956158341910884,27,5,0.4104,0.110857,0,0,0,1,0,0.863555
13.81971286036863,28,6,0.4104,0.863555,0,0,0,1,0,0.590353
14.410065709130771,29,7,0.4104,0.590353,2,0,0,1,0,0.398857
14.808922520457084,30,8,0.4104,0.398857,4,0,0,1,0,0.146733
14.95565598091819,31,9,0.4104,0.146733,6,0,0,1,0,0.17264
15.128295660111178,32,10,0.4104,0.17264,8,0,0,1,0,-0.616196
14.512100013432171,33,11,0.4104,-0.616196,10,0,0,1,0,-0.111366
14.400733588761694,34,12,0.4104,-0.111366,12,0,0,1,0,0.627171
15.027904480944295,35,13,0.4104,0.627171,14,0,0,1,0,0.026379
15.054283145758966,36,14,0.4104,0.026379,16,0,0,1,0,-0.232307
14.821976632730403,37,15,0.4104,-0.232307,18,0,0,1,0,-0.503337
11.43228106815134,23,1,0.0,0.0,1,1,0,0,1,0.39639
11.828671278621567,24,2,0.0,0.39639,0,1,0,0,1,0.096315
11.92498592156812,25,3,0.0,0.096315,2,1,0,0,1,-0.082313
11.842673395330323,26,4,0.0,-0.082313,4,1,0,0,1,-0.119638
11.723034986310177,27,5,0.0,-0.119638,6,1,0,0,1,0.149125
11.872160232637459,28,6,0.0,0.149125,8,1,0,0,1,0.235059
12.107219519091654,29,7,0.0,0.235059,10,1,0,0,1,0.225753
12.332972795556156,30,8,0.0,0.225753,12,1,0,0,1,0.401205
12.734178129765276,31,9,0.0,0.401205,0,1,0,0,1,0.095895
12.830073209547423,32,10,0.0,0.095895,2,1,0,0,1,0.422208
13.252281190445794,33,11,0.0,0.422208,0,1,0,0,1,0.070078
13.322359123413172,34,12,0.0,0.070078,2,1,0,0,1,0.247513
13.569871704604461,35,13,0.0,0.247513,4,1,0,0,1,0.518675
14.08854646409731,36,14,0.0,0.518675,6,1,0,0,1,0.288811
14.377357629476991,37,15,0.0,0.288811,8,1,0,0,1,0.004874
14.382231479355791,38,16,0.0,0.004874,10,1,0,0,1,0.150282
12.481731111206377,26,4,0.065,0.0,1,1,0,0,1,0.295508
12.77723870323416,27,5,0.065,0.295508,1,1,0,0,1,0.275925
13.053164108240571,28,6,0.065,0.275925,0,1,0,0,1,0.40281
13.455974109920781,29,7,0.065,0.40281,0,1,0,0,1,0.088279
13.54425319744416,30,8,0.065,0.088279,0,1,0,0,1,0.050135
13.594388514086171,31,9,0.065,0.050135,1,1,0,0,1,-0.119434
13.474954503165264,32,10,0.065,-0.119434,1,1,0,0,1,0.138478
13.613432573505746,33,11,0.065,0.138478,1,1,0,0,1,0.038714
13.652146351318196,34,12,0.065,0.038714,1,1,0,0,1,0.125104
13.777250353453036,35,13,0.065,0.125104,1,1,0,0,1,0.335241
14.112491040211516,36,14,0.065,0.335241,1,1,0,0,1,0.283682
14.396172817398789,37,15,0.065,0.283682,1,1,0,0,1,0.133352
14.529524743082218,38,16,0.065,0.133352,1,1,0,0,1,-0.05526
14.474265152149352,39,17,0.065,-0.05526,1,1,0,0,1,-0.002133
14.472132625135727,40,18,0.065,-0.002133,1,1,0,0,1,0.109333
14.581465394299828,41,19,0.065,0.109333,1,1,0,0,1,0.381405
11.460027386862587,30,8,0.168,0.0,1,1,0,0,0,-0.024898
11.435129201412739,31,9,0.168,-0.024898,3,1,0,0,0,0.017286
11.452415024389435,32,10,0.168,0.017286,5,1,0,0,0,0.46109
11.91350516334358,33,11,0.168,0.46109,0,1,0,0,0,0.022881
11.93638651554726,34,12,0.168,0.022881,2,1,0,0,0,0.348276
12.284662056807946,35,13,0.168,0.348276,4,1,0,0,0,0.465918
12.750580029235545,36,14,0.168,0.465918,6,1,0,0,0,0.452394
13.202974192476214,37,15,0.168,0.452394,0,1,0,0,0,0.210263
13.413236871943747,38,16,0.168,0.210263,2,1,0,0,0,0.034285
13.447522217108462,39,17,0.168,0.034285,4,1,0,0,0,0.108258
13.55578053796311,40,18,0.168,0.108258,6,1,0,0,0,0.088042
13.643822175289673,41,19,0.168,0.088042,8,1,0,0,0,0.022266
13.666087975493875,42,20,0.168,0.022266,10,1,0,0,0,0.011309
13.67739668030307,43,21,0.168,0.011309,12,1,0,0,0,0.096546
13.77394311042673,44,22,0.168,0.096546,14,1,0,0,0,-0.021963
13.751980078754405,45,23,0.168,-0.021963,16,1,0,0,0,0.027064
13.54954491943678,33,11,0.6159,0.0,1,0,1,0,0,-0.080507
13.469038106607528,34,12,0.6159,-0.080507,3,0,1,0,0,-0.127541
13.341496624181005,35,13,0.6159,-0.127541,5,0,1,0,0,0.006373
13.347869708308211,36,14,0.6159,0.006373,7,0,1,0,0,-0.146134
13.201735817482094,37,15,0.6159,-0.146134,9,0,1,0,0,-0.106281
13.095455107858543,38,16,0.6159,-0.106281,0,0,1,0,0,0.086526
13.18198145036311,39,17,0.6159,0.086526,2,0,1,0,0,-0.102517
13.079464402803941,40,18,0.6159,-0.102517,4,0,1,0,0,-0.36454
12.714924215579213,41,19,0.6159,-0.36454,6,0,1,0,0,-0.19645
12.5184742768566,42,20,0.6159,-0.19645,8,0,1,0,0,-0.403742
12.114732032843076,43,21,0.6159,-0.403742,10,0,1,0,0,0.036968
12.151700039579788,44,22,0.6159,0.036968,12,0,1,0,0,-0.022596
12.129104065513822,45,23,0.6159,-0.022596,14,0,1,0,0,-0.01964
12.109463792330613,46,24,0.6159,-0.01964,16,0,1,0,0,-0.270618
11.838845746046752,47,25,0.6159,-0.270618,18,0,1,0,0,-0.007515
11.831330804707248,48,26,0.6159,-0.007515,20,0,1,0,0,0.106128
14.975697350666591,32,10,0.5622,0.0,1,0,1,0,0,-0.60195
14.373747424669194,33,11,0.5622,-0.60195,3,0,1,0,0,0.083676
14.457423772574305,34,12,0.5622,0.083676,5,0,1,0,0,0.433791
14.891215235103616,35,13,0.5622,0.433791,7,0,1,0,0,-0.271245
14.619970093526607,36,14,0.5622,-0.271245,9,0,1,0,0,0.095881
14.715851179327977,37,15,0.5622,0.095881,11,0,1,0,0,-0.046757
14.669094130715532,38,16,0.5622,-0.046757,13,0,1,0,0,-0.044099
14.624995089696364,39,17,0.5622,-0.044099,15,0,1,0,0,0.281879
14.906874546953148,40,18,0.5622,0.281879,0,0,1,0,0,0.077893
14.984767075333128,41,19,0.5622,0.077893,2,0,1,0,0,0.209888
15.19465513915818,42,20,0.5622,0.209888,4,0,1,0,0,-0.274381
14.920274021767748,43,21,0.5622,-0.274381,6,0,1,0,0,0.023883
14.944156770472176,44,22,0.5622,0.023883,8,0,1,0,0,-0.213162
14.730994533529458,45,23,0.5622,-0.213162,0,0,1,0,0,-0.185561
14.545433901396114,46,24,0.5622,-0.185561,2,0,1,0,0,-0.079947
14.465487165000633,47,25,0.5622,-0.079947,4,0,1,0,0,-0.771638
12.347802353147623,23,1,0.2113,0.0,1,1,0,0,0,0.080257
12.428059705691828,24,2,0.2113,0.080257,3,1,0,0,0,0.499323
12.92738244106874,25,3,0.2113,0.499323,0,1,0,0,0,0.076334
13.00371676105113,26,4,0.2113,0.076334,0,1,0,0,0,0.116427
13.120144238604366,27,5,0.2113,0.116427,0,1,0,0,0,0.213315
13.333459287840315,28,6,0.2113,0.213315,2,1,0,0,0,0.117252
13.450711558024473,29,7,0.2113,0.117252,4,1,0,0,0,-0.137675
13.313036059110026,30,8,0.2113,-0.137675,6,1,0,0,0,0.223765
13.536801536638661,31,9,0.2113,0.223765,8,1,0,0,0,0.259961
13.796763014666976,32,10,0.2113,0.259961,0,1,0,0,0,-0.040476
13.756286792295668,33,11,0.2113,-0.040476,2,1,0,0,0,-0.007476
13.748810809516774,34,12,0.2113,-0.007476,0,1,0,0,0,0.112027
13.8608376406066,35,13,0.2113,0.112027,2,1,0,0,0,-0.019161
13.841676940468108,36,14,0.2113,-0.019161,0,1,0,0,0,0.123153
13.96483039884841,37,15,0.2113,0.123153,2,1,0,0,0,0.357984
14.322814064163678,38,16,0.2113,0.357984,4,1,0,0,0,-0.038449
11.002099841204238,27,5,0.9658,0.0,1,0,1,0,1,0.0
11.002099841204238,28,6,0.9658,0.0,3,0,1,0,1,0.0
11.002099841204238,29,7,0.9658,0.0,5,0,1,0,1,0.0
11.002099841204238,30,8,0.9658,0.0,7,0,1,0,1,0.0
11.002099841204238,31,9,0.9658,0.0,0,0,1,0,1,0.494203
11.496303266212504,32,10,0.9658,0.494203,2,0,1,0,1,0.911155
12.407457938251726,33,11,0.9658,0.911155,0,0,1,0,1,0.541925
12.949383030725206,34,12,0.9658,0.541925,2,0,1,0,1,0.345867
13.295249995725145,35,13,0.9658,0.345867,4,0,1,0,1,-0.383415
12.911835111894653,36,14,0.9658,-0.383415,6,0,1,0,1,-0.408661
12.503174447713281,37,15,0.9658,-0.408661,8,0,1,0,1,0.431974
12.935148799975384,38,16,0.9658,0.431974,10,0,1,0,1,0.172864
13.108012582416752,39,17,0.9658,0.172864,12,0,1,0,1,0.737066
13.845078264550642,40,18,0.9658,0.737066,14,0,1,0,1,0.517671
14.362748859420059,41,19,0.9658,0.517671,16,0,1,0,1,0.726889
15.089637685587626,42,20,0.9658,0.726889,18,0,1,0,1,-0.666364
11.725804094297091,29,7,0.6886,0.0,1,0,1,0,1,0.670285
12.396088924879821,30,8,0.6886,0.670285,3,0,1,0,1,0.320985
12.717073677758345,31,9,0.6886,0.320985,5,0,1,0,1,-0.079529
12.637544792715191,32,10,0.6886,-0.079529,7,0,1,0,1,0.275588
12.913133231691864,33,11,0.6886,0.275588,9,0,1,0,1,0.05062
12.963753251140094,34,12,0.6886,0.05062,0,0,1,0,1,-0.060974
12.902779722313655,35,13,0.6886,-0.060974,2,0,1,0,1,0.271137
13.173916386538426,36,14,0.6886,0.271137,4,0,1,0,1,0.602738
13.77665434196333,37,15,0.6886,0.602738,6,0,1,0,1,0.525173
14.301827313212623,38,16,0.6886,0.525173,8,0,1,0,1,-0.1617
14.140126978089611,39,17,0.6886,-0.1617,10,0,1,0,1,0.00172
14.141846719452161,40,18,0.6886,0.00172,0,0,1,0,1,0.454406
14.59625315152074,41,19,0.6886,0.454406,0,0,1,0,1,-0.402763
14.193490063956784,42,20,0.6886,-0.402763,2,0,1,0,1,-0.568998
13.624491872266224,43,21,0.6886,-0.568998,4,0,1,0,1,1.146855
14.771346621492718,44,22,0.6886,1.146855,6,0,1,0,1,-0.25523
14.8543160411861,34,12,0.7435,0.0,1,0,0,1,0,-1.28603
13.568286118793706,35,13,0.7435,-1.28603,1,0,0,1,0,-0.576493
12.99179350032194,36,14,0.7435,-0.576493,1,0,0,1,0,-0.759413
12.23238017864184,37,15,0.7435,-0.759413,0,0,0,1,0,0.349743
12.582123333300132,38,16,0.7435,0.349743,1,0,0,1,0,-0.33081
12.251313384451645,39,17,0.7435,-0.33081,1,0,0,1,0,1.324289
13.5756019199303,40,18,0.7435,1.324289,0,0,0,1,0,0.330413
13.906014685173467,41,19,0.7435,0.330413,1,0,0,1,0,-0.291345
13.61466991052138,42,20,0.7435,-0.291345,1,0,0,1,0,0.154359
13.769029410011743,43,21,0.7435,0.154359,0,0,0,1,0,-0.234859
13.534170656220326,44,22,0.7435,-0.234859,1,0,0,1,0,-1.092058
12.442112259836682,45,23,0.7435,-1.092058,0,0,0,1,0,0.193741
12.635852990353207,46,24,0.7435,0.193741,1,0,0,1,0,-0.052897
12.58295615183944,47,25,0.7435,-0.052897,1,0,0,1,0,0.21416
12.797115903929319,48,26,0.7435,0.21416,0,0,0,1,0,0.804947
13.602063129203142,49,27,0.7435,0.804947,1,0,0,1,0,0.147677
11.829458616518792,24,2,0.35,0.0,1,0,0,1,0,0.441848
12.271306390001063,25,3,0.35,0.441848,3,0,0,1,0,0.238882
12.510188120474067,26,4,0.35,0.238882,5,0,0,1,0,0.754925
13.265113510198384,27,5,0.35,0.754925,7,0,0,1,0,0.299766
13.564879222712591,28,6,0.35,0.299766,9,0,0,1,0,-0.320104
13.244775682025999,29,7,0.35,-0.320104,11,0,0,1,0,-0.321538
12.923237384263995,30,8,0.35,-0.321538,13,0,0,1,0,0.474888
13.398125630615041,31,9,0.35,0.474888,15,0,0,1,0,-0.372995
13.025130424313883,32,10,0.35,-0.372995,17,0,0,1,0,0.096527
13.12165773525338,33,11,0.35,0.096527,19,0,0,1,0,-0.567107
12.554551005141995,34,12,0.35,-0.567107,0,0,0,1,0,-0.927137
11.62741443563846,35,13,0.35,-0.927137,2,0,0,1,0,0.136554
11.76396868289126,36,14,0.35,0.136554,0,0,0,1,0,0.208974
11.97294263563279,37,15,0.35,0.208974,2,0,0,1,0,-0.539089
11.43385385640628,38,16,0.35,-0.539089,4,0,0,1,0,-0.186212
11.247641427711105,39,17,0.35,-0.186212,6,0,0,1,0,-0.076941
11.574060080322397,30,8,0.8959,0.0,1,0,1,0,1,-0.57196
11.002099841204238,31,9,0.8959,-0.57196,0,0,1,0,1,0.214943
11.217042469540754,32,10,0.8959,0.214943,0,0,1,0,1,0.50994
11.726982712766082,33,11,0.8959,0.50994,2,0,1,0,1,0.293812
12.020795171774017,34,12,0.8959,0.293812,4,0,1,0,1,0.803289
12.82408369731395,35,13,0.8959,0.803289,6,0,1,0,1,0.220507
13.044591074979135,36,14,0.8959,0.220507,0,0,1,0,1,0.412704
13.457295479814956,37,15,0.8959,0.412704,2,0,1,0,1,0.078872
13.53616718062456,38,16,0.8959,0.078872,0,0,1,0,1,0.065008
13.601174685742185,39,17,0.8959,0.065008,2,0,1,0,1,-0.057716
13.54345847109482,40,18,0.8959,-0.057716,4,0,1,0,1,-0.520351
13.023107414901467,41,19,0.8959,-0.520351,6,0,1,0,1,-0.347508
12.675599434855727,42,20,0.8959,-0.347508,8,0,1,0,1,0.30463
12.980229110673244,43,21,0.8959,0.30463,10,0,1,0,1,0.409848
13.390077513220774,44,22,0.8959,0.409848,12,0,1,0,1,-0.051768
13.338309404793442,45,23,0.8959,-0.051768,14,0,1,0,1,0.787691
11.196156662716993,33,11,0.0852,0.0,1,1,0,0,0,0.231216
11.427372484769268,34,12,0.0852,0.231216,3,1,0,0,0,0.448324
11.87569690693835,35,13,0.0852,0.448324,5,1,0,0,0,0.443085
12.318781828338642,36,14,0.0852,0.443085,0,1,0,0,0,0.390799
12.709580920122963,37,15,0.0852,0.390799,2,1,0,0,0,0.175584
12.885164622862465,38,16,0.0852,0.175584,4,1,0,0,0,0.21971
13.104874196161052,39,17,0.0852,0.21971,6,1,0,0,0,0.099072
13.203946042867816,40,18,0.0852,0.099072,8,1,0,0,0,0.06571
13.269656177711639,41,19,0.0852,0.06571,10,1,0,0,0,0.666375
13.936030958558934,42,20,0.0852,0.666375,0,1,0,0,0,0.383578
14.319609200513101,43,21,0.0852,0.383578,0,1,0,0,0,0.234832
14.554440865739783,44,22,0.0852,0.234832,2,1,0,0,0,0.42686
14.981300387315656,45,23,0.0852,0.42686,0,1,0,0,0,0.218905
15.200205137182184,46,24,0.0852,0.218905,2,1,0,0,0,0.006132
15.206337035326868,47,25,0.0852,0.006132,4,1,0,0,0,0.130133
15.336470531950116,48,26,0.0852,0.130133,6,1,0,0,0,-0.055287
12.671900597967982,33,11,0.3251,0.0,1,1,0,0,0,0.033006
12.704906459846134,34,12,0.3251,0.033006,3,1,0,0,0,0.071651
12.776557787188167,35,13,0.3251,0.071651,5,1,0,0,0,-0.132013
12.64454505597592,36,14,0.3251,-0.132013,7,1,0,0,0,0.135779
12.780324243264085,37,15,0.3251,0.135779,9,1,0,0,0,0.204105
12.984429227377852,38,16,0.3251,0.204105,11,1,0,0,0,0.077504
13.061933559811608,39,17,0.3251,0.077504,0,1,0,0,0,0.226893
13.288826823441257,40,18,0.3251,0.226893,2,1,0,0,0,0.410242
13.699068681198307,41,19,0.3251,0.410242,4,1,0,0,0,0.054661
13.753730018082514,42,20,0.3251,0.054661,6,1,0,0,0,0.053503
13.807233172799569,43,21,0.3251,0.053503,8,1,0,0,0,-0.166151
13.641081796843602,44,22,0.3251,-0.166151,10,1,0,0,0,-0.014756
13.6263253476695,45,23,0.3251,-0.014756,12,1,0,0,0,0.207743
13.834068065728355,46,24,0.3251,0.207743,14,1,0,0,0,0.350694
14.184761951578372,47,25,0.3251,0.350694,0,1,0,0,0,0.295805
14.48056652931641,48,26,0.3251,0.295805,2,1,0,0,0,0.159265
12.485814417545814,30,8,0.4841,0.0,1,1,0,0,0,0.028696
12.51451056524879,31,9,0.4841,0.028696,3,1,0,0,0,0.330109
12.844619285960116,32,10,0.4841,0.330109,5,1,0,0,0,0.044867
12.889486734214016,33,11,0.4841,0.044867,7,1,0,0,0,0.357338
13.24682455094551,34,12,0.4841,0.357338,9,1,0,0,0,0.281815
13.52863966651306,35,13,0.4841,0.281815,11,1,0,0,0,-0.037014
13.49162531583651,36,14,0.4841,-0.037014,13,1,0,0,0,0.283245
13.774870560049077,37,15,0.4841,0.283245,0,1,0,0,0,-0.09071
13.684160465486205,38,16,0.4841,-0.09071,2,1,0,0,0,0.083193
13.767353175318073,39,17,0.4841,0.083193,4,1,0,0,0,0.072988
13.840341322824395,40,18,0.4841,0.072988,6,1,0,0,0,0.059214
13.899555215582541,41,19,0.4841,0.059214,8,1,0,0,0,0.028612
13.928166778295244,42,20,0.4841,0.028612,10,1,0,0,0,-0.250511
13.677656230575977,43,21,0.4841,-0.250511,12,1,0,0,0,0.39608
14.073736173655465,44,22,0.4841,0.39608,14,1,0,0,0,0.342233
14.415968740369319,45,23,0.4841,0.342233,16,1,0,0,0,0.244076
12.354008654935473,25,3,0.0328,0.0,1,1,0,0,1,0.08489
12.438899087429501,26,4,0.0328,0.08489,3,1,0,0,1,0.104046
12.542944903017068,27,5,0.0328,0.104046,5,1,0,0,1,-0.017293
12.525651554242478,28,6,0.0328,-0.017293,7,1,0,0,1,-0.001659
12.52399239283731,29,7,0.0328,-0.001659,9,1,0,0,1,0.193217
12.717209763784801,30,8,0.0328,0.193217,11,1,0,0,1,0.113496
12.830705528868524,31,9,0.0328,0.113496,13,1,0,0,1,0.234146
13.06485182118292,32,10,0.0328,0.234146,15,1,0,0,1,0.21846
13.283312137843302,33,11,0.0328,0.21846,17,1,0,0,1,0.217192
13.500503841647992,34,12,0.0328,0.217192,19,1,0,0,1,0.005256
13.505760229341584,35,13,0.0328,0.005256,21,1,0,0,1,0.040202
13.545961878714149,36,14,0.0328,0.040202,23,1,0,0,1,-0.042704
13.503257618756118,37,15,0.0328,-0.042704,25,1,0,0,1,0.016327
13.5195850398225,38,16,0.0328,0.016327,0,1,0,0,1,-0.068215
13.451370421892035,39,17,0.0328,-0.068215,2,1,0,0,1,-0.083712
13.367657971035475,40,18,0.0328,-0.083712,4,1,0,0,1,-0.052619
12.882199693512574,34,12,0.4927,0.0,1,1,0,0,1,0.103991
12.986190682783793,35,13,0.4927,0.103991,0,1,0,0,1,-0.161774
12.824416892839766,36,14,0.4927,-0.161774,2,1,0,0,1,-0.04012
12.7842969120767,37,15,0.4927,-0.04012,4,1,0,0,1,0.195983
12.98028026513434,38,16,0.4927,0.195983,6,1,0,0,1,0.243808
13.224087954014427,39,17,0.4927,0.243808,8,1,0,0,1,0.177864
13.401952449270318,40,18,0.4927,0.177864,10,1,0,0,1,0.142069
13.544021866926386,41,19,0.4927,0.142069,12,1,0,0,1,0.148227
13.69224862639953,42,20,0.4927,0.148227,14,1,0,0,1,0.122102
13.814350776150915,43,21,0.4927,0.122102,16,1,0,0,1,-0.21985
13.594501014014314,44,22,0.4927,-0.21985,18,1,0,0,1,-0.057036
13.537464802619699,45,23,0.4927,-0.057036,20,1,0,0,1,0.043253
13.580718083376482,46,24,0.4927,0.043253,22,1,0,0,1,-0.188898
13.391820235834285,47,25,0.4927,-0.188898,24,1,0,0,1,-0.096629
13.295191121489985,48,26,0.4927,-0.096629,26,1,0,0,1,0.23808
13.533271318989268,49,27,0.4927,0.23808,28,1,0,0,1,-0.003791
12.736719238669261,32,10,0.128,0.0,1,1,0,0,0,0.246842
12.983561015710341,33,11,0.128,0.246842,3,1,0,0,0,-0.036329
12.947231657441716,34,12,0.128,-0.036329,5,1,0,0,0,0.101181
13.048412212464353,35,13,0.128,0.101181,0,1,0,0,0,0.073035
13.121447232216992,36,14,0.128,0.073035,2,1,0,0,0,-0.022109
13.09933816876521,37,15,0.128,-0.022109,4,1,0,0,0,-0.018363
13.080974810435839,38,16,0.128,-0.018363,6,1,0,0,0,0.310716
13.391690949499285,39,17,0.128,0.310716,8,1,0,0,0,0.08722
13.478910925850377,40,18,0.128,0.08722,10,1,0,0,0,0.03455
13.513461294225143,41,19,0.128,0.03455,12,1,0,0,0,-0.020604
13.49285711311717,42,20,0.128,-0.020604,0,1,0,0,0,-0.08879
13.404067588622919,43,21,0.128,-0.08879,2,1,0,0,0,-0.127311
13.276757058827613,44,22,0.128,-0.127311,4,1,0,0,0,-0.141632
13.135125264912686,45,23,0.128,-0.141632,6,1,0,0,0,-0.024591
13.110534022360673,46,24,0.128,-0.024591,8,1,0,0,0,-0.007449
13.103085247133903,47,25,0.128,-0.007449,10,1,0,0,0,0.038642
12.57510069175148,24,2,0.5398,0.0,1,1,0,0,0,0.317355
12.892456180350441,25,3,0.5398,0.317355,1,1,0,0,0,0.202762
13.095218136389306,26,4,0.5398,0.202762,1,1,0,0,0,0.040284
13.135502574490134,27,5,0.5398,0.040284,1,1,0,0,0,-0.037714
13.097788640858145,28,6,0.5398,-0.037714,1,1,0,0,0,0.01585
13.113638770026697,29,7,0.5398,0.01585,1,1,0,0,0,0.37691
13.490549102613594,30,8,0.5398,0.37691,1,1,0,0,0,0.210368
13.70091703583761,31,9,0.5398,0.210368,0,1,0,0,0,0.074085
13.775002202247464,32,10,0.5398,0.074085,1,1,0,0,0,-0.204208
13.57079380227796,33,11,0.5398,-0.204208,0,1,0,0,0,0.115149
13.685942588849331,34,12,0.5398,0.115149,1,1,0,0,0,0.105456
13.791398796536532,35,13,0.5398,0.105456,1,1,0,0,0,-0.147407
13.64399193754292,36,14,0.5398,-0.147407,1,1,0,0,0,0.25552
13.899511740790782,37,15,0.5398,0.25552,1,1,0,0,0,-0.241944
13.657567371640168,38,16,0.5398,-0.241944,1,1,0,0,0,0.128136
13.7857034023114,39,17,0.5398,0.128136,0,1,0,0,0,0.357766
11.550891516541597,28,6,0.3743,0.0,1,1,0,0,0,0.227302
11.7781932018824,29,7,0.3743,0.227302,1,1,0,0,0,0.316553
12.094746057104068,30,8,0.3743,0.316553,1,1,0,0,0,0.1059
12.200645918912704,31,9,0.3743,0.1059,1,1,0,0,0,0.114889
12.315534664457244,32,10,0.3743,0.114889,0,1,0,0,0,-0.259521
12.056013756889042,33,11,0.3743,-0.259521,1,1,0,0,0,0.110113
12.166126691137642,34,12,0.3743,0.110113,1,1,0,0,0,-0.029354
12.136772590697978,35,13,0.3743,-0.029354,1,1,0,0,0,0.09749
12.234262608959982,36,14,0.3743,0.09749,1,1,0,0,0,0.179037
12.413299746046667,37,15,0.3743,0.179037,1,1,0,0,0,0.268933
12.682232388568904,38,16,0.3743,0.268933,1,1,0,0,0,-0.26674
12.415492434847256,39,17,0.3743,-0.26674,1,1,0,0,0,-0.059563
12.35592902922769,40,18,0.3743,-0.059563,1,1,0,0,0,-0.110815
12.245113882232042,41,19,0.3743,-0.110815,1,1,0,0,0,-0.11048
12.134633397981363,42,20,0.3743,-0.11048,1,1,0,0,0,0.076285
12.210918845778071,43,21,0.3743,0.076285,1,1,0,0,0,0.000198
11.538807313622003,31,9,0.0,0.0,1,1,0,0,0,0.038872
11.577679168660081,32,10,0.0,0.038872,1,1,0,0,0,0.085509
11.663188015261396,33,11,0.0,0.085509,1,1,0,0,0,-0.023372
11.639816064670164,34,12,0.0,-0.023372,0,1,0,0,0,-0.063482
11.576334159678893,35,13,0.0,-0.063482,1,1,0,0,0,0.027237
11.603571347153247,36,14,0.0,0.027237,1,1,0,0,0,0.06218
11.66575115968806,37,15,0.0,0.06218,1,1,0,0,0,0.308292
11.974043017860037,38,16,0.0,0.308292,0,1,0,0,0,0.032048
12.006091277836033,39,17,0.0,0.032048,0,1,0,0,0,0.028794
12.034885451095429,40,18,0.0,0.028794,1,1,0,0,0,0.175549
12.210434227872915,41,19,0.0,0.175549,1,1,0,0,0,0.163746
12.374180691282719,42,20,0.0,0.163746,1,1,0,0,0,-0.154783
12.219397258713741,43,21,0.0,-0.154783,1,1,0,0,0,-0.014107
12.205289762700353,44,22,0.0,-0.014107,1,1,0,0,0,-0.032402
12.172887330369967,45,23,0.0,-0.032402,1,1,0,0,0,0.01418
12.18706732527404,46,24,0.0,0.01418,1,1,0,0,0,0.441551
14.615840251924043,23,1,0.2616,0.0,1,1,0,0,0,-0.087033
14.528807706970367,24,2,0.2616,-0.087033,3,1,0,0,0,-0.387194
14.141614093127572,25,3,0.2616,-0.387194,5,1,0,0,0,-0.2107
13.930913871800238,26,4,0.2616,-0.2107,7,1,0,0,0,-0.033706
13.897207903316513,27,5,0.2616,-0.033706,9,1,0,0,0,0.437726
14.334934193695073,28,6,0.2616,0.437726,11,1,0,0,0,0.263952
14.598886091342155,29,7,0.2616,0.263952,13,1,0,0,0,0.303031
14.901917568251221,30,8,0.2616,0.303031,15,1,0,0,0,0.373141
15.275058622555921,31,9,0.2616,0.373141,17,1,0,0,0,0.282
15.557058309115318,32,10,0.2616,0.282,19,1,0,0,0,0.10421
15.661268388637996,33,11,0.2616,0.10421,21,1,0,0,0,-0.332783
15.328485230049726,34,12,0.2616,-0.332783,23,1,0,0,0,0.156945
15.485429830535242,35,13,0.2616,0.156945,25,1,0,0,0,0.324341
15.80977101258871,36,14,0.2616,0.324341,27,1,0,0,0,0.039305
15.849075918011243,37,15,0.2616,0.039305,29,1,0,0,0,-0.009437
15.83963855065721,38,16,0.2616,-0.009437,31,1,0,0,0,-0.288626
11.554976088982976,34,12,0.3245,0.0,1,1,0,0,0,0.271849
11.826824749195147,35,13,0.3245,0.271849,3,1,0,0,0,0.117229
11.944054153389423,36,14,0.3245,0.117229,5,1,0,0,0,0.039429
11.983483414809951,37,15,0.3245,0.039429,0,1,0,0,0,0.209097
12.192580427003644,38,16,0.3245,0.209097,2,1,0,0,0,0.51728
12.709859949212685,39,17,0.3245,0.51728,0,1,0,0,0,0.064952
12.774811773054017,40,18,0.3245,0.064952,2,1,0,0,0,0.560442
13.335254246262977,41,19,0.3245,0.560442,0,1,0,0,0,0.017997
13.353251071487964,42,20,0.3245,0.017997,2,1,0,0,0,0.154299
13.50754988025986,43,21,0.3245,0.154299,4,1,0,0,0,0.276532
13.78408224734688,44,22,0.3245,0.276532,6,1,0,0,0,0.187508
13.971589841218126,45,23,0.3245,0.187508,8,1,0,0,0,0.360047
14.331636377925724,46,24,0.3245,0.360047,10,1,0,0,0,0.175358
14.506994421956088,47,25,0.3245,0.175358,12,1,0,0,0,0.206483
14.713477779221385,48,26,0.3245,0.206483,14,1,0,0,0,-0.020012
14.69346621434344,49,27,0.3245,-0.020012,16,1,0,0,0,0.140645
11.718409253665916,30,8,0.3789,0.0,1,1,0,0,0,0.757076
12.475485231149472,31,9,0.3789,0.757076,0,1,0,0,0,0.881089
13.356573944613636,32,10,0.3789,0.881089,0,1,0,0,0,0.427395
13.783969209894511,33,11,0.3789,0.427395,0,1,0,0,0,0.298801
14.08277035891153,34,12,0.3789,0.298801,2,1,0,0,0,0.459874
14.542644802647798,35,13,0.3789,0.459874,4,1,0,0,0,0.323545
14.86619023396534,36,14,0.3789,0.323545,6,1,0,0,0,0.151899
15.018088789530967,37,15,0.3789,0.151899,8,1,0,0,0,0.348241
15.366330095477718,38,16,0.3789,0.348241,10,1,0,0,0,0.170966
15.537295795305544,39,17,0.3789,0.170966,12,1,0,0,0,-0.224213
15.313082441336263,40,18,0.3789,-0.224213,0,1,0,0,0,0.091476
15.4045586717134,41,19,0.3789,0.091476,2,1,0,0,0,0.195749
15.600307927791992,42,20,0.3789,0.195749,4,1,0,0,0,0.216177
15.816484998773484,43,21,0.3789,0.216177,6,1,0,0,0,0.265415
16.081900138131214,44,22,0.3789,0.265415,0,1,0,0,0,0.260546
16.342445683928375,45,23,0.3789,0.260546,2,1,0,0,0,0.142265
12.711245997028422,29,7,0.0,0.0,1,1,0,0,1,0.052997
12.764243147888882,30,8,0.0,0.052997,3,1,0,0,1,0.222341
12.986584101679181,31,9,0.0,0.222341,5,1,0,0,1,0.183947
13.170530676103493,32,10,0.0,0.183947,7,1,0,0,1,0.021587
13.192117883089976,33,11,0.0,0.021587,9,1,0,0,1,0.048463
13.240581350859138,34,12,0.0,0.048463,11,1,0,0,1,0.022711
13.26329221542047,35,13,0.0,0.022711,0,1,0,0,1,-0.013739
13.249553574403562,36,14,0.0,-0.013739,2,1,0,0,1,-0.087032
13.162521109439679,37,15,0.0,-0.087032,4,1,0,0,1,-0.18048
12.982041290991614,38,16,0.0,-0.18048,6,1,0,0,1,-0.122175
12.85986615975188,39,17,0.0,-0.122175,8,1,0,0,1,-0.205091
12.654775301112403,40,18,0.0,-0.205091,0,1,0,0,1,0.068281
12.723056010406179,41,19,0.0,0.068281,2,1,0,0,1,0.10144
12.824496486865407,42,20,0.0,0.10144,4,1,0,0,1,0.095571
12.920067899389197,43,21,0.0,0.095571,6,1,0,0,1,0.091104
13.011172373012847,44,22,0.0,0.091104,0,1,0,0,1,-0.007597
12.437874703938071,31,9,0.3314,0.0,1,1,0,0,0,0.174746
12.612620214544101,32,10,0.3314,0.174746,3,1,0,0,0,0.114622
12.727241959959425,33,11,0.3314,0.114622,5,1,0,0,0,0.255963
12.983204527678717,34,12,0.3314,0.255963,7,1,0,0,0,0.329659
13.312863830828045,35,13,0.3314,0.329659,9,1,0,0,0,0.088901
13.401764561682846,36,14,0.3314,0.088901,11,1,0,0,0,0.019419
13.421183799882957,37,15,0.3314,0.019419,13,1,0,0,0,-0.002521
13.418662686824938,38,16,0.3314,-0.002521,15,1,0,0,0,0.053706
13.472368438411388,39,17,0.3314,0.053706,0,1,0,0,0,0.298643
13.771010949299582,40,18,0.3314,0.298643,0,1,0,0,0,0.174332
13.94534337758761,41,19,0.3314,0.174332,2,1,0,0,0,0.056477
14.001819916054783,42,20,0.3314,0.056477,4,1,0,0,0,0.18626
14.188079989287196,43,21,0.3314,0.18626,6,1,0,0,0,0.24806
14.436140416691543,44,22,0.3314,0.24806,8,1,0,0,0,0.234116
14.670256896887235,45,23,0.3314,0.234116,0,1,0,0,0,-0.006722
14.66353452145783,46,24,0.3314,-0.006722,0,1,0,0,0,-0.102625
11.002099841204238,26,4,0.0723,0.0,1,1,0,0,0,0.0
11.002099841204238,27,5,0.0723,0.0,0,1,0,0,0,0.0
11.002099841204238,28,6,0.0723,0.0,0,1,0,0,0,0.0
11.002099841204238,29,7,0.0723,0.0,2,1,0,0,0,0.312233
11.314333022449091,30,8,0.0723,0.312233,4,1,0,0,0,0.071414
11.38574673150658,31,9,0.0723,0.071414,6,1,0,0,0,0.490175
11.875921269021697,32,10,0.0723,0.490175,0,1,0,0,0,-0.085677
11.790244009488694,33,11,0.0723,-0.085677,2,1,0,0,0,0.210234
12.000478008648116,34,12,0.0723,0.210234,4,1,0,0,0,0.097209
12.09768730940189,35,13,0.0723,0.097209,6,1,0,0,0,0.100509
12.198196234438024,36,14,0.0723,0.100509,8,1,0,0,0,0.699641
12.89783761833412,37,15,0.0723,0.699641,0,1,0,0,0,0.052375
12.950212807752184,38,16,0.0723,0.052375,2,1,0,0,0,0.675269
13.625482019430038,39,17,0.0723,0.675269,0,1,0,0,0,0.286327
13.91180868041528,40,18,0.0723,0.286327,2,1,0,0,0,0.158985
14.070793538554328,41,19,0.0723,0.158985,4,1,0,0,0,-0.012578
11.002099841204238,26,4,0.3184,0.0,1,1,0,0,1,0.0
11.002099841204238,27,5,0.3184,0.0,3,1,0,0,1,0.125144
11.127243662000742,28,6,0.3184,0.125144,5,1,0,0,1,0.1718
11.299043990508851,29,7,0.3184,0.1718,7,1,0,0,1,0.073384
11.372428046364082,30,8,0.3184,0.073384,9,1,0,0,1,0.021004
11.39343163534184,31,9,0.3184,0.021004,11,1,0,0,1,0.374018
11.767449617889419,32,10,0.3184,0.374018,13,1,0,0,1,0.254737
12.022186839600701,33,11,0.3184,0.254737,15,1,0,0,1,0.269217
12.291403631633758,34,12,0.3184,0.269217,17,1,0,0,1,0.127011
12.418414919366626,35,13,0.3184,0.127011,19,1,0,0,1,0.264673
12.683088100305822,36,14,0.3184,0.264673,21,1,0,0,1,-0.029544
12.65354381707558,37,15,0.3184,-0.029544,23,1,0,0,1,0.119411
12.772954964385079,38,16,0.3184,0.119411,25,1,0,0,1,0.493159
13.266114326262283,39,17,0.3184,0.493159,27,1,0,0,1,-0.078299
13.187815517239388,40,18,0.3184,-0.078299,29,1,0,0,1,0.109623
13.29743868029871,41,19,0.3184,0.109623,0,1,0,0,1,-0.211737
11.002099841204238,25,3,1.0,0.0,1,0,1,0,0,0.0
11.002099841204238,26,4,1.0,0.0,3,0,1,0,0,0.0
11.002099841204238,27,5,1.0,0.0,5,0,1,0,0,0.0
11.002099841204238,28,6,1.0,0.0,7,0,1,0,0,0.0
11.002099841204238,29,7,1.0,0.0,9,0,1,0,0,0.0
11.002099841204238,30,8,1.0,0.0,0,0,1,0,0,0.0
11.002099841204238,31,9,1.0,0.0,2,0,1,0,0,0.410502
11.412602170374743,32,10,1.0,0.410502,4,0,1,0,0,0.076166
11.488767756385135,33,11,1.0,0.076166,6,0,1,0,0,-0.000751
11.48801668417776,34,12,1.0,-0.000751,8,0,1,0,0,0.144545
11.632561270722105,35,13,1.0,0.144545,0,0,1,0,0,-0.237148
11.395413643055798,36,14,1.0,-0.237148,0,0,1,0,0,0.116083
11.51149625132735,37,15,1.0,0.116083,2,0,1,0,0,-0.509396
11.002099841204238,38,16,1.0,-0.509396,4,0,1,0,0,0.0
11.002099841204238,39,17,1.0,0.0,6,0,1,0,0,0.0
11.002099841204238,40,18,1.0,0.0,8,0,1,0,0,0.0
13.070289176159978,22,0,0.0,0.0,1,1,0,0,1,0.142872
13.213161447618022,23,1,0.0,0.142872,1,1,0,0,1,-0.004072
13.209089196590677,24,2,0.0,-0.004072,1,1,0,0,1,0.431336
13.640425530424555,25,3,0.0,0.431336,0,1,0,0,1,-0.161249
13.479176995400064,26,4,0.0,-0.161249,1,1,0,0,1,0.089757
13.568934005586375,27,5,0.0,0.089757,1,1,0,0,1,-0.018492
13.55044249820459,28,6,0.0,-0.018492,1,1,0,0,1,0.029212
13.579654360967789,29,7,0.0,0.029212,1,1,0,0,1,0.047376
13.62702998759856,30,8,0.0,0.047376,1,1,0,0,1,0.331691
13.95872122897396,31,9,0.0,0.331691,1,1,0,0,1,0.578469
14.537190176440129,32,10,0.0,0.578469,0,1,0,0,1,0.115686
14.652875931817531,33,11,0.0,0.115686,1,1,0,0,1,0.112123
14.76499855280113,34,12,0.0,0.112123,1,1,0,0,1,-0.029356
14.735642398465915,35,13,0.0,-0.029356,1,1,0,0,1,0.214352
14.949994578213879,36,14,0.0,0.214352,1,1,0,0,1,0.180817
15.130811179172769,37,15,0.0,0.180817,1,1,0,0,1,0.001988
12.134491663999807,33,11,0.0018,0.0,1,1,0,0,0,0.06694
12.201431302277763,34,12,0.0018,0.06694,0,1,0,0,0,0.155595
12.357026041978555,35,13,0.0018,0.155595,1,1,0,0,0,0.118081
12.475107171996623,36,14,0.0018,0.118081,1,1,0,0,0,0.456365
12.93147232131387,37,15,0.0018,0.456365,0,1,0,0,0,0.236742
13.16821475270448,38,16,0.0018,0.236742,0,1,0,0,0,0.144221
13.312436103159444,39,17,0.0018,0.144221,1,1,0,0,0,0.063828
13.376263885137742,40,18,0.0018,0.063828,1,1,0,0,0,0.030512
13.406775465386408,41,19,0.0018,0.030512,1,1,0,0,0,0.061345
13.468120158010828,42,20,0.0018,0.061345,1,1,0,0,0,0.02441
13.49253036909729,43,21,0.0018,0.02441,1,1,0,0,0,0.179689
13.672219599037337,44,22,0.0018,0.179689,1,1,0,0,0,0.008445
13.68066449371094,45,23,0.0018,0.008445,1,1,0,0,0,0.188209
13.868873589293472,46,24,0.0018,0.188209,1,1,0,0,0,0.129408
13.998281200136534,47,25,0.0018,0.129408,1,1,0,0,0,-0.02996
13.968320734479448,48,26,0.0018,-0.02996,1,1,0,0,0,0.380188
11.002099841204238,24,2,0.3787,0.0,1,1,0,0,1,0.0
11.002099841204238,25,3,0.3787,0.0,3,1,0,0,1,0.0
11.002099841204238,26,4,0.3787,0.0,5,1,0,0,1,0.0
11.002099841204238,27,5,0.3787,0.0,7,1,0,0,1,0.078871
11.080970366521854,28,6,0.3787,0.078871,9,1,0,0,1,-0.066087
11.014882910157553,29,7,0.3787,-0.066087,11,1,0,0,1,0.103632
11.118515389639947,30,8,0.3787,0.103632,13,1,0,0,1,0.09265
11.211165623612251,31,9,0.3787,0.09265,15,1,0,0,1,0.158885
11.370050977140673,32,10,0.3787,0.158885,17,1,0,0,1,0.125274
11.495324837692916,33,11,0.3787,0.125274,19,1,0,0,1,0.159331
11.65465615070464,34,12,0.3787,0.159331,21,1,0,0,1,0.188301
11.842956986876285,35,13,0.3787,0.188301,23,1,0,0,1,0.149531
11.992488122016328,36,14,0.3787,0.149531,0,1,0,0,1,0.141531
12.13401913846802,37,15,0.3787,0.141531,2,1,0,0,1,0.115403
12.249421927734938,38,16,0.3787,0.115403,4,1,0,0,1,0.312652
12.562074351503725,39,17,0.3787,0.312652,6,1,0,0,1,0.391034
13.967339847454376,34,12,0.4118,0.0,1,1,0,0,1,0.139269
14.106609202539591,35,13,0.4118,0.139269,3,1,0,0,1,-0.418218
13.688391259909766,36,14,0.4118,-0.418218,5,1,0,0,1,-0.063662
13.62472899484688,37,15,0.4118,-0.063662,7,1,0,0,1,-0.000903
13.62382626827181,38,16,0.4118,-0.000903,9,1,0,0,1,0.175748
13.799574712241586,39,17,0.4118,0.175748,11,1,0,0,1,-0.3289
13.470674326748238,40,18,0.4118,-0.3289,0,1,0,0,1,0.217895
13.688569671016422,41,19,0.4118,0.217895,2,1,0,0,1,-0.013264
13.675305251663348,42,20,0.4118,-0.013264,4,1,0,0,1,0.249517
13.924822533193709,43,21,0.4118,0.249517,0,1,0,0,1,0.444565
14.369387811419754,44,22,0.4118,0.444565,2,1,0,0,1,0.279557
14.648944955352523,45,23,0.4118,0.279557,4,1,0,0,1,0.275632
14.924576630877256,46,24,0.4118,0.275632,6,1,0,0,1,0.016356
14.940932877855568,47,25,0.4118,0.016356,0,1,0,0,1,-0.027031
14.913901974780895,48,26,0.4118,-0.027031,2,1,0,0,1,-0.119551
14.794351062138107,49,27,0.4118,-0.119551,4,1,0,0,1,0.222318
11.793458675547432,25,3,0.1794,0.0,1,1,0,0,1,0.256685
12.050143351597708,26,4,0.1794,0.256685,3,1,0,0,1,0.343395
12.393538691206407,27,5,0.1794,0.343395,0,1,0,0,1,0.181401
12.574939486224642,28,6,0.1794,0.181401,2,1,0,0,1,0.244819
12.819758850456573,29,7,0.1794,0.244819,4,1,0,0,1,0.133421
12.953179461575322,30,8,0.1794,0.133421,6,1,0,0,1,0.29931
13.252489024853876,31,9,0.1794,0.29931,8,1,0,0,1,0.221123
13.473611538099219,32,10,0.1794,0.221123,10,1,0,0,1,0.077498
13.551109324505601,33,11,0.1794,0.077498,12,1,0,0,1,-0.206148
13.344961210228885,34,12,0.1794,-0.206148,14,1,0,0,1,0.090435
13.435396596809717,35,13,0.1794,0.090435,0,1,0,0,1,0.219269
13.654665839114065,36,14,0.1794,0.219269,2,1,0,0,1,0.143773
13.798438695125357,37,15,0.1794,0.143773,4,1,0,0,1,0.254133
14.052571697894784,38,16,0.1794,0.254133,0,1,0,0,1,-0.017973
14.034599117012519,39,17,0.1794,-0.017973,2,1,0,0,1,0.256802
14.291401096173331,40,18,0.1794,0.256802,4,1,0,0,1,0.168293
12.594793261895857,26,4,0.3501,0.0,1,1,0,0,1,-0.094396
12.500396877614524,27,5,0.3501,-0.094396,1,1,0,0,1,-0.009197
12.491200135492829,28,6,0.3501,-0.009197,1,1,0,0,1,0.036563
12.527762660636725,29,7,0.3501,0.036563,1,1,0,0,1,0.048095
12.57585762288997,30,8,0.3501,0.048095,1,1,0,0,1,-0.112424
12.463433536515883,31,9,0.3501,-0.112424,1,1,0,0,1,-0.083441
12.379993022906302,32,10,0.3501,-0.083441,1,1,0,0,1,0.279681
12.659674053478286,33,11,0.3501,0.279681,0,1,0,0,1,0.142176
12.801849706436581,34,12,0.3501,0.142176,1,1,0,0,1,0.277273
13.079122469667634,35,13,0.3501,0.277273,1,1,0,0,1,0.173282
13.252403971830155,36,14,0.3501,0.173282,1,1,0,0,1,0.292039
13.54444309043831,37,15,0.3501,0.292039,0,1,0,0,1,0.006713
13.551156022734565,38,16,0.3501,0.006713,1,1,0,0,1,0.194783
13.745939279598756,39,17,0.3501,0.194783,1,1,0,0,1,0.112121
13.858059951374415,40,18,0.3501,0.112121,1,1,0,0,1,0.431741
14.289801320596379,41,19,0.3501,0.431741,0,1,0,0,1,0.745809
11.240460439586013,23,1,0.2595,0.0,1,1,0,0,0,-0.006643
11.233817791729036,24,2,0.2595,-0.006643,3,1,0,0,0,0.165072
11.39888976436344,25,3,0.2595,0.165072,5,1,0,0,0,-0.065278
11.333611488704111,26,4,0.2595,-0.065278,7,1,0,0,0,-0.053585
11.280026761913687,27,5,0.2595,-0.053585,9,1,0,0,0,0.207924
11.487950631698697,28,6,0.2595,0.207924,11,1,0,0,0,-0.072496
11.415454794171216,29,7,0.2595,-0.072496,13,1,0,0,0,0.253165
11.668620247246064,30,8,0.2595,0.253165,0,1,0,0,0,0.304321
11.972941054519982,31,9,0.2595,0.304321,2,1,0,0,0,0.115736
12.088677517184372,32,10,0.2595,0.115736,4,1,0,0,0,0.299532
12.38820948269783,33,11,0.2595,0.299532,6,1,0,0,0,0.140969
12.529178291245323,34,12,0.2595,0.140969,8,1,0,0,0,0.395782
12.924960401548573,35,13,0.2595,0.395782,0,1,0,0,0,0.049385
12.974345343156592,36,14,0.2595,0.049385,2,1,0,0,0,0.190918
13.165263243503249,37,15,0.2595,0.190918,4,1,0,0,0,0.039404
13.204667002846938,38,16,0.2595,0.039404,6,1,0,0,0,0.056885
13.111420503335914,27,5,0.4848,0.0,1,0,1,0,1,0.511513
13.622933882385137,28,6,0.4848,0.511513,0,0,1,0,1,0.379739
14.002672814362578,29,7,0.4848,0.379739,2,0,1,0,1,0.27203
14.274703087211774,30,8,0.4848,0.27203,4,0,1,0,1,0.160257
14.434960044612826,31,9,0.4848,0.160257,6,0,1,0,1,0.372253
14.8072126048049,32,10,0.4848,0.372253,8,0,1,0,1,-0.307854
14.499358586965796,33,11,0.4848,-0.307854,10,0,1,0,1,0.394666
14.894024933481516,34,12,0.4848,0.394666,0,0,1,0,1,0.150624
15.044648531733213,35,13,0.4848,0.150624,2,0,1,0,1,0.286289
15.33093798194674,36,14,0.4848,0.286289,4,0,1,0,1,0.183896
15.514834407241196,37,15,0.4848,0.183896,6,0,1,0,1,0.034403
15.54923781463934,38,16,0.4848,0.034403,0,0,1,0,1,0.178963
15.728200770377267,39,17,0.4848,0.178963,0,0,1,0,1,0.898686
16.626886332654397,40,18,0.4848,0.898686,2,0,1,0,1,0.332201
16.959087602056208,41,19,0.4848,0.332201,4,0,1,0,1,0.558731
17.51781868658589,42,20,0.4848,0.558731,6,0,1,0,1,0.326452
12.842081493208736,30,8,0.0711,0.0,1,1,0,0,0,0.133298
12.97537976063877,31,9,0.0711,0.133298,3,1,0,0,0,-0.139163
12.836216536192797,32,10,0.0711,-0.139163,5,1,0,0,0,-0.003989
12.83222786398415,33,11,0.0711,-0.003989,7,1,0,0,0,-0.058285
12.77394271490241,34,12,0.0711,-0.058285,9,1,0,0,0,-0.218247
12.555695550948652,35,13,0.0711,-0.218247,11,1,0,0,0,0.138573
12.694268335639865,36,14,0.0711,0.138573,13,1,0,0,0,0.051478
12.745746474875057,37,15,0.0711,0.051478,15,1,0,0,0,0.125545
12.871291396531959,38,16,0.0711,0.125545,17,1,0,0,0,0.20459
13.075881763989646,39,17,0.0711,0.20459,19,1,0,0,0,0.279911
13.355793081194859,40,18,0.0711,0.279911,21,1,0,0,0,0.167835
13.523627914063729,41,19,0.0711,0.167835,0,1,0,0,0,0.262866
13.786494037835766,42,20,0.0711,0.262866,2,1,0,0,0,0.270678
14.057171723299547,43,21,0.0711,0.270678,4,1,0,0,0,0.663837
14.721008495795529,44,22,0.0711,0.663837,0,1,0,0,0,0.23217
14.953178196737973,45,23,0.0711,0.23217,2,1,0,0,0,-0.012378
13.072007802498636,29,7,0.0,0.0,1,1,0,0,1,0.051984
13.123992023544481,30,8,0.0,0.051984,3,1,0,0,1,0.305875
13.4298672427262,31,9,0.0,0.305875,0,1,0,0,1,0.050223
13.480090502696305,32,10,0.0,0.050223,2,1,0,0,1,0.007996
13.4880869480034,33,11,0.0,0.007996,4,1,0,0,1,0.063663
13.551749747561571,34,12,0.0,0.063663,6,1,0,0,1,0.073285
13.625034837529743,35,13,0.0,0.073285,0,1,0,0,1,0.426208
14.05124330583309,36,14,0.0,0.426208,0,1,0,0,1,0.073423
14.124666104184817,37,15,0.0,0.073423,2,1,0,0,1,0.038098
14.16276364948516,38,16,0.0,0.038098,4,1,0,0,1,0.16293
14.3256934069542,39,17,0.0,0.16293,6,1,0,0,1,0.261242
14.586935887820722,40,18,0.0,0.261242,8,1,0,0,1,0.316193
14.903128582624786,41,19,0.0,0.316193,0,1,0,0,1,0.222674
15.125802370870806,42,20,0.0,0.222674,2,1,0,0,1,0.228603
15.354405473908995,43,21,0.0,0.228603,4,1,0,0,1,0.524895
15.87930019089928,44,22,0.0,0.524895,0,1,0,0,1,0.184568
13.478454789552043,33,11,0.2825,0.0,1,1,0,0,1,-0.04853
13.429925074125515,34,12,0.2825,-0.04853,3,1,0,0,1,0.091036
13.520961201807095,35,13,0.2825,0.091036,5,1,0,0,1,-0.24449
13.276471470695567,36,14,0.2825,-0.24449,7,1,0,0,1,-0.051418
13.225053476066341,37,15,0.2825,-0.051418,9,1,0,0,1,-0.11868
13.106372979257612,38,16,0.2825,-0.11868,11,1,0,0,1,0.07863
13.18500291304105,39,17,0.2825,0.07863,13,1,0,0,1,0.086029
13.271032407132669,40,18,0.2825,0.086029,15,1,0,0,1,-0.043453
13.227579006187387,41,19,0.2825,-0.043453,17,1,0,0,1,0.078431
13.306009557510212,42,20,0.2825,0.078431,19,1,0,0,1,0.246719
13.552728666239819,43,21,0.2825,0.246719,21,1,0,0,1,-0.119477
13.433251565244372,44,22,0.2825,-0.119477,23,1,0,0,1,0.000494
13.433745374785564,45,23,0.2825,0.000494,25,1,0,0,1,0.174745
13.608490768908755,46,24,0.2825,0.174745,27,1,0,0,1,-0.013169
13.59532211881561,47,25,0.2825,-0.013169,29,1,0,0,1,0.164312
13.759633838065069,48,26,0.2825,0.164312,31,1,0,0,1,0.057302
14.969518589315614,28,6,0.7479,0.0,1,0,0,1,1,0.787404
15.756922120534576,29,7,0.7479,0.787404,3,0,0,1,1,0.687535
16.444456792960487,30,8,0.7479,0.687535,5,0,0,1,1,0.334635
16.779091494776306,31,9,0.7479,0.334635,0,0,0,1,1,0.559883
17.33897487689165,32,10,0.7479,0.559883,0,0,0,1,1,0.349211
17.688186325134843,33,11,0.7479,0.349211,2,0,0,1,1,0.309749
17.997935702006057,34,12,0.7479,0.309749,4,0,0,1,1,-0.13605
17.861885638423956,35,13,0.7479,-0.13605,6,0,0,1,1,-0.018639
17.843246732338145,36,14,0.7479,-0.018639,0,0,0,1,1,0.200872
18.0441185852876,37,15,0.7479,0.200872,2,0,0,1,1,0.351066
18.395184477369504,38,16,0.7479,0.351066,4,0,0,1,1,0.058557
18.453741629690427,39,17,0.7479,0.058557,6,0,0,1,1,-0.127356
18.326385268839022,40,18,0.7479,-0.127356,8,0,0,1,1,1.023459
19.349843871778493,41,19,0.7479,1.023459,0,0,0,1,1,1.18361
20.533453488183635,42,20,0.7479,1.18361,2,0,0,1,1,0.687241
21.220694641858735,43,21,0.7479,0.687241,0,0,0,1,1,-0.151797
11.151937235528319,33,11,0.7244,0.0,1,0,0,1,1,0.175242
11.327178877656607,34,12,0.7244,0.175242,1,0,0,1,1,-0.325079
11.002099841204238,35,13,0.7244,-0.325079,1,0,0,1,1,0.0
11.002099841204238,36,14,0.7244,0.0,1,0,0,1,1,0.0
11.002099841204238,37,15,0.7244,0.0,1,0,0,1,1,0.204297
11.206397321302914,38,16,0.7244,0.204297,1,0,0,1,1,0.688004
11.894401601822254,39,17,0.7244,0.688004,1,0,0,1,1,-0.077429
11.816972541656888,40,18,0.7244,-0.077429,1,0,0,1,1,0.605061
12.422033393960042,41,19,0.7244,0.605061,1,0,0,1,1,0.083211
12.505244716777566,42,20,0.7244,0.083211,0,0,0,1,1,-0.920876
11.584368321893066,43,21,0.7244,-0.920876,1,0,0,1,1,0.89043
12.474798352246722,44,22,0.7244,0.89043,1,0,0,1,1,0.01852
12.493318301990493,45,23,0.7244,0.01852,1,0,0,1,1,-0.085596
12.407722673884,46,24,0.7244,-0.085596,0,0,0,1,1,1.326918
13.734640465375998,47,25,0.7244,1.326918,0,0,0,1,1,0.398486
14.133125973999805,48,26,0.7244,0.398486,1,0,0,1,1,0.220067
12.117103717738537,26,4,0.4119,0.0,1,1,0,0,1,0.154862
12.271965703329498,27,5,0.4119,0.154862,3,1,0,0,1,-0.021978
12.249987466871024,28,6,0.4119,-0.021978,5,1,0,0,1,0.168574
12.418561947450591,29,7,0.4119,0.168574,7,1,0,0,1,0.585087
13.003649211175572,30,8,0.4119,0.585087,9,1,0,0,1,0.504705
13.50835435654297,31,9,0.4119,0.504705,11,1,0,0,1,0.184804
13.693158269803863,32,10,0.4119,0.184804,13,1,0,0,1,0.281461
13.9746195199149,33,11,0.4119,0.281461,15,1,0,0,1,0.402094
14.376713795489295,34,12,0.4119,0.402094,17,1,0,0,1,0.071439
14.44815276115443,35,13,0.4119,0.071439,19,1,0,0,1,0.385724
14.83387665910484,36,14,0.4119,0.385724,21,1,0,0,1,0.134772
14.968648206900443,37,15,0.4119,0.134772,23,1,0,0,1,-0.037798
14.9308498621761,38,16,0.4119,-0.037798,25,1,0,0,1,0.112353
15.043203305797691,39,17,0.4119,0.112353,27,1,0,0,1,0.188249
15.231452242795184,40,18,0.4119,0.188249,29,1,0,0,1,0.227246
15.458698677415478,41,19,0.4119,0.227246,31,1,0,0,1,-0.026902
11.601744761106893,34,12,0.6732,0.0,1,0,0,1,0,-0.312339
11.289405763834905,35,13,0.6732,-0.312339,3,0,0,1,0,0.517224
11.806629343549469,36,14,0.6732,0.517224,5,0,0,1,0,0.057375
11.86400443608633,37,15,0.6732,0.057375,7,0,0,1,0,-0.57801
11.285994465695211,38,16,0.6732,-0.57801,9,0,0,1,0,0.666216
11.952210822601018,39,17,0.6732,0.666216,0,0,0,1,0,0.891347
12.843558111723475,40,18,0.6732,0.891347,2,0,0,1,0,0.230303
13.073861354566786,41,19,0.6732,0.230303,4,0,0,1,0,0.122129
13.195990065240423,42,20,0.6732,0.122129,6,0,0,1,0,0.623793
13.819783293805129,43,21,0.6732,0.623793,8,0,0,1,0,0.174168
13.993951528356032,44,22,0.6732,0.174168,10,0,0,1,0,0.531712
14.525664025375233,45,23,0.6732,0.531712,0,0,0,1,0,-0.311908
14.213755775623806,46,24,0.6732,-0.311908,2,0,0,1,0,0.313678
14.52743421077973,47,25,0.6732,0.313678,4,0,0,1,0,-0.042333
14.485100925339948,48,26,0.6732,-0.042333,6,0,0,1,0,0.512026
14.997127259753569,49,27,0.6732,0.512026,8,0,0,1,0,-0.030939
12.20918194030147,33,11,0.0,0.0,1,1,0,0,0,0.027802
12.236984170043387,34,12,0.0,0.027802,3,1,0,0,0,0.125359
12.362343461423336,35,13,0.0,0.125359,0,1,0,0,0,0.060894
12.423236980848719,36,14,0.0,0.060894,2,1,0,0,0,0.1671
12.590337028892085,37,15,0.0,0.1671,4,1,0,0,0,0.106693
12.697030206936779,38,16,0.0,0.106693,6,1,0,0,0,0.136152
12.833182265868423,39,17,0.0,0.136152,8,1,0,0,0,0.184192
13.017374286480658,40,18,0.0,0.184192,10,1,0,0,0,0.205134
13.222507964874277,41,19,0.0,0.205134,12,1,0,0,0,0.317919
13.540427097749946,42,20,0.0,0.317919,14,1,0,0,0,0.173825
13.714251964482395,43,21,0.0,0.173825,16,1,0,0,0,0.13817
13.852422176863882,44,22,0.0,0.13817,18,1,0,0,0,-0.032955
13.819467597792,45,23,0.0,-0.032955,20,1,0,0,0,0.03226
13.851727769037298,46,24,0.0,0.03226,22,1,0,0,0,0.104378
13.956105957789559,47,25,0.0,0.104378,24,1,0,0,0,0.104887
14.06099264436977,48,26,0.0,0.104887,26,1,0,0,0,0.159856
12.835530063961404,27,5,0.156,0.0,1,1,0,0,1,0.051482
12.887012391070554,28,6,0.156,0.051482,3,1,0,0,1,0.13675
13.023762559009514,29,7,0.156,0.13675,5,1,0,0,1,-0.087699
12.936064035143907,30,8,0.156,-0.087699,7,1,0,0,1,0.090237
13.026300666760049,31,9,0.156,0.090237,9,1,0,0,1,-0.205562
12.82073879559817,32,10,0.156,-0.205562,11,1,0,0,1,0.112693
12.933431779239653,33,11,0.156,0.112693,13,1,0,0,1,0.053664
12.987095433476059,34,12,0.156,0.053664,15,1,0,0,1,0.183325
13.170420929654854,35,13,0.156,0.183325,17,1,0,0,1,0.163642
13.33406326580943,36,14,0.156,0.163642,19,1,0,0,1,0.076751
13.41081439365839,37,15,0.156,0.076751,21,1,0,0,1,0.278598
13.689412879784449,38,16,0.156,0.278598,0,1,0,0,1,0.016029
13.705441386927232,39,17,0.156,0.016029,2,1,0,0,1,0.18648
13.891921510646092,40,18,0.156,0.18648,4,1,0,0,1,0.066037
13.957958856660575,41,19,0.156,0.066037,6,1,0,0,1,-0.076031
13.88192796308359,42,20,0.156,-0.076031,8,1,0,0,1,-0.02179
12.710672726587328,28,6,0.3391,0.0,1,1,0,0,0,0.070183
12.780855996105284,29,7,0.3391,0.070183,0,1,0,0,0,0.193549
12.974405421692078,30,8,0.3391,0.193549,2,1,0,0,0,-0.046606
12.927799068397048,31,9,0.3391,-0.046606,4,1,0,0,0,0.095074
13.022872757448823,32,10,0.3391,0.095074,6,1,0,0,0,0.304415
13.327287963524613,33,11,0.3391,0.304415,0,1,0,0,0,0.287932
13.615220238350815,34,12,0.3391,0.287932,2,1,0,0,0,0.016579
13.631799296240617,35,13,0.3391,0.016579,0,1,0,0,0,0.513542
14.14534111793257,36,14,0.3391,0.513542,0,1,0,0,0,0.274082
14.41942351790995,37,15,0.3391,0.274082,0,1,0,0,0,0.105143
14.5245669914254,38,16,0.3391,0.105143,2,1,0,0,0,0.046007
14.570574422804409,39,17,0.3391,0.046007,4,1,0,0,0,0.328519
14.899093595263649,40,18,0.3391,0.328519,6,1,0,0,0,0.238219
15.13731294319724,41,19,0.3391,0.238219,8,1,0,0,0,0.209657
15.346970086388291,42,20,0.3391,0.209657,10,1,0,0,0,0.227099
15.574069518228972,43,21,0.3391,0.227099,12,1,0,0,0,0.277547
12.648141217155914,22,0,0.3894,0.0,1,1,0,0,1,-0.147036
12.5011048192726,23,1,0.3894,-0.147036,1,1,0,0,1,-0.025954
12.475150534359479,24,2,0.3894,-0.025954,1,1,0,0,1,0.005231
12.480381888869651,25,3,0.3894,0.005231,1,1,0,0,1,0.153503
12.633884842651018,26,4,0.3894,0.153503,0,1,0,0,1,-0.108017
12.52586805748032,27,5,0.3894,-0.108017,1,1,0,0,1,0.343728
12.869596024970884,28,6,0.3894,0.343728,1,1,0,0,1,0.297785
13.167381516569215,29,7,0.3894,0.297785,1,1,0,0,1,0.348923
13.516304644474948,30,8,0.3894,0.348923,1,1,0,0,1,-0.088978
13.427327097889648,31,9,0.3894,-0.088978,1,1,0,0,1,-0.010869
13.416458216118105,32,10,0.3894,-0.010869,1,1,0,0,1,-0.244287
13.17217161527847,33,11,0.3894,-0.244287,1,1,0,0,1,-0.033962
13.138209654612734,34,12,0.3894,-0.033962,1,1,0,0,1,0.09248
13.23068948372974,35,13,0.3894,0.09248,1,1,0,0,1,-0.003756
13.226933698905171,36,14,0.3894,-0.003756,1,1,0,0,1,-0.116476
13.11045813976407,37,15,0.3894,-0.116476,1,1,0,0,1,0.140103
11.596378549488389,23,1,0.2909,0.0,1,1,0,0,0,-0.04573
11.550648299024864,24,2,0.2909,-0.04573,3,1,0,0,0,0.208206
11.758853874158843,25,3,0.2909,0.208206,5,1,0,0,0,0.083702
11.842555992227302,26,4,0.2909,0.083702,0,1,0,0,0,0.138428
11.980983960079882,27,5,0.2909,0.138428,2,1,0,0,0,0.202156
12.183139808821242,28,6,0.2909,0.202156,4,1,0,0,0,-0.221539
11.961601032423335,29,7,0.2909,-0.221539,0,1,0,0,0,0.164002
12.125603072612103,30,8,0.2909,0.164002,2,1,0,0,0,0.011834
12.137436838378065,31,9,0.2909,0.011834,4,1,0,0,0,-0.010474
12.126963062753896,32,10,0.2909,-0.010474,6,1,0,0,0,0.158877
12.285839784754506,33,11,0.2909,0.158877,8,1,0,0,0,0.172272
12.45811211645589,34,12,0.2909,0.172272,0,1,0,0,0,0.061484
12.519595934814191,35,13,0.2909,0.061484,2,1,0,0,0,-0.105691
12.413904467861983,36,14,0.2909,-0.105691,4,1,0,0,0,0.20534
12.619244663512218,37,15,0.2909,0.20534,6,1,0,0,0,0.029017
12.64826192093219,38,16,0.2909,0.029017,8,1,0,0,0,0.063278
11.527081923697486,24,2,0.3243,0.0,1,1,0,0,0,0.202789
11.729871312773128,25,3,0.3243,0.202789,3,1,0,0,0,0.201214
11.93108568872977,26,4,0.3243,0.201214,5,1,0,0,0,0.068173
11.999259149329546,27,5,0.3243,0.068173,7,1,0,0,0,0.080286
12.079545107098925,28,6,0.3243,0.080286,9,1,0,0,0,-0.135705
11.943839664370516,29,7,0.3243,-0.135705,11,1,0,0,0,0.24587
12.189709173115174,30,8,0.3243,0.24587,13,1,0,0,0,0.037156
12.2268651103179,31,9,0.3243,0.037156,15,1,0,0,0,0.209806
12.436671114255336,32,10,0.3243,0.209806,17,1,0,0,0,0.315423
12.75209453315359,33,11,0.3243,0.315423,19,1,0,0,0,-0.047695
12.704399735129572,34,12,0.3243,-0.047695,21,1,0,0,0,-0.081077
12.623323054137002,35,13,0.3243,-0.081077,23,1,0,0,0,0.409595
13.032918364231294,36,14,0.3243,0.409595,0,1,0,0,0,0.260716
13.293634339474794,37,15,0.3243,0.260716,2,1,0,0,0,0.094082
13.387716559534391,38,16,0.3243,0.094082,4,1,0,0,0,0.144156
13.531872852965721,39,17,0.3243,0.144156,6,1,0,0,0,0.239633
13.251209471146813,26,4,0.5985,0.0,1,1,0,0,1,0.415501
13.666710638585878,27,5,0.5985,0.415501,0,1,0,0,1,0.02256
13.689270335767803,28,6,0.5985,0.02256,0,1,0,0,1,0.005216
13.694486381447428,29,7,0.5985,0.005216,1,1,0,0,1,-0.187832
13.506654299221427,30,8,0.5985,-0.187832,1,1,0,0,1,-0.104464
13.402190262852999,31,9,0.5985,-0.104464,1,1,0,0,1,-0.202004
13.200186520028204,32,10,0.5985,-0.202004,1,1,0,0,1,0.216038
13.416224455562046,33,11,0.5985,0.216038,1,1,0,0,1,0.215924
13.632148311914113,34,12,0.5985,0.215924,1,1,0,0,1,0.117616
13.749764111967238,35,13,0.5985,0.117616,1,1,0,0,1,0.352116
14.101879857198961,36,14,0.5985,0.352116,1,1,0,0,1,0.181761
14.28364114560051,37,15,0.5985,0.181761,1,1,0,0,1,0.34749
14.631130732836256,38,16,0.5985,0.34749,1,1,0,0,1,0.27606
14.907190516338611,39,17,0.5985,0.27606,0,1,0,0,1,0.395067
15.302257986393032,40,18,0.5985,0.395067,0,1,0,0,1,-0.15316
15.149097785712241,41,19,0.5985,-0.15316,1,1,0,0,1,0.377557
11.002099841204238,25,3,0.7453,0.0,1,0,1,0,0,0.0
11.002099841204238,26,4,0.7453,0.0,3,0,1,0,0,0.0
11.002099841204238,27,5,0.7453,0.0,5,0,1,0,0,0.0
11.002099841204238,28,6,0.7453,0.0,0,0,1,0,0,0.0
11.002099841204238,29,7,0.7453,0.0,2,0,1,0,0,0.0
11.002099841204238,30,8,0.7453,0.0,4,0,1,0,0,0.221608
11.223707926380962,31,9,0.7453,0.221608,6,0,1,0,0,0.771251
11.994958694845911,32,10,0.7453,0.771251,8,0,1,0,0,1.128781
13.123740030924193,33,11,0.7453,1.128781,10,0,1,0,0,0.91267
14.036409937463606,34,12,0.7453,0.91267,12,0,1,0,0,-0.167157
13.869253395779376,35,13,0.7453,-0.167157,14,0,1,0,0,-0.111857
13.757396219138021,36,14,0.7453,-0.111857,16,0,1,0,0,0.482403
14.239799588022914,37,15,0.7453,0.482403,0,0,1,0,0,0.323669
14.563468104743842,38,16,0.7453,0.323669,2,0,1,0,0,0.582178
15.145646034902619,39,17,0.7453,0.582178,0,0,1,0,0,-0.742751
14.402895257893043,40,18,0.7453,-0.742751,0,0,1,0,0,-0.848065
13.394825567727347,29,7,0.2655,0.0,1,1,0,0,0,0.148668
13.543494049946526,30,8,0.2655,0.148668,3,1,0,0,0,-0.052843
13.49065117291306,31,9,0.2655,-0.052843,5,1,0,0,0,0.241004
13.731654796797223,32,10,0.2655,0.241004,7,1,0,0,0,0.212485
13.944139318189245,33,11,0.2655,0.212485,9,1,0,0,0,0.043784
13.987923801596967,34,12,0.2655,0.043784,11,1,0,0,0,-0.039586
13.948337957253086,35,13,0.2655,-0.039586,13,1,0,0,0,-0.088108
13.86022947824544,36,14,0.2655,-0.088108,15,1,0,0,0,0.150825
14.011054650539322,37,15,0.2655,0.150825,17,1,0,0,0,-0.025933
13.985122081774175,38,16,0.2655,-0.025933,19,1,0,0,0,0.502268
14.487389632441669,39,17,0.2655,0.502268,0,1,0,0,0,-0.068191
14.419199131686254,40,18,0.2655,-0.068191,2,1,0,0,0,0.016464
14.435663441339583,41,19,0.2655,0.016464,4,1,0,0,0,0.48096
14.916623793645433,42,20,0.2655,0.48096,0,1,0,0,0,0.088551
15.005174764039467,43,21,0.2655,0.088551,2,1,0,0,0,0.140269
15.145444239556829,44,22,0.2655,0.140269,4,1,0,0,0,-0.003199
11.197509184099998,24,2,0.084,0.0,1,1,0,0,1,-0.106
11.091509538154622,25,3,0.084,-0.106,3,1,0,0,1,0.0288
11.12030993971632,26,4,0.084,0.0288,5,1,0,0,1,0.12709
11.247399928578812,27,5,0.084,0.12709,7,1,0,0,1,0.169116
11.416515483226458,28,6,0.084,0.169116,9,1,0,0,1,0.82466
12.241175799095217,29,7,0.084,0.82466,0,1,0,0,1,0.128237
12.369413076380944,30,8,0.084,0.128237,2,1,0,0,1,0.167504
12.536916938897923,31,9,0.084,0.167504,4,1,0,0,1,0.28485
12.82176679039307,32,10,0.084,0.28485,6,1,0,0,1,0.229481
13.051247881884168,33,11,0.084,0.229481,8,1,0,0,1,0.043945
13.09519240813877,34,12,0.084,0.043945,10,1,0,0,1,0.079554
13.174746231405992,35,13,0.084,0.079554,12,1,0,0,1,0.067965
13.242711046923766,36,14,0.084,0.067965,0,1,0,0,1,0.211594
13.454304751480077,37,15,0.084,0.211594,2,1,0,0,1,0.034503
13.488807719875714,38,16,0.084,0.034503,4,1,0,0,1,-0.006849
13.481958364260182,39,17,0.084,-0.006849,6,1,0,0,1,0.056538
11.002099841204238,22,0,0.2971,0.0,1,1,0,0,1,0.0
11.002099841204238,23,1,0.2971,0.0,1,1,0,0,1,0.0
11.002099841204238,24,2,0.2971,0.0,0,1,0,0,1,0.0
11.002099841204238,25,3,0.2971,0.0,1,1,0,0,1,0.0
11.002099841204238,26,4,0.2971,0.0,1,1,0,0,1,0.058328
11.060428130818492,27,5,0.2971,0.058328,1,1,0,0,1,0.172861
11.233289623992661,28,6,0.2971,0.172861,1,1,0,0,1,-0.167449
11.06584045459484,29,7,0.2971,-0.167449,1,1,0,0,1,-0.008048
11.057792490764067,30,8,0.2971,-0.008048,1,1,0,0,1,0.221843
11.27963593460218,31,9,0.2971,0.221843,1,1,0,0,1,-0.181988
11.097647912167886,32,10,0.2971,-0.181988,1,1,0,0,1,-0.095548
11.002099841204238,33,11,0.2971,-0.095548,1,1,0,0,1,0.0
11.002099841204238,34,12,0.2971,0.0,1,1,0,0,1,0.0
11.002099841204238,35,13,0.2971,0.0,1,1,0,0,1,0.0
11.002099841204238,36,14,0.2971,0.0,0,1,0,0,1,0.0
11.002099841204238,37,15,0.2971,0.0,1,1,0,0,1,0.0
11.574057717753412,33,11,0.4783,0.0,1,1,0,0,0,0.088237
11.662294975510298,34,12,0.4783,0.088237,1,1,0,0,0,0.150374
11.81266874064769,35,13,0.4783,0.150374,1,1,0,0,0,-0.155724
11.6569442730738,36,14,0.4783,-0.155724,1,1,0,0,0,-0.010948
11.645996483524984,37,15,0.4783,-0.010948,1,1,0,0,0,0.069928
11.715924739253557,38,16,0.4783,0.069928,1,1,0,0,0,0.326562
12.042487090693921,39,17,0.4783,0.326562,1,1,0,0,0,0.035691
12.078177690093417,40,18,0.4783,0.035691,1,1,0,0,0,-0.096524
11.981653723902951,41,19,0.4783,-0.096524,1,1,0,0,0,0.016062
11.997715394532474,42,20,0.4783,0.016062,1,1,0,0,0,0.04513
12.04284513335095,43,21,0.4783,0.04513,1,1,0,0,0,-0.054147
11.988698150030462,44,22,0.4783,-0.054147,1,1,0,0,0,-0.016994
11.971703831888203,45,23,0.4783,-0.016994,1,1,0,0,0,-0.02008
11.951623807859045,46,24,0.4783,-0.02008,1,1,0,0,0,0.072364
12.023988078904033,47,25,0.4783,0.072364,1,1,0,0,0,0.012371
12.0363585910171,48,26,0.4783,0.012371,1,1,0,0,0,0.171345
13.189175673184632,32,10,0.1833,0.0,1,1,0,0,1,-0.164017
13.025158772904335,33,11,0.1833,-0.164017,3,1,0,0,1,-0.186889
12.83826946295202,34,12,0.1833,-0.186889,5,1,0,0,1,0.140051
12.978320706756872,35,13,0.1833,0.140051,7,1,0,0,1,-0.026928
12.951393060617967,36,14,0.1833,-0.026928,9,1,0,0,1,0.123676
13.07506856871544,37,15,0.1833,0.123676,11,1,0,0,1,0.280391
13.355459836521328,38,16,0.1833,0.280391,13,1,0,0,1,0.300804
13.656263435429862,39,17,0.1833,0.300804,15,1,0,0,1,0.088693
13.744956798736059,40,18,0.1833,0.088693,17,1,0,0,1,0.138854
13.883811037314835,41,19,0.1833,0.138854,19,1,0,0,1,0.16842
14.052230892277061,42,20,0.1833,0.16842,21,1,0,0,1,0.088167
14.14039830498782,43,21,0.1833,0.088167,23,1,0,0,1,-0.028886
14.111511881006974,44,22,0.1833,-0.028886,25,1,0,0,1,0.063204
14.174716000087498,45,23,0.1833,0.063204,27,1,0,0,1,-0.005148
14.169567601551124,46,24,0.1833,-0.005148,29,1,0,0,1,0.094718
14.264285719647772,47,25,0.1833,0.094718,31,1,0,0,1,-0.01714
14.476758884362566,30,8,0.0,0.0,1,1,0,0,0,0.082692
14.559451350669178,31,9,0.0,0.082692,3,1,0,0,0,0.045595
14.605045934711324,32,10,0.0,0.045595,5,1,0,0,0,0.109113
14.714158908295932,33,11,0.0,0.109113,7,1,0,0,0,0.21827
14.932429231877663,34,12,0.0,0.21827,9,1,0,0,0,-0.077792
14.854637460410238,35,13,0.0,-0.077792,11,1,0,0,0,0.065527
14.920164192659028,36,14,0.0,0.065527,13,1,0,0,0,0.188838
15.109002657863595,37,15,0.0,0.188838,15,1,0,0,0,0.065189
15.174191828821826,38,16,0.0,0.065189,17,1,0,0,0,0.164913
15.33910453588633,39,17,0.0,0.164913,19,1,0,0,0,0.315544
15.654648524533116,40,18,0.0,0.315544,21,1,0,0,0,0.330391
15.985039037592305,41,19,0.0,0.330391,23,1,0,0,0,0.279506
16.26454521970754,42,20,0.0,0.279506,25,1,0,0,0,0.028611
16.29315670000511,43,21,0.0,0.028611,27,1,0,0,0,0.195682
16.48883826737381,44,22,0.0,0.195682,29,1,0,0,0,0.323765
16.812603538867915,45,23,0.0,0.323765,31,1,0,0,0,0.341778
13.286248828117046,25,3,0.6247,0.0,1,1,0,0,0,0.267552
13.553800589119332,26,4,0.6247,0.267552,3,1,0,0,0,0.173248
13.727048402044721,27,5,0.6247,0.173248,5,1,0,0,0,0.10345
13.830497917873878,28,6,0.6247,0.10345,7,1,0,0,0,-0.050656
13.779842267949906,29,7,0.6247,-0.050656,9,1,0,0,0,-0.066531
13.71331142324969,30,8,0.6247,-0.066531,11,1,0,0,0,-0.256885
13.456425934412042,31,9,0.6247,-0.256885,13,1,0,0,0,-0.090903
13.365522785469597,32,10,0.6247,-0.090903,15,1,0,0,0,0.120968
13.486490482154053,33,11,0.6247,0.120968,17,1,0,0,0,-0.275129
13.211361347653142,34,12,0.6247,-0.275129,19,1,0,0,0,0.05954
13.270901456604113,35,13,0.6247,0.05954,0,1,0,0,0,0.398379
13.669280714371949,36,14,0.6247,0.398379,0,1,0,0,0,0.693774
14.363054385513317,37,15,0.6247,0.693774,0,1,0,0,0,0.020033
14.383086956440563,38,16,0.6247,0.020033,2,1,0,0,0,-0.343399
14.03968754033451,39,17,0.6247,-0.343399,4,1,0,0,0,-0.109385
13.930302934933886,40,18,0.6247,-0.109385,6,1,0,0,0,-0.21329
11.002099841204238,33,11,0.1854,0.0,1,1,0,0,0,0.0
11.002099841204238,34,12,0.1854,0.0,3,1,0,0,0,0.0
11.002099841204238,35,13,0.1854,0.0,5,1,0,0,0,0.276897
11.278996929308473,36,14,0.1854,0.276897,0,1,0,0,0,0.246524
11.525520730803843,37,15,0.1854,0.246524,0,1,0,0,0,0.212058
11.737578739436577,38,16,0.1854,0.212058,2,1,0,0,0,0.284712
12.022290455249648,39,17,0.1854,0.284712,4,1,0,0,0,0.048803
12.071093586394502,40,18,0.1854,0.048803,6,1,0,0,0,0.037168
12.108261260629764,41,19,0.1854,0.037168,8,1,0,0,0,0.403267
12.511528365279318,42,20,0.1854,0.403267,0,1,0,0,0,0.131689
12.64321763568295,43,21,0.1854,0.131689,2,1,0,0,0,0.01382
12.657037348718504,44,22,0.1854,0.01382,4,1,0,0,0,0.091913
12.748950068719807,45,23,0.1854,0.091913,6,1,0,0,0,-0.021322
12.72762797695018,46,24,0.1854,-0.021322,8,1,0,0,0,-0.28206
12.445567656378811,47,25,0.1854,-0.28206,10,1,0,0,0,0.072331
12.517899066098998,48,26,0.1854,0.072331,12,1,0,0,0,0.260417
11.961943753664752,29,7,0.1031,0.0,1,1,0,0,0,0.449923
12.411866533058058,30,8,0.1031,0.449923,0,1,0,0,0,0.04829
12.460156500309013,31,9,0.1031,0.04829,2,1,0,0,0,-0.056894
12.403262822592847,32,10,0.1031,-0.056894,4,1,0,0,0,0.162856
12.566119147380402,33,11,0.1031,0.162856,6,1,0,0,0,0.262567
12.828686409973118,34,12,0.1031,0.262567,8,1,0,0,0,0.099743
12.928429270203676,35,13,0.1031,0.099743,10,1,0,0,0,0.166048
13.094476898107898,36,14,0.1031,0.166048,12,1,0,0,0,0.107316
13.20179289670773,37,15,0.1031,0.107316,14,1,0,0,0,-0.386706
12.815086707330847,38,16,0.1031,-0.386706,16,1,0,0,0,-0.212804
12.602282632543332,39,17,0.1031,-0.212804,18,1,0,0,0,-0.131161
12.471121715164916,40,18,0.1031,-0.131161,0,1,0,0,0,0.138631
12.609752529784629,41,19,0.1031,0.138631,2,1,0,0,0,0.05053
12.66028294190664,42,20,0.1031,0.05053,4,1,0,0,0,0.154159
12.814441677319305,43,21,0.1031,0.154159,6,1,0,0,0,-0.175298
12.639144094245149,44,22,0.1031,-0.175298,8,1,0,0,0,-0.325926
13.240894802923078,29,7,0.0895,0.0,1,1,0,0,0,0.185019
13.425913800680682,30,8,0.0895,0.185019,1,1,0,0,0,-0.245118
13.180795454135456,31,9,0.0895,-0.245118,0,1,0,0,0,0.315281
13.496076538203907,32,10,0.0895,0.315281,1,1,0,0,0,0.081526
13.577602149327703,33,11,0.0895,0.081526,0,1,0,0,0,0.050146
13.627748378525961,34,12,0.0895,0.050146,1,1,0,0,0,0.123901
13.751649493246035,35,13,0.0895,0.123901,1,1,0,0,0,0.166188
13.917837035144208,36,14,0.0895,0.166188,1,1,0,0,0,0.192576
14.11041336672745,37,15,0.0895,0.192576,1,1,0,0,0,0.086469
14.196882130141619,38,16,0.0895,0.086469,0,1,0,0,0,0.025278
14.222159991202052,39,17,0.0895,0.025278,1,1,0,0,0,0.013083
14.235243149016103,40,18,0.0895,0.013083,1,1,0,0,0,0.024442
14.259685063208504,41,19,0.0895,0.024442,0,1,0,0,0,0.437123
14.696807840138275,42,20,0.0895,0.437123,0,1,0,0,0,0.027959
14.724766771247934,43,21,0.0895,0.027959,1,1,0,0,0,0.152727
14.877493812876825,44,22,0.0895,0.152727,1,1,0,0,0,0.365073
13.899607009509518,34,12,0.7518,0.0,1,0,1,0,0,-0.111127
13.788479532243892,35,13,0.7518,-0.111127,3,0,1,0,0,0.023723
13.812202398844796,36,14,0.7518,0.023723,0,0,1,0,0,0.086278
13.89847994183136,37,15,0.7518,0.086278,2,0,1,0,0,0.249453
14.14793279770461,38,16,0.7518,0.249453,4,0,1,0,0,0.541116
14.689049106484656,39,17,0.7518,0.541116,6,0,1,0,0,0.03973
14.728779485341942,40,18,0.7518,0.03973,8,0,1,0,0,0.278856
15.007635368998882,41,19,0.7518,0.278856,10,0,1,0,0,-0.772049
14.235586608415671,42,20,0.7518,-0.772049,0,0,1,0,0,-0.31699
13.918596883355711,43,21,0.7518,-0.31699,2,0,1,0,0,-0.198516
13.720080425210872,44,22,0.7518,-0.198516,4,0,1,0,0,0.714595
14.434675136227916,45,23,0.7518,0.714595,0,0,1,0,0,0.565341
15.000016039673353,46,24,0.7518,0.565341,0,0,1,0,0,0.055332
15.055348160668824,47,25,0.7518,0.055332,2,0,1,0,0,-0.098658
14.956689825141176,48,26,0.7518,-0.098658,4,0,1,0,0,0.695455
15.652144891185724,49,27,0.7518,0.695455,6,0,1,0,0,0.657795
11.002099841204238,22,0,0.7993,0.0,1,0,0,1,0,0.0
11.002099841204238,23,1,0.7993,0.0,3,0,0,1,0,0.0
11.002099841204238,24,2,0.7993,0.0,5,0,0,1,0,0.0
11.002099841204238,25,3,0.7993,0.0,0,0,0,1,0,0.0
11.002099841204238,26,4,0.7993,0.0,2,0,0,1,0,0.843648
11.845747804288399,27,5,0.7993,0.843648,4,0,0,1,0,0.036257
11.882004729006464,28,6,0.7993,0.036257,6,0,0,1,0,-0.233122
11.648882856967543,29,7,0.7993,-0.233122,8,0,0,1,0,0.523191
12.17207420696371,30,8,0.7993,0.523191,10,0,0,1,0,-0.523994
11.648080144621604,31,9,0.7993,-0.523994,12,0,0,1,0,-0.64598
11.002099841204238,32,10,0.7993,-0.64598,14,0,0,1,0,0.548451
11.55055080676578,33,11,0.7993,0.548451,16,0,0,1,0,0.085554
11.636104608193863,34,12,0.7993,0.085554,18,0,0,1,0,-0.580341
11.055763274172783,35,13,0.7993,-0.580341,20,0,0,1,0,-0.053663
11.002099841204238,36,14,0.7993,-0.053663,22,0,0,1,0,0.0
11.002099841204238,37,15,0.7993,0.0,24,0,0,1,0,0.0
14.336548342865088,28,6,0.455,0.0,1,1,0,0,1,0.267564
14.604112237758867,29,7,0.455,0.267564,3,1,0,0,1,0.234874
14.838986001540897,30,8,0.455,0.234874,5,1,0,0,1,0.100968
14.939953779497518,31,9,0.455,0.100968,7,1,0,0,1,0.211565
15.15151881858679,32,10,0.455,0.211565,9,1,0,0,1,0.058981
15.210499594728702,33,11,0.455,0.058981,11,1,0,0,1,-0.05216
15.158339300918657,34,12,0.455,-0.05216,13,1,0,0,1,-0.172038
14.98630114481415,35,13,0.455,-0.172038,15,1,0,0,1,-0.165867
14.820434271024903,36,14,0.455,-0.165867,17,1,0,0,1,0.250192
15.070626457058891,37,15,0.455,0.250192,19,1,0,0,1,-0.199241
14.871385024623635,38,16,0.455,-0.199241,21,1,0,0,1,-0.101996
14.76938870887067,39,17,0.455,-0.101996,23,1,0,0,1,-0.209431
14.559957659407898,40,18,0.455,-0.209431,25,1,0,0,1,0.020797
14.58075447554298,41,19,0.455,0.020797,27,1,0,0,1,-0.076234
14.50452089213769,42,20,0.455,-0.076234,29,1,0,0,1,0.187604
14.69212474165083,43,21,0.455,0.187604,31,1,0,0,1,-0.249345
16.60501801475427,30,8,0.0375,0.0,1,1,0,0,1,0.092752
16.697769794421184,31,9,0.0375,0.092752,3,1,0,0,1,0.003414
16.701184080388717,32,10,0.0375,0.003414,5,1,0,0,1,0.114163
16.815346675320445,33,11,0.0375,0.114163,7,1,0,0,1,0.002825
16.818171388176253,34,12,0.0375,0.002825,9,1,0,0,1,0.050746
16.868917659904035,35,13,0.0375,0.050746,11,1,0,0,1,-0.073541
16.79537632678871,36,14,0.0375,-0.073541,13,1,0,0,1,0.059354
16.854729907796855,37,15,0.0375,0.059354,15,1,0,0,1,0.538039
17.392769227715487,38,16,0.0375,0.538039,0,1,0,0,1,0.226983
17.619752372601692,39,17,0.0375,0.226983,2,1,0,0,1,0.033507
17.653259289836015,40,18,0.0375,0.033507,4,1,0,0,1,0.064692
17.71795114559253,41,19,0.0375,0.064692,6,1,0,0,1,0.349049
18.06699990046002,42,20,0.0375,0.349049,8,1,0,0,1,0.078619
18.145619147872733,43,21,0.0375,0.078619,10,1,0,0,1,0.192376
18.33799491190069,44,22,0.0375,0.192376,12,1,0,0,1,0.38327
18.72126469657505,45,23,0.0375,0.38327,0,1,0,0,1,0.000805
14.225678470399624,33,11,0.3778,0.0,1,1,0,0,1,0.028619
14.25429711931775,34,12,0.3778,0.028619,1,1,0,0,1,-0.059809
14.1944881845354,35,13,0.3778,-0.059809,1,1,0,0,1,-0.142957
14.051531284468135,36,14,0.3778,-0.142957,1,1,0,0,1,0.259129
14.310660727268568,37,15,0.3778,0.259129,1,1,0,0,1,0.212535
14.523195469471803,38,16,0.3778,0.212535,1,1,0,0,1,-0.257353
14.265842894871113,39,17,0.3778,-0.257353,1,1,0,0,1,-0.084894
14.180948504368674,40,18,0.3778,-0.084894,1,1,0,0,1,-0.529464
13.651484923859417,41,19,0.3778,-0.529464,0,1,0,0,1,-0.047428
13.604057164581429,42,20,0.3778,-0.047428,1,1,0,0,1,0.099798
13.703855444314879,43,21,0.3778,0.099798,1,1,0,0,1,0.174008
13.877863407792752,44,22,0.3778,0.174008,1,1,0,0,1,0.31755
14.19541313634818,45,23,0.3778,0.31755,1,1,0,0,1,0.486681
14.682094043123781,46,24,0.3778,0.486681,0,1,0,0,1,0.011096
14.693190328549,47,25,0.3778,0.011096,1,1,0,0,1,-0.006626
14.686564287739714,48,26,0.3778,-0.006626,1,1,0,0,1,0.55746
15.213461904950238,26,4,0.0486,0.0,1,1,0,0,0,-0.037839
15.175622442691058,27,5,0.0486,-0.037839,3,1,0,0,0,-0.003366
15.172256262800863,28,6,0.0486,-0.003366,5,1,0,0,0,-0.033218
15.139038559070734,29,7,0.0486,-0.033218,7,1,0,0,0,-0.155649
14.983389782658028,30,8,0.0486,-0.155649,9,1,0,0,0,-0.061663
14.921726458634392,31,9,0.0486,-0.061663,11,1,0,0,0,-0.287097
14.634629828010643,32,10,0.0486,-0.287097,13,1,0,0,0,0.010914
14.645544035423171,33,11,0.0486,0.010914,15,1,0,0,0,0.259349
14.904893141488648,34,12,0.0486,0.259349,17,1,0,0,0,0.318654
15.223546719093097,35,13,0.0486,0.318654,0,1,0,0,0,0.0755
15.299046917193651,36,14,0.0486,0.0755,2,1,0,0,0,-0.049623
15.249423520681205,37,15,0.0486,-0.049623,4,1,0,0,0,0.066242
15.315665317639004,38,16,0.0486,0.066242,6,1,0,0,0,0.208252
15.523917223034363,39,17,0.0486,0.208252,8,1,0,0,0,0.088386
15.61230310503136,40,18,0.0486,0.088386,10,1,0,0,0,0.080598
15.692901569177415,41,19,0.0486,0.080598,12,1,0,0,0,0.164298
12.997466112627169,30,8,0.0073,0.0,1,1,0,0,1,0.220842
13.218307678618876,31,9,0.0073,0.220842,3,1,0,0,1,-0.117475
13.10083314132116,32,10,0.0073,-0.117475,5,1,0,0,1,-0.048303
13.052530622028922,33,11,0.0073,-0.048303,7,1,0,0,1,0.023987
13.076517601203298,34,12,0.0073,0.023987,9,1,0,0,1,0.005193
13.08171107375379,35,13,0.0073,0.005193,11,1,0,0,1,0.013246
13.094957072142863,36,14,0.0073,0.013246,13,1,0,0,1,-0.05825
13.036707160408758,37,15,0.0073,-0.05825,15,1,0,0,1,-0.022482
13.014224942868735,38,16,0.0073,-0.022482,17,1,0,0,1,0.077619
13.091844156939278,39,17,0.0073,0.077619,0,1,0,0,1,0.005539
13.097383273081762,40,18,0.0073,0.005539,2,1,0,0,1,-0.104287
12.993095813475408,41,19,0.0073,-0.104287,4,1,0,0,1,-0.001777
12.991318934813838,42,20,0.0073,-0.001777,6,1,0,0,1,0.128226
13.119544508555059,43,21,0.0073,0.128226,8,1,0,0,1,0.172071
13.291615099787489,44,22,0.0073,0.172071,10,1,0,0,1,-0.026729
13.26488640770151,45,23,0.0073,-0.026729,12,1,0,0,1,0.283018
11.269817969366422,34,12,0.2389,0.0,1,1,0,0,0,0.39066
11.660477934933729,35,13,0.2389,0.39066,3,1,0,0,0,0.619203
12.279680954300652,36,14,0.2389,0.619203,5,1,0,0,0,0.296698
12.576379072165885,37,15,0.2389,0.296698,7,1,0,0,0,0.17398
12.750359351460402,38,16,0.2389,0.17398,9,1,0,0,0,0.284864
13.035223432947406,39,17,0.2389,0.284864,0,1,0,0,0,0.166716
13.20193954226909,40,18,0.2389,0.166716,2,1,0,0,0,0.222256
13.42419513350786,41,19,0.2389,0.222256,0,1,0,0,0,0.235892
13.660086964635893,42,20,0.2389,0.235892,2,1,0,0,0,0.23991
13.899996557859097,43,21,0.2389,0.23991,0,1,0,0,0,-0.102415
13.797581187025559,44,22,0.2389,-0.102415,2,1,0,0,0,0.421188
14.21876968702366,45,23,0.2389,0.421188,0,1,0,0,0,0.41143
14.63019931321548,46,24,0.2389,0.41143,0,1,0,0,0,0.027062
14.657261255333184,47,25,0.2389,0.027062,2,1,0,0,0,-0.039051
14.61821019365097,48,26,0.2389,-0.039051,4,1,0,0,0,0.047807
14.666017064677288,49,27,0.2389,0.047807,6,1,0,0,0,-0.298116
13.442560125023926,34,12,0.6701,0.0,1,0,1,0,1,-0.225823
13.21673755593534,35,13,0.6701,-0.225823,3,0,1,0,1,0.39182
13.60855757266818,36,14,0.6701,0.39182,5,0,1,0,1,0.167261
13.775818642837601,37,15,0.6701,0.167261,7,0,1,0,1,-0.169336
13.606482230098633,38,16,0.6701,-0.169336,9,0,1,0,1,0.227925
13.834407683221583,39,17,0.6701,0.227925,11,0,1,0,1,-0.409144
13.425263619000669,40,18,0.6701,-0.409144,0,0,1,0,1,-0.55477
12.870493813414964,41,19,0.6701,-0.55477,2,0,1,0,1,0.79243
13.662924225964941,42,20,0.6701,0.79243,4,0,1,0,1,0.298543
13.961466811079488,43,21,0.6701,0.298543,6,0,1,0,1,-0.168716
13.79275038365221,44,22,0.6701,-0.168716,8,0,1,0,1,0.128909
13.921659217423311,45,23,0.6701,0.128909,10,0,1,0,1,0.671569
14.59322820951333,46,24,0.6701,0.671569,12,0,1,0,1,0.072303
14.665531659279095,47,25,0.6701,0.072303,14,0,1,0,1,0.253696
14.919228139557568,48,26,0.6701,0.253696,16,0,1,0,1,-0.628136
14.291091758043494,49,27,0.6701,-0.628136,18,0,1,0,1,-0.0756
13.364753543784468,31,9,0.2574,0.0,1,1,0,0,0,0.104243
13.468997005237034,32,10,0.2574,0.104243,1,1,0,0,0,0.394193
13.863190241371772,33,11,0.2574,0.394193,1,1,0,0,0,0.168166
14.031356585996447,34,12,0.2574,0.168166,1,1,0,0,0,-0.059489
13.971867646026702,35,13,0.2574,-0.059489,1,1,0,0,0,0.149427
14.121294956017714,36,14,0.2574,0.149427,1,1,0,0,0,0.494207
14.61550181449084,37,15,0.2574,0.494207,0,1,0,0,0,-0.151225
14.464276764340557,38,16,0.2574,-0.151225,1,1,0,0,0,0.007813
14.47209016874173,39,17,0.2574,0.007813,1,1,0,0,0,0.06799
14.540079719848702,40,18,0.2574,0.06799,1,1,0,0,0,-0.016976
14.523103501675337,41,19,0.2574,-0.016976,1,1,0,0,0,0.041538
14.564641218782736,42,20,0.2574,0.041538,1,1,0,0,0,-0.130276
14.434365149703524,43,21,0.2574,-0.130276,1,1,0,0,0,-0.008784
14.425580767724913,44,22,0.2574,-0.008784,1,1,0,0,0,0.019825
14.445406161172546,45,23,0.2574,0.019825,1,1,0,0,0,0.122546
14.567952131180858,46,24,0.2574,0.122546,1,1,0,0,0,0.70579
15.045345785516192,28,6,0.6932,0.0,1,0,1,0,0,-0.110293
14.935052876948737,29,7,0.6932,-0.110293,3,0,1,0,0,-0.558356
14.376696665405662,30,8,0.6932,-0.558356,5,0,1,0,0,-0.596419
13.780277314479585,31,9,0.6932,-0.596419,0,0,1,0,0,-0.373009
13.40726817203731,32,10,0.6932,-0.373009,2,0,1,0,0,-0.756235
12.651033259515348,33,11,0.6932,-0.756235,4,0,1,0,0,0.359413
13.010446024070726,34,12,0.6932,0.359413,0,0,1,0,0,0.600675
13.61112089575328,35,13,0.6932,0.600675,2,0,1,0,0,-0.222132
13.38898900016521,36,14,0.6932,-0.222132,4,0,1,0,0,-0.22779
13.161198673158038,37,15,0.6932,-0.22779,0,0,1,0,0,-0.331957
12.829241526695858,38,16,0.6932,-0.331957,2,0,1,0,0,-0.007161
12.822080478379887,39,17,0.6932,-0.007161,4,0,1,0,0,0.48883
13.310910086050455,40,18,0.6932,0.48883,6,0,1,0,0,-0.248436
13.06247413537742,41,19,0.6932,-0.248436,8,0,1,0,0,-0.603407
12.459067162152017,42,20,0.6932,-0.603407,10,0,1,0,0,-0.516464
11.942603189778458,43,21,0.6932,-0.516464,12,0,1,0,0,0.523394
13.214832379330408,27,5,0.0,0.0,1,1,0,0,0,0.192223
13.407055291617134,28,6,0.0,0.192223,1,1,0,0,0,0.13028
13.53733523742834,29,7,0.0,0.13028,1,1,0,0,0,-0.086
13.45133483243521,30,8,0.0,-0.086,1,1,0,0,0,-0.013927
13.43740810174807,31,9,0.0,-0.013927,1,1,0,0,0,-0.248917
13.188490725512489,32,10,0.0,-0.248917,0,1,0,0,0,0.092886
13.281376585857792,33,11,0.0,0.092886,1,1,0,0,0,0.29172
13.573096906356048,34,12,0.0,0.29172,0,1,0,0,0,-0.028425
13.544672122765704,35,13,0.0,-0.028425,1,1,0,0,0,0.059903
13.60457554968451,36,14,0.0,0.059903,1,1,0,0,0,-0.06294
13.54163597391598,37,15,0.0,-0.06294,1,1,0,0,0,0.152349
13.693984842149732,38,16,0.0,0.152349,1,1,0,0,0,0.004891
13.698875796605604,39,17,0.0,0.004891,1,1,0,0,0,-0.025438
13.673437462992892,40,18,0.0,-0.025438,1,1,0,0,0,-0.123184
13.550253321966144,41,19,0.0,-0.123184,1,1,0,0,0,-0.02872
13.521533526340992,42,20,0.0,-0.02872,1,1,0,0,0,0.214101
12.51669325208174,30,8,0.0,0.0,1,1,0,0,0,0.158029
12.674722579642111,31,9,0.0,0.158029,3,1,0,0,0,-0.18029
12.494432512505877,32,10,0.0,-0.18029,0,1,0,0,0,0.248551
12.74298314118209,33,11,0.0,0.248551,2,1,0,0,0,0.678194
13.421177320074095,34,12,0.0,0.678194,0,1,0,0,0,0.156721
13.577898421506845,35,13,0.0,0.156721,2,1,0,0,0,0.073785
13.651683478020187,36,14,0.0,0.073785,4,1,0,0,0,0.230191
13.881874153766004,37,15,0.0,0.230191,6,1,0,0,0,0.05212
13.933994246846616,38,16,0.0,0.05212,8,1,0,0,0,0.083966
14.01796042386909,39,17,0.0,0.083966,10,1,0,0,0,0.174886
14.192846752880945,40,18,0.0,0.174886,12,1,0,0,0,0.239877
14.432723980189095,41,19,0.0,0.239877,14,1,0,0,0,0.208681
14.641404722306225,42,20,0.0,0.208681,16,1,0,0,0,0.584397
15.225801479494084,43,21,0.0,0.584397,0,1,0,0,0,0.126979
15.3527806297326,44,22,0.0,0.126979,2,1,0,0,0,0.184855
15.537635974486426,45,23,0.0,0.184855,4,1,0,0,0,-0.059357
12.854897456812386,28,6,0.079,0.0,1,1,0,0,1,-0.05139
12.80350730559826,29,7,0.079,-0.05139,3,1,0,0,1,-0.111006
12.692500893314762,30,8,0.079,-0.111006,5,1,0,0,1,0.316452
13.008952970298527,31,9,0.079,0.316452,7,1,0,0,1,0.438268
13.447221431917443,32,10,0.079,0.438268,9,1,0,0,1,0.038093
13.485314884989128,33,11,0.079,0.038093,11,1,0,0,1,0.143684
13.628998450096644,34,12,0.079,0.143684,13,1,0,0,1,0.152327
13.781325789689625,35,13,0.079,0.152327,15,1,0,0,1,-0.049482
13.731844084011668,36,14,0.079,-0.049482,17,1,0,0,1,-0.189104
13.542740229415793,37,15,0.079,-0.189104,19,1,0,0,1,-0.087321
13.455419518133967,38,16,0.079,-0.087321,21,1,0,0,1,0.074699
13.530118619059996,39,17,0.079,0.074699,23,1,0,0,1,0.337685
13.867803512590026,40,18,0.079,0.337685,25,1,0,0,1,0.148797
14.01660098648424,41,19,0.079,0.148797,27,1,0,0,1,-0.008274
14.008327416086756,42,20,0.079,-0.008274,29,1,0,0,1,0.24431
14.252637207314104,43,21,0.079,0.24431,0,1,0,0,1,-0.0325
11.955427695730208,23,1,0.0,0.0,1,1,0,0,0,0.271374
12.226802002197523,24,2,0.0,0.271374,0,1,0,0,0,0.279844
12.506646352667241,25,3,0.0,0.279844,2,1,0,0,0,0.116002
12.622648197148846,26,4,0.0,0.116002,0,1,0,0,0,-0.042319
12.580328939638873,27,5,0.0,-0.042319,2,1,0,0,0,0.139259
12.719588084927011,28,6,0.0,0.139259,4,1,0,0,0,0.061177
12.78076539998508,29,7,0.0,0.061177,6,1,0,0,0,0.261521
13.042286346619562,30,8,0.0,0.261521,8,1,0,0,0,0.262029
13.304315142458451,31,9,0.0,0.262029,10,1,0,0,0,0.121127
13.425442112767943,32,10,0.0,0.121127,12,1,0,0,0,0.173312
13.598754003015358,33,11,0.0,0.173312,14,1,0,0,0,-0.008289
13.590464632807794,34,12,0.0,-0.008289,16,1,0,0,0,0.265866
13.85633023029615,35,13,0.0,0.265866,0,1,0,0,0,0.23893
14.095260319697033,36,14,0.0,0.23893,2,1,0,0,0,-0.011232
14.084028777152268,37,15,0.0,-0.011232,4,1,0,0,0,0.126043
14.210071721774682,38,16,0.0,0.126043,6,1,0,0,0,0.13188
13.990912781554242,26,4,0.0619,0.0,1,1,0,0,0,0.561742
14.552654412550144,27,5,0.0619,0.561742,0,1,0,0,0,0.057347
14.610001891286947,28,6,0.0619,0.057347,2,1,0,0,0,-0.101924
14.508077848453068,29,7,0.0619,-0.101924,4,1,0,0,0,0.097037
14.605115018255285,30,8,0.0619,0.097037,6,1,0,0,0,0.239821
14.844936252724471,31,9,0.0619,0.239821,0,1,0,0,0,-0.024215
14.820721540253373,32,10,0.0619,-0.024215,2,1,0,0,0,-0.209706
14.611015095324422,33,11,0.0619,-0.209706,4,1,0,0,0,0.17795
14.7889655399358,34,12,0.0619,0.17795,0,1,0,0,0,0.668015
15.4569806092068,35,13,0.0619,0.668015,0,1,0,0,0,0.055371
15.512352043863675,36,14,0.0619,0.055371,2,1,0,0,0,0.105062
15.617414508434239,37,15,0.0619,0.105062,4,1,0,0,0,-0.050558
15.56685613683325,38,16,0.0619,-0.050558,6,1,0,0,0,0.047179
15.614035456231596,39,17,0.0619,0.047179,8,1,0,0,0,0.127196
15.741231048810317,40,18,0.0619,0.127196,10,1,0,0,0,-0.00301
15.738221393505318,41,19,0.0619,-0.00301,12,1,0,0,0,0.062911
11.133983120224727,22,0,0.3356,0.0,1,1,0,0,1,0.079277
11.213260444303854,23,1,0.3356,0.079277,3,1,0,0,1,0.190938
11.404198100660022,24,2,0.3356,0.190938,5,1,0,0,1,-0.058306
11.34589232688688,25,3,0.3356,-0.058306,0,1,0,0,1,-0.118295
11.22759735890152,26,4,0.3356,-0.118295,2,1,0,0,1,0.257852
11.485449327548917,27,5,0.3356,0.257852,4,1,0,0,1,0.225604
11.711053180910707,28,6,0.3356,0.225604,6,1,0,0,1,0.168819
11.879872555772158,29,7,0.3356,0.168819,8,1,0,0,1,-0.013637
11.866235278861211,30,8,0.3356,-0.013637,10,1,0,0,1,-0.06724
11.798995595952764,31,9,0.3356,-0.06724,12,1,0,0,1,-0.138651
11.6603441683354,32,10,0.3356,-0.138651,14,1,0,0,1,0.064747
11.725091269294575,33,11,0.3356,0.064747,16,1,0,0,1,0.140086
11.865177242222053,34,12,0.3356,0.140086,18,1,0,0,1,-0.114014
11.751163567023063,35,13,0.3356,-0.114014,20,1,0,0,1,0.230303
11.981466226356927,36,14,0.3356,0.230303,22,1,0,0,1,0.109534
12.090999925575135,37,15,0.3356,0.109534,24,1,0,0,1,0.116035
12.102448624230128,28,6,0.2064,0.0,1,1,0,0,1,0.208456
12.310904498296958,29,7,0.2064,0.208456,3,1,0,0,1,0.825444
13.136348625918032,30,8,0.2064,0.825444,0,1,0,0,1,-0.014971
13.121378079840895,31,9,0.2064,-0.014971,2,1,0,0,1,-0.039135
13.082242865796832,32,10,0.2064,-0.039135,4,1,0,0,1,0.027641
13.109883856862288,33,11,0.2064,0.027641,6,1,0,0,1,0.019077
13.128961154885868,34,12,0.2064,0.019077,8,1,0,0,1,-0.146435
12.982526201704784,35,13,0.2064,-0.146435,0,1,0,0,1,0.23064
13.213166541542702,36,14,0.2064,0.23064,2,1,0,0,1,0.038298
13.251464748248239,37,15,0.2064,0.038298,4,1,0,0,1,0.176217
13.427682204746745,38,16,0.2064,0.176217,6,1,0,0,1,0.33343
13.761111782573137,39,17,0.2064,0.33343,0,1,0,0,1,0.161026
13.922137310646916,40,18,0.2064,0.161026,2,1,0,0,1,0.09924
14.021377632775595,41,19,0.2064,0.09924,4,1,0,0,1,0.130606
14.151983515481652,42,20,0.2064,0.130606,6,1,0,0,1,0.244549
14.396532614355971,43,21,0.2064,0.244549,8,1,0,0,1,0.405196
11.002099841204238,27,5,0.2278,0.0,1,1,0,0,0,0.0
11.002099841204238,28,6,0.2278,0.0,3,1,0,0,0,0.0
11.002099841204238,29,7,0.2278,0.0,5,1,0,0,0,0.0
11.002099841204238,30,8,0.2278,0.0,7,1,0,0,0,0.0
11.002099841204238,31,9,0.2278,0.0,9,1,0,0,0,0.0
11.002099841204238,32,10,0.2278,0.0,11,1,0,0,0,0.0
11.002099841204238,33,11,0.2278,0.0,0,1,0,0,0,0.0
11.002099841204238,34,12,0.2278,0.0,2,1,0,0,0,0.08752
11.089619924952771,35,13,0.2278,0.08752,0,1,0,0,0,0.209473
11.299093042979173,36,14,0.2278,0.209473,2,1,0,0,0,0.041553
11.340646357614517,37,15,0.2278,0.041553,0,1,0,0,0,0.039344
11.379990432658222,38,16,0.2278,0.039344,0,1,0,0,0,0.002869
11.382859137363745,39,17,0.2278,0.002869,2,1,0,0,0,-0.130873
11.251985988865492,40,18,0.2278,-0.130873,4,1,0,0,0,-0.053978
11.198007910200184,41,19,0.2278,-0.053978,6,1,0,0,0,0.110771
11.308778757276698,42,20,0.2278,0.110771,8,1,0,0,0,-0.051534
11.796442507360776,32,10,0.1131,0.0,1,1,0,0,0,0.439136
12.235578968349074,33,11,0.1131,0.439136,0,1,0,0,0,0.263841
12.499419854368815,34,12,0.1131,0.263841,2,1,0,0,0,0.346352
12.84577140471165,35,13,0.1131,0.346352,0,1,0,0,0,0.553208
13.398979179162355,36,14,0.1131,0.553208,0,1,0,0,0,0.109753
13.508732591498143,37,15,0.1131,0.109753,2,1,0,0,0,0.239153
13.74788590831091,38,16,0.1131,0.239153,4,1,0,0,0,0.051006
13.798892386728184,39,17,0.1131,0.051006,6,1,0,0,0,-0.005977
13.79291570393354,40,18,0.1131,-0.005977,8,1,0,0,0,-0.149676
13.643239792022777,41,19,0.1131,-0.149676,10,1,0,0,0,-0.073806
13.569433674132368,42,20,0.1131,-0.073806,12,1,0,0,0,0.456654
14.026087305749757,43,21,0.1131,0.456654,0,1,0,0,0,0.328693
14.354780724823891,44,22,0.1131,0.328693,2,1,0,0,0,0.11462
14.469401059197752,45,23,0.1131,0.11462,0,1,0,0,0,0.412528
14.881928715476263,46,24,0.1131,0.412528,0,1,0,0,0,0.275061
15.156989970570551,47,25,0.1131,0.275061,2,1,0,0,0,0.100476
13.408854377079132,28,6,0.0,0.0,1,1,0,0,1,0.063627
13.472480879057589,29,7,0.0,0.063627,3,1,0,0,1,-0.054578
13.417902417364198,30,8,0.0,-0.054578,5,1,0,0,1,0.117576
13.535478256695397,31,9,0.0,0.117576,7,1,0,0,1,0.116562
13.652040281808391,32,10,0.0,0.116562,9,1,0,0,1,0.182648
13.834687965342626,33,11,0.0,0.182648,11,1,0,0,1,0.121923
13.956610731357385,34,12,0.0,0.121923,13,1,0,0,1,-0.033491
13.923120087698022,35,13,0.0,-0.033491,15,1,0,0,1,0.010656
13.933776228612167,36,14,0.0,0.010656,17,1,0,0,1,0.066076
13.999851761648623,37,15,0.0,0.066076,19,1,0,0,1,0.059965
14.059817002978024,38,16,0.0,0.059965,21,1,0,0,1,0.126932
14.186749085061697,39,17,0.0,0.126932,23,1,0,0,1,0.267095
14.45384366300489,40,18,0.0,0.267095,0,1,0,0,1,-0.091181
14.362662457989412,41,19,0.0,-0.091181,2,1,0,0,1,0.053482
14.416144886935058,42,20,0.0,0.053482,4,1,0,0,1,-0.072624
14.343521029913225,43,21,0.0,-0.072624,6,1,0,0,1,-0.22649
11.92423046841986,25,3,0.0383,0.0,1,1,0,0,0,0.229982
12.154212256977544,26,4,0.0383,0.229982,3,1,0,0,0,0.156685
12.310896948177442,27,5,0.0383,0.156685,5,1,0,0,0,0.215601
12.52649769206983,28,6,0.0383,0.215601,7,1,0,0,0,0.156556
12.683053218168528,29,7,0.0383,0.156556,9,1,0,0,0,0.442536
13.125588726781176,30,8,0.0383,0.442536,11,1,0,0,0,0.477976
13.603564557161771,31,9,0.0383,0.477976,13,1,0,0,0,0.20467
13.808234599139535,32,10,0.0383,0.20467,15,1,0,0,0,0.304507
14.112741320281788,33,11,0.0383,0.304507,17,1,0,0,0,0.118193
14.23093430565944,34,12,0.0383,0.118193,19,1,0,0,0,-0.012813
14.218120816932604,35,13,0.0383,-0.012813,21,1,0,0,0,0.214455
14.432575717130007,36,14,0.0383,0.214455,23,1,0,0,0,0.141257
14.573833132468723,37,15,0.0383,0.141257,25,1,0,0,0,0.253536
14.827369624165852,38,16,0.0383,0.253536,27,1,0,0,0,0.240947
15.06831641427096,39,17,0.0383,0.240947,29,1,0,0,0,0.043303
15.111619410163811,40,18,0.0383,0.043303,31,1,0,0,0,0.25842
12.292293067680555,26,4,0.2215,0.0,1,1,0,0,1,0.856861
13.149154338559926,27,5,0.2215,0.856861,0,1,0,0,1,0.223569
13.37272347379713,28,6,0.2215,0.223569,2,1,0,0,1,0.089176
13.461898985033912,29,7,0.2215,0.089176,4,1,0,0,1,0.253471
13.715369509796737,30,8,0.2215,0.253471,6,1,0,0,1,0.071332
13.786701825131257,31,9,0.2215,0.071332,8,1,0,0,1,0.229802
14.016504034066205,32,10,0.2215,0.229802,10,1,0,0,1,-0.135866
13.88063835970347,33,11,0.2215,-0.135866,12,1,0,0,1,-0.076617
13.804021834850863,34,12,0.2215,-0.076617,14,1,0,0,1,0.226448
14.030470052240824,35,13,0.2215,0.226448,16,1,0,0,1,0.197994
14.228463577115658,36,14,0.2215,0.197994,18,1,0,0,1,0.29616
14.52462367098742,37,15,0.2215,0.29616,20,1,0,0,1,0.349024
14.873647560907084,38,16,0.2215,0.349024,22,1,0,0,1,0.168893
15.042541010479988,39,17,0.2215,0.168893,24,1,0,0,1,0.19252
15.235061269137645,40,18,0.2215,0.19252,26,1,0,0,1,0.181644
15.416705116923982,41,19,0.2215,0.181644,28,1,0,0,1,-0.074197
13.112989049060825,25,3,0.4864,0.0,1,1,0,0,1,-0.062638
13.050350618157575,26,4,0.4864,-0.062638,3,1,0,0,1,0.085856
13.136206748294882,27,5,0.4864,0.085856,5,1,0,0,1,0.168823
13.305029669448635,28,6,0.4864,0.168823,7,1,0,0,1,0.464196
13.76922539205647,29,7,0.4864,0.464196,0,1,0,0,1,0.07404
13.843265754266302,30,8,0.4864,0.07404,2,1,0,0,1,0.107005
13.950271001977951,31,9,0.4864,0.107005,4,1,0,0,1,0.481169
14.431439879978456,32,10,0.4864,0.481169,6,1,0,0,1,0.192115
14.62355467244195,33,11,0.4864,0.192115,8,1,0,0,1,-0.047587
14.57596796933607,34,12,0.4864,-0.047587,10,1,0,0,1,0.466137
15.042104471079433,35,13,0.4864,0.466137,0,1,0,0,1,0.143694
15.18579860295883,36,14,0.4864,0.143694,2,1,0,0,1,-0.1186
15.06719848101797,37,15,0.4864,-0.1186,4,1,0,0,1,-0.054577
15.012621242340309,38,16,0.4864,-0.054577,6,1,0,0,1,-0.156161
14.856460551338412,39,17,0.4864,-0.156161,8,1,0,0,1,-0.076784
14.77967618331174,40,18,0.4864,-0.076784,10,1,0,0,1,-0.022813
12.572874894829546,28,6,0.2466,0.0,1,1,0,0,0,0.075407
12.648281544195143,29,7,0.2466,0.075407,3,1,0,0,0,0.140293
12.788574401698167,30,8,0.2466,0.140293,5,1,0,0,0,0.15826
12.94683427292282,31,9,0.2466,0.15826,7,1,0,0,0,0.190087
13.136920923179245,32,10,0.2466,0.190087,9,1,0,0,0,0.175023
13.311943997438874,33,11,0.2466,0.175023,11,1,0,0,0,0.243405
13.555349117424822,34,12,0.2466,0.243405,13,1,0,0,0,0.149146
13.704495446581685,35,13,0.2466,0.149146,15,1,0,0,0,0.076671
13.781166209090083,36,14,0.2466,0.076671,17,1,0,0,0,0.262979
14.04414501027958,37,15,0.2466,0.262979,19,1,0,0,0,0.020609
14.064754423090118,38,16,0.2466,0.020609,21,1,0,0,0,0.048949
14.113703558176601,39,17,0.2466,0.048949,23,1,0,0,0,0.032087
14.145790587538512,40,18,0.2466,0.032087,0,1,0,0,0,0.051716
14.197506682090365,41,19,0.2466,0.051716,2,1,0,0,0,0.20578
14.40328652974262,42,20,0.2466,0.20578,4,1,0,0,0,0.195085
14.598371187579732,43,21,0.2466,0.195085,6,1,0,0,0,0.228691
13.45670336274602,34,12,0.35,0.0,1,0,1,0,1,-0.031701
13.425002515038695,35,13,0.35,-0.031701,3,0,1,0,1,0.527889
13.952892003532197,36,14,0.35,0.527889,5,0,1,0,1,-0.127263
13.82562930519698,37,15,0.35,-0.127263,7,0,1,0,1,-0.022097
13.803532169591232,38,16,0.35,-0.022097,9,0,1,0,1,0.686186
14.489718312303253,39,17,0.35,0.686186,0,0,1,0,1,0.037849
14.52756683077439,40,18,0.35,0.037849,2,0,1,0,1,-0.686487
13.84108008347757,41,19,0.35,-0.686487,4,0,1,0,1,-0.645087
13.195992722484942,42,20,0.35,-0.645087,0,0,1,0,1,0.034235
13.23022812666262,43,21,0.35,0.034235,2,0,1,0,1,-0.070647
13.159581291874542,44,22,0.35,-0.070647,4,0,1,0,1,-0.221857
12.937724373800044,45,23,0.35,-0.221857,6,0,1,0,1,-0.447307
12.490417545689816,46,24,0.35,-0.447307,8,0,1,0,1,-0.20424
12.286177631288293,47,25,0.35,-0.20424,10,0,1,0,1,0.95545
13.241627615917144,48,26,0.35,0.95545,12,0,1,0,1,0.320744
13.562371264435475,49,27,0.35,0.320744,14,0,1,0,1,0.192572
15.473886235269596,24,2,0.4536,0.0,1,0,1,0,1,-0.779189
14.694696952561369,25,3,0.4536,-0.779189,3,0,1,0,1,-0.749583
13.945113898546404,26,4,0.4536,-0.749583,5,0,1,0,1,-0.331854
13.613259436701467,27,5,0.4536,-0.331854,7,0,1,0,1,-0.362114
13.251145484943375,28,6,0.4536,-0.362114,9,0,1,0,1,-0.30902
12.942125594296892,29,7,0.4536,-0.30902,11,0,1,0,1,0.357656
13.299781429360078,30,8,0.4536,0.357656,13,0,1,0,1,0.10138
13.401161772060274,31,9,0.4536,0.10138,15,0,1,0,1,0.381604
13.782765948536243,32,10,0.4536,0.381604,17,0,1,0,1,-0.096847
13.685919127386585,33,11,0.4536,-0.096847,19,0,1,0,1,-0.602718
13.083201312052292,34,12,0.4536,-0.602718,21,0,1,0,1,0.340747
13.423948783076874,35,13,0.4536,0.340747,0,0,1,0,1,-0.344246
13.079702970245732,36,14,0.4536,-0.344246,2,0,1,0,1,-0.258206
12.821496582629608,37,15,0.4536,-0.258206,4,0,1,0,1,-0.200151
12.621345586016858,38,16,0.4536,-0.200151,6,0,1,0,1,-0.627236
11.994109289285841,39,17,0.4536,-0.627236,8,0,1,0,1,-0.471738
11.698081570719493,33,11,0.2855,0.0,1,1,0,0,0,-0.237654
11.460427977214264,34,12,0.2855,-0.237654,3,1,0,0,0,-0.041336
11.419091905512037,35,13,0.2855,-0.041336,5,1,0,0,0,0.079592
11.498684231497002,36,14,0.2855,0.079592,7,1,0,0,0,0.323885
11.82256892026149,37,15,0.2855,0.323885,9,1,0,0,0,0.23347
12.056039116993242,38,16,0.2855,0.23347,11,1,0,0,0,0.418093
12.47413234811695,39,17,0.2855,0.418093,0,1,0,0,0,0.019186
12.493317917954808,40,18,0.2855,0.019186,2,1,0,0,0,0.027399
12.52071712416497,41,19,0.2855,0.027399,4,1,0,0,0,0.046406
12.567123550849972,42,20,0.2855,0.046406,6,1,0,0,0,-0.200318
12.366805083265488,43,21,0.2855,-0.200318,8,1,0,0,0,-0.166005
12.200800215232826,44,22,0.2855,-0.166005,10,1,0,0,0,-0.067862
12.1329381458187,45,23,0.2855,-0.067862,12,1,0,0,0,-0.038617
12.094320841866086,46,24,0.2855,-0.038617,0,1,0,0,0,-0.015486
12.078835174166171,47,25,0.2855,-0.015486,2,1,0,0,0,0.012832
12.091666702486014,48,26,0.2855,0.012832,4,1,0,0,0,-0.076599
14.01900513882653,24,2,0.5258,0.0,1,1,0,0,1,-0.105887
13.913118167341073,25,3,0.5258,-0.105887,3,1,0,0,1,-0.070181
13.842937152145673,26,4,0.5258,-0.070181,5,1,0,0,1,-0.254238
13.588699561282198,27,5,0.5258,-0.254238,7,1,0,0,1,0.028086
13.616785837668408,28,6,0.5258,0.028086,9,1,0,0,1,0.071558
13.68834381686351,29,7,0.5258,0.071558,11,1,0,0,1,0.21472
13.903064180250722,30,8,0.5258,0.21472,13,1,0,0,1,0.08711
13.990174275961976,31,9,0.5258,0.08711,15,1,0,0,1,-0.259334
13.730840615728013,32,10,0.5258,-0.259334,17,1,0,0,1,0.042123
13.772963443866578,33,11,0.5258,0.042123,19,1,0,0,1,0.21455
13.987513495300929,34,12,0.5258,0.21455,0,1,0,0,1,-0.167775
13.8197381834835,35,13,0.5258,-0.167775,2,1,0,0,1,-0.267629
13.552109673314915,36,14,0.5258,-0.267629,4,1,0,0,1,-0.042837
13.509273051270874,37,15,0.5258,-0.042837,6,1,0,0,1,-0.175968
13.33330540945129,38,16,0.5258,-0.175968,0,1,0,0,1,0.118698
13.452003504089985,39,17,0.5258,0.118698,2,1,0,0,1,0.039304
13.898437040005643,30,8,0.203,0.0,1,1,0,0,0,0.226145
14.124582260250655,31,9,0.203,0.226145,3,1,0,0,0,0.045642
14.170224673299936,32,10,0.203,0.045642,5,1,0,0,0,-0.027095
14.143129919605242,33,11,0.203,-0.027095,7,1,0,0,0,0.196638
14.339767478130092,34,12,0.203,0.196638,0,1,0,0,0,0.133217
14.472984957590153,35,13,0.203,0.133217,2,1,0,0,0,0.20246
14.675444929265685,36,14,0.203,0.20246,4,1,0,0,0,0.429863
15.105307526095299,37,15,0.203,0.429863,6,1,0,0,0,0.250904
15.35621117668989,38,16,0.203,0.250904,8,1,0,0,0,0.387167
15.743378152778902,39,17,0.203,0.387167,10,1,0,0,0,0.213907
15.957285551175906,40,18,0.203,0.213907,12,1,0,0,0,0.069882
16.0271676856861,41,19,0.203,0.069882,14,1,0,0,0,0.368379
16.3955468430683,42,20,0.203,0.368379,16,1,0,0,0,0.337399
16.732945672077776,43,21,0.203,0.337399,18,1,0,0,0,0.247628
16.980573891806277,44,22,0.203,0.247628,20,1,0,0,0,0.523135
17.503708495084993,45,23,0.203,0.523135,0,1,0,0,0,0.136251
13.256214770080602,23,1,0.2293,0.0,1,1,0,0,0,-0.116643
13.139571929178556,24,2,0.2293,-0.116643,3,1,0,0,0,-0.21708
12.922491905054043,25,3,0.2293,-0.21708,5,1,0,0,0,0.034388
12.95687949240052,26,4,0.2293,0.034388,7,1,0,0,0,0.095578
13.052457862114034,27,5,0.2293,0.095578,0,1,0,0,0,0.400717
13.453174664102347,28,6,0.2293,0.400717,2,1,0,0,0,0.212755
13.66592967653075,29,7,0.2293,0.212755,4,1,0,0,0,-0.112651
13.55327915991195,30,8,0.2293,-0.112651,6,1,0,0,0,-0.148271
13.405007696072149,31,9,0.2293,-0.148271,0,1,0,0,0,0.134873
13.539880399001246,32,10,0.2293,0.134873,2,1,0,0,0,0.194385
13.734265221241014,33,11,0.2293,0.194385,4,1,0,0,0,0.154799
13.88906448340679,34,12,0.2293,0.154799,6,1,0,0,0,-0.171474
13.717590146761935,35,13,0.2293,-0.171474,8,1,0,0,0,0.069455
13.787045557277272,36,14,0.2293,0.069455,10,1,0,0,0,0.036475
13.823520184552017,37,15,0.2293,0.036475,12,1,0,0,0,0.007723
13.83124295161321,38,16,0.2293,0.007723,14,1,0,0,0,0.067181
14.966998878370466,32,10,0.8268,0.0,1,0,1,0,0,0.082436
15.049434767668684,33,11,0.8268,0.082436,3,0,1,0,0,0.985475
16.03490994481438,34,12,0.8268,0.985475,5,0,1,0,0,0.013771
16.048680673584784,35,13,0.8268,0.013771,7,0,1,0,0,0.492684
16.54136457589499,36,14,0.8268,0.492684,9,0,1,0,0,-0.412702
16.12866277170473,37,15,0.8268,-0.412702,11,0,1,0,0,-0.846883
15.281779600161778,38,16,0.8268,-0.846883,13,0,1,0,0,-1.044795
14.236984379191338,39,17,0.8268,-1.044795,15,0,1,0,0,-0.628545
13.60843917271284,40,18,0.8268,-0.628545,17,0,1,0,0,-0.279023
13.329416598207278,41,19,0.8268,-0.279023,19,0,1,0,0,0.382911
13.71232775082501,42,20,0.8268,0.382911,21,0,1,0,0,0.164233
13.87656074894483,43,21,0.8268,0.164233,23,0,1,0,0,-0.512137
13.364423602484656,44,22,0.8268,-0.512137,25,0,1,0,0,0.412123
13.776546123673807,45,23,0.8268,0.412123,27,0,1,0,0,0.9874
14.763946391502875,46,24,0.8268,0.9874,29,0,1,0,0,0.943668
15.707614670703023,47,25,0.8268,0.943668,0,0,1,0,0,0.956158
12.784213887855099,22,0,0.4607,0.0,1,1,0,0,0,0.224848
13.009061507547448,23,1,0.4607,0.224848,3,1,0,0,0,-0.054311
12.954750525581934,24,2,0.4607,-0.054311,5,1,0,0,0,0.138898
13.09364839586768,25,3,0.4607,0.138898,7,1,0,0,0,0.328472
13.422120731966997,26,4,0.4607,0.328472,9,1,0,0,0,0.243891
13.66601139155335,27,5,0.4607,0.243891,11,1,0,0,0,0.053162
13.719173208138235,28,6,0.4607,0.053162,13,1,0,0,0,-0.223379
13.495793943525204,29,7,0.4607,-0.223379,15,1,0,0,0,0.128407
13.624200705851829,30,8,0.4607,0.128407,17,1,0,0,0,0.182813
13.80701342274217,31,9,0.4607,0.182813,19,1,0,0,0,0.450671
14.257684140462544,32,10,0.4607,0.450671,21,1,0,0,0,0.449383
14.70706725930593,33,11,0.4607,0.449383,23,1,0,0,0,0.241301
14.948368191410532,34,12,0.4607,0.241301,25,1,0,0,0,0.199861
15.148229432319482,35,13,0.4607,0.199861,27,1,0,0,0,0.131534
15.27976361672432,36,14,0.4607,0.131534,29,1,0,0,0,0.306084
15.585847196857507,37,15,0.4607,0.306084,31,1,0,0,0,0.135279
16.341301370753847,32,10,0.7246,0.0,1,0,0,1,1,-0.131573
16.209728665262013,33,11,0.7246,-0.131573,3,0,0,1,1,-0.384793
15.824935392423404,34,12,0.7246,-0.384793,5,0,0,1,1,-0.275881
15.549053937622746,35,13,0.7246,-0.275881,7,0,0,1,1,0.160209
15.70926270645781,36,14,0.7246,0.160209,9,0,0,1,1,-1.265988
14.443274746665287,37,15,0.7246,-1.265988,11,0,0,1,1,-1.045766
13.39750860386664,38,16,0.7246,-1.045766,13,0,0,1,1,-0.245592
13.151916772608088,39,17,0.7246,-0.245592,15,0,0,1,1,0.195896
13.347812763643066,40,18,0.7246,0.195896,0,0,0,1,1,-0.105254
13.242558332315848,41,19,0.7246,-0.105254,2,0,0,1,1,0.715624
13.958182737672203,42,20,0.7246,0.715624,0,0,0,1,1,-0.003732
13.954450732160792,43,21,0.7246,-0.003732,0,0,0,1,1,0.686216
14.640667081738682,44,22,0.7246,0.686216,0,0,0,1,1,1.16655
15.807217132732243,45,23,0.7246,1.16655,0,0,0,1,1,0.474391
16.28160781610021,46,24,0.7246,0.474391,2,0,0,1,1,0.702699
16.984307113685883,47,25,0.7246,0.702699,4,0,0,1,1,0.619044
11.739102632039387,31,9,0.5842,0.0,1,1,0,0,1,0.083542
11.822645019110938,32,10,0.5842,0.083542,3,1,0,0,1,0.191363
12.014008166003723,33,11,0.5842,0.191363,5,1,0,0,1,0.51552
12.529528462219533,34,12,0.5842,0.51552,7,1,0,0,1,0.524549
13.05407706079656,35,13,0.5842,0.524549,9,1,0,0,1,0.151799
13.205875851388006,36,14,0.5842,0.151799,11,1,0,0,1,0.055294
13.261170143357592,37,15,0.5842,0.055294,13,1,0,0,1,0.108648
13.369818357881693,38,16,0.5842,0.108648,15,1,0,0,1,0.373389
13.743207184200887,39,17,0.5842,0.373389,17,1,0,0,1,0.190661
13.933868197302388,40,18,0.5842,0.190661,19,1,0,0,1,0.03738
13.971248298699248,41,19,0.5842,0.03738,21,1,0,0,1,0.487662
14.458910015237288,42,20,0.5842,0.487662,23,1,0,0,1,0.091766
14.55067592282831,43,21,0.5842,0.091766,25,1,0,0,1,-0.166572
14.384103612954808,44,22,0.5842,-0.166572,27,1,0,0,1,-0.194305
14.189798551432327,45,23,0.5842,-0.194305,0,1,0,0,1,0.053219
14.243017917811162,46,24,0.5842,0.053219,2,1,0,0,1,0.202776
15.950474780997942,31,9,0.0255,0.0,1,1,0,0,0,-0.17093
15.779545020928293,32,10,0.0255,-0.17093,3,1,0,0,0,-0.018999
15.760546011028811,33,11,0.0255,-0.018999,5,1,0,0,0,-0.125321
15.635225343206832,34,12,0.0255,-0.125321,7,1,0,0,0,-0.115048
15.520177453929607,35,13,0.0255,-0.115048,9,1,0,0,0,0.013208
15.533385891559599,36,14,0.0255,0.013208,11,1,0,0,0,0.008099
15.54148450761389,37,15,0.0255,0.008099,13,1,0,0,0,-0.056338
15.485146026451583,38,16,0.0255,-0.056338,15,1,0,0,0,-0.113086
15.372059906550646,39,17,0.0255,-0.113086,17,1,0,0,0,0.285646
15.657706148354498,40,18,0.0255,0.285646,0,1,0,0,0,-0.089738
15.567968240736885,41,19,0.0255,-0.089738,2,1,0,0,0,-0.004719
15.56324894320189,42,20,0.0255,-0.004719,4,1,0,0,0,-0.182076
15.381172656997206,43,21,0.0255,-0.182076,6,1,0,0,0,0.00392
15.385092470966615,44,22,0.0255,0.00392,8,1,0,0,0,0.215751
15.600843381671892,45,23,0.0255,0.215751,10,1,0,0,0,0.072526
15.673369124370206,46,24,0.0255,0.072526,12,1,0,0,0,-0.063485
11.757068561946177,27,5,0.6764,0.0,1,0,0,1,1,0.060989
11.818057851107977,28,6,0.6764,0.060989,1,0,0,1,1,0.164182
11.982239592003166,29,7,0.6764,0.164182,1,0,0,1,1,0.998324
12.980564035589984,30,8,0.6764,0.998324,0,0,0,1,1,0.344825
13.32538914748133,31,9,0.6764,0.344825,1,0,0,1,1,0.038028
13.363417326933254,32,10,0.6764,0.038028,1,0,0,1,1,-0.453335
12.910082622807098,33,11,0.6764,-0.453335,1,0,0,1,1,-0.282587
12.627495665824444,34,12,0.6764,-0.282587,0,0,0,1,1,-0.891656
11.735839687245416,35,13,0.6764,-0.891656,1,0,0,1,1,-0.73374
11.002099841204238,36,14,0.6764,-0.73374,1,0,0,1,1,0.0
11.002099841204238,37,15,0.6764,0.0,0,0,0,1,1,0.0
11.002099841204238,38,16,0.6764,0.0,1,0,0,1,1,0.0
11.002099841204238,39,17,0.6764,0.0,1,0,0,1,1,0.0
11.002099841204238,40,18,0.6764,0.0,0,0,0,1,1,0.0
11.002099841204238,41,19,0.6764,0.0,1,0,0,1,1,0.0
11.002099841204238,42,20,0.6764,0.0,0,0,0,1,1,0.0
13.499379142819661,31,9,0.3028,0.0,1,1,0,0,0,-0.001784
13.49759531245614,32,10,0.3028,-0.001784,3,1,0,0,0,0.091341
13.588936289337028,33,11,0.3028,0.091341,5,1,0,0,0,0.149058
13.737994008992015,34,12,0.3028,0.149058,7,1,0,0,0,0.063527
13.801521393029462,35,13,0.3028,0.063527,9,1,0,0,0,-0.120957
13.680564045866687,36,14,0.3028,-0.120957,11,1,0,0,0,-0.034488
13.646075967104817,37,15,0.3028,-0.034488,13,1,0,0,0,0.112952
13.759028121330761,38,16,0.3028,0.112952,15,1,0,0,0,0.157639
13.916666628876424,39,17,0.3028,0.157639,17,1,0,0,0,0.456668
14.373334425432795,40,18,0.3028,0.456668,19,1,0,0,0,0.099268
14.472602348730035,41,19,0.3028,0.099268,21,1,0,0,0,0.097498
14.5701007925278,42,20,0.3028,0.097498,23,1,0,0,0,-0.025739
14.54436140062756,43,21,0.3028,-0.025739,25,1,0,0,0,-0.412507
14.13185438616446,44,22,0.3028,-0.412507,27,1,0,0,0,-0.024145
14.107709060339916,45,23,0.3028,-0.024145,29,1,0,0,0,0.427528
14.53523714034279,46,24,0.3028,0.427528,31,1,0,0,0,0.150082
11.199233526745262,30,8,0.0282,0.0,1,1,0,0,1,0.46379
11.663023435094493,31,9,0.0282,0.46379,0,1,0,0,1,0.43706
12.100083596692677,32,10,0.0282,0.43706,0,1,0,0,1,0.48294
12.583023432515468,33,11,0.0282,0.48294,0,1,0,0,1,0.479116
13.062139570964531,34,12,0.0282,0.479116,0,1,0,0,1,0.065972
13.128111564700133,35,13,0.0282,0.065972,2,1,0,0,1,-0.023006
13.105105767561245,36,14,0.0282,-0.023006,4,1,0,0,1,0.243993
13.34909848885395,37,15,0.0282,0.243993,0,1,0,0,1,0.161518
13.510616857538679,38,16,0.0282,0.161518,2,1,0,0,1,0.047437
13.558053523210672,39,17,0.0282,0.047437,0,1,0,0,1,0.133645
13.691698283367659,40,18,0.0282,0.133645,2,1,0,0,1,0.161549
13.853246890223723,41,19,0.0282,0.161549,4,1,0,0,1,0.244453
14.097699461531075,42,20,0.0282,0.244453,6,1,0,0,1,0.079894
14.177592975580282,43,21,0.0282,0.079894,0,1,0,0,1,0.189015
14.366607841740699,44,22,0.0282,0.189015,2,1,0,0,1,0.014052
14.38065973915078,45,23,0.0282,0.014052,4,1,0,0,1,0.200572
11.2722353085657,29,7,0.2166,0.0,1,1,0,0,0,0.05063
11.322865522840877,30,8,0.2166,0.05063,3,1,0,0,0,0.047827
11.370692229353493,31,9,0.2166,0.047827,5,1,0,0,0,0.176463
11.54715517529067,32,10,0.2166,0.176463,7,1,0,0,0,0.199485
11.746640569300618,33,11,0.2166,0.199485,9,1,0,0,0,-0.070939
11.675701818030378,34,12,0.2166,-0.070939,11,1,0,0,0,0.027052
11.70275360915862,35,13,0.2166,0.027052,13,1,0,0,0,0.001877
11.704630306786774,36,14,0.2166,0.001877,15,1,0,0,0,0.06678
11.771409892543847,37,15,0.2166,0.06678,17,1,0,0,0,0.014356
11.785766351116349,38,16,0.2166,0.014356,19,1,0,0,0,-0.142042
11.643724627708547,39,17,0.2166,-0.142042,21,1,0,0,0,0.186683
11.830407890723931,40,18,0.2166,0.186683,0,1,0,0,0,0.147118
11.97752602063085,41,19,0.2166,0.147118,2,1,0,0,0,0.225127
12.202653347182101,42,20,0.2166,0.225127,0,1,0,0,0,0.156898
12.359550909578088,43,21,0.2166,0.156898,2,1,0,0,0,0.05172
12.41127072817299,44,22,0.2166,0.05172,4,1,0,0,0,-0.002259
12.114391734376595,25,3,0.1447,0.0,1,1,0,0,1,-0.05454
12.059851877819622,26,4,0.1447,-0.05454,3,1,0,0,1,-0.042578
12.017273663958369,27,5,0.1447,-0.042578,5,1,0,0,1,0.2004
12.21767396208534,28,6,0.1447,0.2004,7,1,0,0,1,0.228128
12.445802259487799,29,7,0.1447,0.228128,9,1,0,0,1,0.441913
12.887715340310676,30,8,0.1447,0.441913,11,1,0,0,1,0.248988
13.136703629292079,31,9,0.1447,0.248988,13,1,0,0,1,0.204514
13.341217751439967,32,10,0.1447,0.204514,15,1,0,0,1,0.091167
13.432384472398661,33,11,0.1447,0.091167,17,1,0,0,1,0.218529
13.650913307461348,34,12,0.1447,0.218529,19,1,0,0,1,-0.009685
13.64122815256735,35,13,0.1447,-0.009685,21,1,0,0,1,-0.064902
13.576326156280947,36,14,0.1447,-0.064902,0,1,0,0,1,0.390503
13.966828902904044,37,15,0.1447,0.390503,2,1,0,0,1,0.23949
14.20631872815691,38,16,0.1447,0.23949,4,1,0,0,1,0.184893
14.391211591722975,39,17,0.1447,0.184893,6,1,0,0,1,0.220797
14.61200848835515,40,18,0.1447,0.220797,8,1,0,0,1,0.03474
11.002099841204238,31,9,0.8676,0.0,1,0,0,1,1,0.032063
11.034162875509375,32,10,0.8676,0.032063,0,0,0,1,1,0.016726
11.050888925129723,33,11,0.8676,0.016726,0,0,0,1,1,0.026492
11.077381411334745,34,12,0.8676,0.026492,0,0,0,1,1,0.669075
11.746456104988013,35,13,0.8676,0.669075,1,0,0,1,1,0.474081
12.220536907418973,36,14,0.8676,0.474081,1,0,0,1,1,0.371918
12.592455250716645,37,15,0.8676,0.371918,1,0,0,1,1,0.548273
13.140728310022771,38,16,0.8676,0.548273,1,0,0,1,1,0.832912
13.973640473456141,39,17,0.8676,0.832912,1,0,0,1,1,0.747727
14.72136782591989,40,18,0.8676,0.747727,1,0,0,1,1,0.90813
15.629497606203826,41,19,0.8676,0.90813,1,0,0,1,1,0.871736
16.501233910241574,42,20,0.8676,0.871736,1,0,0,1,1,0.059997
16.561230619204387,43,21,0.8676,0.059997,1,0,0,1,1,0.795506
17.356736761764445,44,22,0.8676,0.795506,0,0,0,1,1,0.216297
17.573033674992388,45,23,0.8676,0.216297,1,0,0,1,1,-0.869759
16.703274774999024,46,24,0.8676,-0.869759,1,0,0,1,1,-0.297912
14.189902299462798,30,8,0.1289,0.0,1,1,0,0,0,0.201788
14.39169027509338,31,9,0.1289,0.201788,1,1,0,0,0,-0.005894
14.38579577750869,32,10,0.1289,-0.005894,1,1,0,0,0,0.130033
14.51582885060662,33,11,0.1289,0.130033,1,1,0,0,0,-0.053239
14.462589753902323,34,12,0.1289,-0.053239,1,1,0,0,0,0.099582
14.562171406599981,35,13,0.1289,0.099582,1,1,0,0,0,-0.069276
14.49289504672568,36,14,0.1289,-0.069276,1,1,0,0,0,0.152116
14.645010897548719,37,15,0.1289,0.152116,1,1,0,0,0,0.000535
14.645545516593279,38,16,0.1289,0.000535,1,1,0,0,0,0.009641
14.655186299354112,39,17,0.1289,0.009641,1,1,0,0,0,-0.003051
14.652135480980485,40,18,0.1289,-0.003051,1,1,0,0,0,0.138199
14.790334435142164,41,19,0.1289,0.138199,1,1,0,0,0,-0.077474
14.712860287058795,42,20,0.1289,-0.077474,1,1,0,0,0,0.158216
14.871076282946614,43,21,0.1289,0.158216,0,1,0,0,0,-0.136328
14.734747926674927,44,22,0.1289,-0.136328,1,1,0,0,0,-0.054162
14.680585741369722,45,23,0.1289,-0.054162,1,1,0,0,0,-0.115165
14.410825478023746,22,0,0.5077,0.0,1,0,1,0,0,-0.813614
13.597211105356644,23,1,0.5077,-0.813614,3,0,1,0,0,0.208329
13.80553979148603,24,2,0.5077,0.208329,5,0,1,0,0,-0.173566
13.631973953513254,25,3,0.5077,-0.173566,7,0,1,0,0,-0.088613
13.543360764905646,26,4,0.5077,-0.088613,0,0,1,0,0,-0.437058
13.106302530843866,27,5,0.5077,-0.437058,0,0,1,0,0,-0.403356
12.702946661732017,28,6,0.5077,-0.403356,2,0,1,0,0,0.012253
12.71519985750578,29,7,0.5077,0.012253,4,0,1,0,0,-0.193841
12.521359298701345,30,8,0.5077,-0.193841,6,0,1,0,0,-0.386309
12.135050733401595,31,9,0.5077,-0.386309,8,0,1,0,0,-0.121843
12.013208024519093,32,10,0.5077,-0.121843,10,0,1,0,0,0.775148
12.788355787385658,33,11,0.5077,0.775148,12,0,1,0,0,0.244659
13.033014840191829,34,12,0.5077,0.244659,14,0,1,0,0,-0.127922
12.90509322674747,35,13,0.5077,-0.127922,16,0,1,0,0,-0.584051
12.321042315804185,36,14,0.5077,-0.584051,18,0,1,0,0,0.004949
12.325991235631538,37,15,0.5077,0.004949,20,0,1,0,0,-0.217294
11.002099841204238,25,3,0.8628,0.0,1,0,0,1,1,0.0
11.002099841204238,26,4,0.8628,0.0,3,0,0,1,1,0.0
11.002099841204238,27,5,0.8628,0.0,5,0,0,1,1,0.0
11.002099841204238,28,6,0.8628,0.0,0,0,0,1,1,0.418423
11.420522557258568,29,7,0.8628,0.418423,2,0,0,1,1,0.866738
12.287260909284642,30,8,0.8628,0.866738,4,0,0,1,1,0.444352
12.731612412390067,31,9,0.8628,0.444352,6,0,0,1,1,-0.368413
12.363199356641323,32,10,0.8628,-0.368413,0,0,0,1,1,-0.712102
11.65109733844383,33,11,0.8628,-0.712102,2,0,0,1,1,-0.648997
11.002099841204238,34,12,0.8628,-0.648997,0,0,0,1,1,0.0
11.002099841204238,35,13,0.8628,0.0,2,0,0,1,1,0.0
11.002099841204238,36,14,0.8628,0.0,0,0,0,1,1,0.0
11.002099841204238,37,15,0.8628,0.0,2,0,0,1,1,0.0
11.002099841204238,38,16,0.8628,0.0,4,0,0,1,1,0.0
11.002099841204238,39,17,0.8628,0.0,6,0,0,1,1,0.0
11.002099841204238,40,18,0.8628,0.0,8,0,0,1,1,0.0
13.324807546918048,25,3,0.4921,0.0,1,0,1,0,0,0.115172
13.43997929341291,26,4,0.4921,0.115172,3,0,1,0,0,0.013496
13.453475289161867,27,5,0.4921,0.013496,5,0,1,0,0,-0.243281
13.21019463239888,28,6,0.4921,-0.243281,7,0,1,0,0,-0.597038
12.613156222075272,29,7,0.4921,-0.597038,0,0,1,0,0,0.389897
13.003053317637567,30,8,0.4921,0.389897,0,0,1,0,0,0.17514
13.178193642402183,31,9,0.4921,0.17514,2,0,1,0,0,0.056169
13.23436307398313,32,10,0.4921,0.056169,0,0,1,0,0,0.378373
13.612736140883785,33,11,0.4921,0.378373,2,0,1,0,0,0.261413
13.874149315472504,34,12,0.4921,0.261413,0,0,1,0,0,0.349919
14.224068643374565,35,13,0.4921,0.349919,0,0,1,0,0,-0.375682
13.848386917320655,36,14,0.4921,-0.375682,2,0,1,0,0,-0.402717
13.44566954878926,37,15,0.4921,-0.402717,4,0,1,0,0,-0.871481
12.574189030320735,38,16,0.4921,-0.871481,6,0,1,0,0,0.584402
13.15859087232182,39,17,0.4921,0.584402,8,0,1,0,0,1.444096
14.602686848573946,40,18,0.4921,1.444096,10,0,1,0,0,0.783806
13.954069833476616,33,11,0.6052,0.0,1,0,0,1,0,0.246437
14.200506624168586,34,12,0.6052,0.246437,3,0,0,1,0,0.149568
14.350074318811995,35,13,0.6052,0.149568,0,0,0,1,0,0.287608
14.637682601210146,36,14,0.6052,0.287608,2,0,0,1,0,-0.111896
14.52578691272109,37,15,0.6052,-0.111896,0,0,0,1,0,-0.08001
14.445776715724124,38,16,0.6052,-0.08001,2,0,0,1,0,-0.011869
14.433907571716489,39,17,0.6052,-0.011869,4,0,0,1,0,0.29505
14.728958007013928,40,18,0.6052,0.29505,6,0,0,1,0,-0.525639
14.20331886229409,41,19,0.6052,-0.525639,8,0,0,1,0,-0.305683
13.897635380875458,42,20,0.6052,-0.305683,0,0,0,1,0,0.112507
14.010142650441216,43,21,0.6052,0.112507,2,0,0,1,0,0.187464
14.197606818621365,44,22,0.6052,0.187464,4,0,0,1,0,1.512395
15.71000172804674,45,23,0.6052,1.512395,0,0,0,1,0,1.091304
16.80130540892693,46,24,0.6052,1.091304,2,0,0,1,0,0.702206
17.503511421801413,47,25,0.6052,0.702206,4,0,0,1,0,-0.418027
17.08548484673142,48,26,0.6052,-0.418027,0,0,0,1,0,-0.219704
12.22338132801365,25,3,0.348,0.0,1,1,0,0,0,-0.057172
12.16620917918858,26,4,0.348,-0.057172,3,1,0,0,0,0.134489
12.300697954416808,27,5,0.348,0.134489,5,1,0,0,0,0.120412
12.4211096784726,28,6,0.348,0.120412,7,1,0,0,0,-0.105841
12.315268573584222,29,7,0.348,-0.105841,9,1,0,0,0,0.307834
12.623102747079987,30,8,0.348,0.307834,11,1,0,0,0,0.088546
12.711649100451579,31,9,0.348,0.088546,13,1,0,0,0,0.306296
13.017945052667415,32,10,0.348,0.306296,0,1,0,0,0,0.275718
13.293663485971194,33,11,0.348,0.275718,2,1,0,0,0,0.174541
13.468204922546038,34,12,0.348,0.174541,4,1,0,0,0,0.025365
13.493569800959216,35,13,0.348,0.025365,6,1,0,0,0,0.241763
13.735332726787849,36,14,0.348,0.241763,8,1,0,0,0,0.093447
13.828779478485004,37,15,0.348,0.093447,10,1,0,0,0,-0.120938
13.707841962131882,38,16,0.348,-0.120938,12,1,0,0,0,0.24319
13.951031959015731,39,17,0.348,0.24319,14,1,0,0,0,0.073353
14.024385361502524,40,18,0.348,0.073353,16,1,0,0,0,0.087026
12.68349910529836,32,10,0.2866,0.0,1,1,0,0,0,0.205545
12.889044392899038,33,11,0.2866,0.205545,3,1,0,0,0,0.234095
13.12313901915101,34,12,0.2866,0.234095,5,1,0,0,0,0.059955
13.18309365431292,35,13,0.2866,0.059955,0,1,0,0,0,0.233955
13.417048365767558,36,14,0.2866,0.233955,2,1,0,0,0,0.2205
13.637548596142329,37,15,0.2866,0.2205,4,1,0,0,0,-0.062589
13.574959284324361,38,16,0.2866,-0.062589,6,1,0,0,0,-0.110814
13.464145245550917,39,17,0.2866,-0.110814,8,1,0,0,0,-0.169697
13.294447895692983,40,18,0.2866,-0.169697,10,1,0,0,0,-0.186122
13.108325622098828,41,19,0.2866,-0.186122,12,1,0,0,0,0.005675
13.114000983508168,42,20,0.2866,0.005675,14,1,0,0,0,0.052676
13.166676858949838,43,21,0.2866,0.052676,0,1,0,0,0,0.177543
13.3442196051588,44,22,0.2866,0.177543,2,1,0,0,0,0.05394
13.398159824486884,45,23,0.2866,0.05394,4,1,0,0,0,0.267462
13.665621478656519,46,24,0.2866,0.267462,0,1,0,0,0,0.086565
13.752186655970727,47,25,0.2866,0.086565,2,1,0,0,0,0.194118
11.938674567853878,34,12,0.5757,0.0,1,0,1,0,0,-0.269362
11.669312341527743,35,13,0.5757,-0.269362,3,0,1,0,0,0.481008
12.150320721524977,36,14,0.5757,0.481008,5,0,1,0,0,0.626953
12.777273505933149,37,15,0.5757,0.626953,7,0,1,0,0,0.313947
13.091220966587906,38,16,0.5757,0.313947,9,0,1,0,0,0.091014
13.182235315487107,39,17,0.5757,0.091014,11,0,1,0,0,-1.086376
12.095859756935313,40,18,0.5757,-1.086376,13,0,1,0,0,-0.218413
11.877446745049395,41,19,0.5757,-0.218413,15,0,1,0,0,0.166322
12.043768349137945,42,20,0.5757,0.166322,17,0,1,0,0,0.566863
12.61063125380437,43,21,0.5757,0.566863,19,0,1,0,0,0.381187
12.99181785185537,44,22,0.5757,0.381187,21,0,1,0,0,0.20996
13.201777732507853,45,23,0.5757,0.20996,23,0,1,0,0,1.326994
14.52877207809565,46,24,0.5757,1.326994,0,0,1,0,0,1.287355
15.816126964180093,47,25,0.5757,1.287355,0,0,1,0,0,0.614579
16.430705750012486,48,26,0.5757,0.614579,2,0,1,0,0,0.264336
16.695042243293198,49,27,0.5757,0.264336,4,0,1,0,0,-0.288043
12.145236420502755,34,12,0.1292,0.0,1,1,0,0,0,0.069887
12.21512385499853,35,13,0.1292,0.069887,3,1,0,0,0,0.148321
12.363444642306415,36,14,0.1292,0.148321,5,1,0,0,0,0.611706
12.975150232089774,37,15,0.1292,0.611706,0,1,0,0,0,0.152259
13.127409268546971,38,16,0.1292,0.152259,2,1,0,0,0,0.09202
13.219429750375427,39,17,0.1292,0.09202,4,1,0,0,0,-0.061552
13.157877264047528,40,18,0.1292,-0.061552,0,1,0,0,0,0.067575
13.22545212102757,41,19,0.1292,0.067575,2,1,0,0,0,-0.009685
13.215767050361048,42,20,0.1292,-0.009685,4,1,0,0,0,0.094039
13.309806371868577,43,21,0.1292,0.094039,6,1,0,0,0,0.239943
13.54974962836708,44,22,0.1292,0.239943,8,1,0,0,0,0.140362
13.690111659735143,45,23,0.1292,0.140362,10,1,0,0,0,0.084266
13.774377598839395,46,24,0.1292,0.084266,12,1,0,0,0,0.10129
13.875667624349507,47,25,0.1292,0.10129,14,1,0,0,0,0.268217
14.143884716833748,48,26,0.1292,0.268217,16,1,0,0,0,0.064762
14.208646372441766,49,27,0.1292,0.064762,18,1,0,0,0,0.426467
18.205918692405202,30,8,0.8484,0.0,1,0,0,1,1,0.325341
18.531260185947385,31,9,0.8484,0.325341,3,0,0,1,1,-0.839266
17.69199456170866,32,10,0.8484,-0.839266,5,0,0,1,1,-0.841957
16.8500376216105,33,11,0.8484,-0.841957,7,0,0,1,1,0.017525
16.867562848233266,34,12,0.8484,0.017525,9,0,0,1,1,0.309376
17.176939270881547,35,13,0.8484,0.309376,11,0,0,1,1,-0.242238
16.93470142258496,36,14,0.8484,-0.242238,13,0,0,1,1,-0.881311
16.053390384735344,37,15,0.8484,-0.881311,15,0,0,1,1,-1.31179
14.741600136774053,38,16,0.8484,-1.31179,17,0,0,1,1,-0.351785
14.389815057992147,39,17,0.8484,-0.351785,19,0,0,1,1,0.362923
14.752738351369473,40,18,0.8484,0.362923,21,0,0,1,1,0.45924
15.211978081854488,41,19,0.8484,0.45924,23,0,0,1,1,-0.065434
15.146544020994652,42,20,0.8484,-0.065434,25,0,0,1,1,0.618188
15.764731798058694,43,21,0.8484,0.618188,27,0,0,1,1,0.853033
16.617764733206105,44,22,0.8484,0.853033,0,0,0,1,1,1.499352
18.1171167436731,45,23,0.8484,1.499352,0,0,0,1,1,0.803375
11.002099841204238,24,2,0.5639,0.0,1,0,1,0,1,0.081069
11.083168391493643,25,3,0.5639,0.081069,0,0,1,0,1,0.11767
11.200838101904447,26,4,0.5639,0.11767,2,0,1,0,1,0.014165
11.215003335104289,27,5,0.5639,0.014165,0,0,1,0,1,-0.021887
11.19311655994051,28,6,0.5639,-0.021887,0,0,1,0,1,-0.054307
11.138809978423627,29,7,0.5639,-0.054307,2,0,1,0,1,0.158431
11.29724093084289,30,8,0.5639,0.158431,4,0,1,0,1,0.089087
11.386328074867293,31,9,0.5639,0.089087,6,0,1,0,1,-0.284513
11.101815287193583,32,10,0.5639,-0.284513,8,0,1,0,1,0.390904
11.492719314289017,33,11,0.5639,0.390904,10,0,1,0,1,0.599081
12.09180070408672,34,12,0.5639,0.599081,12,0,1,0,1,0.017727
12.109527441621719,35,13,0.5639,0.017727,14,0,1,0,1,0.270107
12.37963405450557,36,14,0.5639,0.270107,16,0,1,0,1,-0.061509
12.318124706658828,37,15,0.5639,-0.061509,18,0,1,0,1,-0.234015
12.084109603786972,38,16,0.5639,-0.234015,20,0,1,0,1,-0.587128
11.496981844795213,39,17,0.5639,-0.587128,22,0,1,0,1,-0.153525
11.002099841204238,23,1,0.3011,0.0,1,1,0,0,0,0.210998
11.213097389295857,24,2,0.3011,0.210998,1,1,0,0,0,0.148379
11.36147627544409,25,3,0.3011,0.148379,1,1,0,0,0,-0.062118
11.299358211771391,26,4,0.3011,-0.062118,1,1,0,0,0,-0.069405
11.229953236122144,27,5,0.3011,-0.069405,1,1,0,0,0,0.14802
11.37797368769443,28,6,0.3011,0.14802,1,1,0,0,0,-0.071699
11.306274353055937,29,7,0.3011,-0.071699,1,1,0,0,0,0.022688
11.328962230021787,30,8,0.3011,0.022688,1,1,0,0,0,-0.035603
11.293358797378632,31,9,0.3011,-0.035603,1,1,0,0,0,-0.16541
11.1279487498567,32,10,0.3011,-0.16541,0,1,0,0,0,-0.065331
11.062618167853302,33,11,0.3011,-0.065331,1,1,0,0,0,-0.020833
11.041785314231392,34,12,0.3011,-0.020833,1,1,0,0,0,0.178725
11.220510059015172,35,13,0.3011,0.178725,0,1,0,0,0,0.107634
11.328144040766912,36,14,0.3011,0.107634,0,1,0,0,0,-0.026521
11.301623097325912,37,15,0.3011,-0.026521,1,1,0,0,0,0.206739
11.508362292119388,38,16,0.3011,0.206739,1,1,0,0,0,0.292799
12.738072996689684,24,2,0.3776,0.0,1,0,0,1,1,0.33219
13.070263214805731,25,3,0.3776,0.33219,0,0,0,1,1,-0.199759
12.870504607190703,26,4,0.3776,-0.199759,1,0,0,1,1,-0.089859
12.780646009979591,27,5,0.3776,-0.089859,1,0,0,1,1,-0.116878
12.6637684385593,28,6,0.3776,-0.116878,1,0,0,1,1,0.41114
13.074908411143507,29,7,0.3776,0.41114,1,0,0,1,1,0.207777
13.2826857190179,30,8,0.3776,0.207777,0,0,0,1,1,-0.004842
13.277843919053254,31,9,0.3776,-0.004842,1,0,0,1,1,-0.038253
13.239590752494207,32,10,0.3776,-0.038253,1,0,0,1,1,0.00107
13.240660255276921,33,11,0.3776,0.00107,1,0,0,1,1,0.124196
13.364856288169188,34,12,0.3776,0.124196,0,0,0,1,1,0.368997
13.733853196158881,35,13,0.3776,0.368997,1,0,0,1,1,0.504964
14.238816942548386,36,14,0.3776,0.504964,1,0,0,1,1,-0.494548
13.74426882631422,37,15,0.3776,-0.494548,1,0,0,1,1,0.330917
14.07518557002475,38,16,0.3776,0.330917,0,0,0,1,1,0.331244
14.406429091662986,39,17,0.3776,0.331244,1,0,0,1,1,-0.344866
12.198201522961218,26,4,0.6852,0.0,1,0,1,0,1,-0.211259
11.986942856899356,27,5,0.6852,-0.211259,3,0,1,0,1,-0.337139
11.649804017559878,28,6,0.6852,-0.337139,0,0,1,0,1,-0.563073
11.086731168580139,29,7,0.6852,-0.563073,2,0,1,0,1,-0.084631
11.002099841204238,30,8,0.6852,-0.084631,4,0,1,0,1,0.0
11.002099841204238,31,9,0.6852,0.0,6,0,1,0,1,0.20125
11.203349361486014,32,10,0.6852,0.20125,8,0,1,0,1,0.225616
11.428964916841865,33,11,0.6852,0.225616,0,0,1,0,1,0.082229
11.511193959291091,34,12,0.6852,0.082229,2,0,1,0,1,-0.509094
11.002099841204238,35,13,0.6852,-0.509094,4,0,1,0,1,0.0
11.002099841204238,36,14,0.6852,0.0,6,0,1,0,1,0.0
11.002099841204238,37,15,0.6852,0.0,8,0,1,0,1,0.0
11.002099841204238,38,16,0.6852,0.0,10,0,1,0,1,0.0
11.002099841204238,39,17,0.6852,0.0,12,0,1,0,1,0.0
11.002099841204238,40,18,0.6852,0.0,14,0,1,0,1,0.0
11.002099841204238,41,19,0.6852,0.0,0,0,1,0,1,0.0
14.745622058048385,22,0,0.2713,0.0,1,1,0,0,0,0.250942
14.996564247647436,23,1,0.2713,0.250942,1,1,0,0,0,0.188392
15.184956411056138,24,2,0.2713,0.188392,1,1,0,0,0,-0.127657
15.057299390505339,25,3,0.2713,-0.127657,1,1,0,0,0,-0.152458
14.904841117656304,26,4,0.2713,-0.152458,1,1,0,0,0,0.060904
14.965745299928512,27,5,0.2713,0.060904,1,1,0,0,0,0.005951
14.971696287518244,28,6,0.2713,0.005951,1,1,0,0,0,0.308657
15.280353236216575,29,7,0.2713,0.308657,0,1,0,0,0,0.087108
15.367460765407069,30,8,0.2713,0.087108,1,1,0,0,0,-0.109999
15.257461459973223,31,9,0.2713,-0.109999,1,1,0,0,0,-0.092957
15.164504469158754,32,10,0.2713,-0.092957,1,1,0,0,0,0.334913
15.499417321586414,33,11,0.2713,0.334913,1,1,0,0,0,0.085115
15.584531976222804,34,12,0.2713,0.085115,1,1,0,0,0,-0.007685
15.576847261473674,35,13,0.2713,-0.007685,1,1,0,0,0,0.006519
15.583366002149267,36,14,0.2713,0.006519,1,1,0,0,0,-0.094876
15.488489576130718,37,15,0.2713,-0.094876,1,1,0,0,0,0.284644
11.415927006430191,29,7,0.5001,0.0,1,0,1,0,0,0.131196
11.547123255584129,30,8,0.5001,0.131196,3,0,1,0,0,0.869225
12.416348081867788,31,9,0.5001,0.869225,5,0,1,0,0,0.361827
12.778175248036264,32,10,0.5001,0.361827,7,0,1,0,0,0.471169
13.249344474102303,33,11,0.5001,0.471169,9,0,1,0,0,-0.589962
12.65938217870793,34,12,0.5001,-0.589962,11,0,1,0,0,0.454759
13.11414132922977,35,13,0.5001,0.454759,13,0,1,0,0,0.408129
13.522270672914063,36,14,0.5001,0.408129,15,0,1,0,0,-0.058913
13.463357851176719,37,15,0.5001,-0.058913,17,0,1,0,0,-0.231776
13.231582139197403,38,16,0.5001,-0.231776,19,0,1,0,0,0.162325
13.393907280749392,39,17,0.5001,0.162325,0,0,1,0,0,-0.42708
12.966827499707758,40,18,0.5001,-0.42708,2,0,1,0,0,-0.234767
12.732060198463827,41,19,0.5001,-0.234767,4,0,1,0,0,-0.32602
12.406039722061456,42,20,0.5001,-0.32602,6,0,1,0,0,-0.213127
12.192912770692953,43,21,0.5001,-0.213127,8,0,1,0,0,0.042704
12.235616648427955,44,22,0.5001,0.042704,10,0,1,0,0,0.657048
11.183326500269414,30,8,0.1475,0.0,1,1,0,0,1,0.087763
11.271089056207034,31,9,0.1475,0.087763,0,1,0,0,1,-0.000336
11.270752879023238,32,10,0.1475,-0.000336,2,1,0,0,1,-0.06495
11.20580281769332,33,11,0.1475,-0.06495,4,1,0,0,1,0.131014
11.336817126097538,34,12,0.1475,0.131014,6,1,0,0,1,0.141489
11.478306221416622,35,13,0.1475,0.141489,8,1,0,0,1,0.101529
11.57983513483604,36,14,0.1475,0.101529,10,1,0,0,1,0.136373
11.716208561646091,37,15,0.1475,0.136373,12,1,0,0,1,0.168907
11.88511506957945,38,16,0.1475,0.168907,14,1,0,0,1,0.135248
12.02036332240328,39,17,0.1475,0.135248,16,1,0,0,1,0.128959
12.149322004350614,40,18,0.1475,0.128959,18,1,0,0,1,-0.101422
12.047899645151844,41,19,0.1475,-0.101422,20,1,0,0,1,-0.119329
11.928570519521916,42,20,0.1475,-0.119329,22,1,0,0,1,0.04766
11.976230083246708,43,21,0.1475,0.04766,24,1,0,0,1,-0.031972
11.944258229688497,44,22,0.1475,-0.031972,26,1,0,0,1,-0.024829
11.919429576192147,45,23,0.1475,-0.024829,28,1,0,0,1,0.201228
12.080415295397781,32,10,0.1873,0.0,1,1,0,0,0,0.08018
12.160595686493775,33,11,0.1873,0.08018,3,1,0,0,0,0.075202
12.235798132666721,34,12,0.1873,0.075202,5,1,0,0,0,0.07522
12.31101802203188,35,13,0.1873,0.07522,7,1,0,0,0,0.271057
12.582074905171657,36,14,0.1873,0.271057,9,1,0,0,0,0.403528
12.98560282397175,37,15,0.1873,0.403528,11,1,0,0,0,0.183144
13.168746655898692,38,16,0.1873,0.183144,13,1,0,0,0,0.130106
13.298852735983768,39,17,0.1873,0.130106,15,1,0,0,0,-0.001011
13.297841509341723,40,18,0.1873,-0.001011,17,1,0,0,0,0.248045
13.545886626765073,41,19,0.1873,0.248045,0,1,0,0,0,0.202445
13.748331936649622,42,20,0.1873,0.202445,2,1,0,0,0,0.234328
13.982659837648086,43,21,0.1873,0.234328,4,1,0,0,0,0.145303
14.127962454844072,44,22,0.1873,0.145303,6,1,0,0,0,-0.005445
14.122517643632936,45,23,0.1873,-0.005445,8,1,0,0,0,-0.327469
13.795048816000344,46,24,0.1873,-0.327469,10,1,0,0,0,-0.12638
13.668668676061781,47,25,0.1873,-0.12638,12,1,0,0,0,-0.035097
13.594843645954777,30,8,0.235,0.0,1,1,0,0,1,-0.059568
13.53527519335244,31,9,0.235,-0.059568,1,1,0,0,1,0.066125
13.601400103762652,32,10,0.235,0.066125,1,1,0,0,1,-0.167761
13.433639430358346,33,11,0.235,-0.167761,1,1,0,0,1,-0.074633
13.359006903936525,34,12,0.235,-0.074633,1,1,0,0,1,-0.063791
13.295216189816928,35,13,0.235,-0.063791,1,1,0,0,1,-0.060932
13.23428434216266,36,14,0.235,-0.060932,1,1,0,0,1,-0.095242
13.139041885182847,37,15,0.235,-0.095242,1,1,0,0,1,0.117741
13.256782762208857,38,16,0.235,0.117741,1,1,0,0,1,0.113849
13.370631598444639,39,17,0.235,0.113849,1,1,0,0,1,0.258564
13.629195971764988,40,18,0.235,0.258564,1,1,0,0,1,0.22768
13.85687603171344,41,19,0.235,0.22768,1,1,0,0,1,0.099389
13.956265480392599,42,20,0.235,0.099389,1,1,0,0,1,0.168588
14.12485396045615,43,21,0.235,0.168588,1,1,0,0,1,0.130759
14.25561301473178,44,22,0.235,0.130759,0,1,0,0,1,0.103198
14.358811351242451,45,23,0.235,0.103198,1,1,0,0,1,0.178143
11.002099841204238,29,7,0.1962,0.0,1,1,0,0,0,0.0
11.002099841204238,30,8,0.1962,0.0,3,1,0,0,0,0.0
11.002099841204238,31,9,0.1962,0.0,5,1,0,0,0,0.0
11.002099841204238,32,10,0.1962,0.0,7,1,0,0,0,0.0
11.002099841204238,33,11,0.1962,0.0,9,1,0,0,0,0.0
11.002099841204238,34,12,0.1962,0.0,11,1,0,0,0,0.0
11.002099841204238,35,13,0.1962,0.0,0,1,0,0,0,0.0
11.002099841204238,36,14,0.1962,0.0,2,1,0,0,0,0.0
11.002099841204238,37,15,0.1962,0.0,0,1,0,0,0,0.096703
11.098802911453864,38,16,0.1962,0.096703,2,1,0,0,0,0.220353
11.319155762208643,39,17,0.1962,0.220353,4,1,0,0,0,0.168571
11.487726635869839,40,18,0.1962,0.168571,6,1,0,0,0,0.047697
11.535423273681237,41,19,0.1962,0.047697,8,1,0,0,0,-0.134275
11.401148015745648,42,20,0.1962,-0.134275,10,1,0,0,0,-0.07146
11.329688062828142,43,21,0.1962,-0.07146,12,1,0,0,0,-0.327588
11.002099841204238,44,22,0.1962,-0.327588,0,1,0,0,0,0.0
12.260558895935034,25,3,0.4281,0.0,1,1,0,0,0,0.396589
12.657148070262473,26,4,0.4281,0.396589,3,1,0,0,0,0.015511
12.672659221303814,27,5,0.4281,0.015511,5,1,0,0,0,-0.084887
12.587772132059238,28,6,0.4281,-0.084887,7,1,0,0,0,0.421262
13.009034173544393,29,7,0.4281,0.421262,0,1,0,0,0,-0.059692
12.949342288217276,30,8,0.4281,-0.059692,2,1,0,0,0,0.552309
13.501651592764825,31,9,0.4281,0.552309,4,1,0,0,0,0.214901
13.716552260707429,32,10,0.4281,0.214901,6,1,0,0,0,0.182319
13.898871578697914,33,11,0.4281,0.182319,8,1,0,0,0,-0.074698
13.824173801687019,34,12,0.4281,-0.074698,10,1,0,0,0,-0.025752
13.798422142902679,35,13,0.4281,-0.025752,12,1,0,0,0,0.039629
13.838051557818824,36,14,0.4281,0.039629,14,1,0,0,0,0.574148
14.412199192861243,37,15,0.4281,0.574148,0,1,0,0,0,0.042097
14.454296373619512,38,16,0.4281,0.042097,2,1,0,0,0,-0.108626
14.345670150449644,39,17,0.4281,-0.108626,4,1,0,0,0,-0.266526
14.079143855590207,40,18,0.4281,-0.266526,6,1,0,0,0,-0.154053
12.391562381292529,32,10,0.0,0.0,1,1,0,0,0,0.435091
12.826653008650702,33,11,0.0,0.435091,3,1,0,0,0,0.384776
13.211428630460397,34,12,0.0,0.384776,0,1,0,0,0,-0.096573
13.114856082338862,35,13,0.0,-0.096573,2,1,0,0,0,-0.066896
13.04795991787712,36,14,0.0,-0.066896,4,1,0,0,0,0.166066
13.214026249135683,37,15,0.0,0.166066,6,1,0,0,0,0.162872
13.376897758549388,38,16,0.0,0.162872,8,1,0,0,0,0.163044
13.53994182510488,39,17,0.0,0.163044,0,1,0,0,0,-0.00386
13.536081331084606,40,18,0.0,-0.00386,2,1,0,0,0,0.127898
13.663979420209621,41,19,0.0,0.127898,4,1,0,0,0,0.090007
13.75398624418361,42,20,0.0,0.090007,6,1,0,0,0,0.034446
13.788432632865,43,21,0.0,0.034446,8,1,0,0,0,0.461344
14.249777068804955,44,22,0.0,0.461344,0,1,0,0,0,0.151525
14.401302538542106,45,23,0.0,0.151525,2,1,0,0,0,0.081606
14.482908642355826,46,24,0.0,0.081606,4,1,0,0,0,0.203208
14.686116781753844,47,25,0.0,0.203208,6,1,0,0,0,0.101661
15.406917530414098,25,3,0.6701,0.0,1,0,0,1,0,-0.520165
14.886752531916914,26,4,0.6701,-0.520165,3,0,0,1,0,-0.230509
14.656243916997107,27,5,0.6701,-0.230509,5,0,0,1,0,0.104808
14.761051560115737,28,6,0.6701,0.104808,7,0,0,1,0,0.528418
15.289469279497064,29,7,0.6701,0.528418,0,0,0,1,0,-0.706444
14.583025407686646,30,8,0.6701,-0.706444,2,0,0,1,0,0.017347
14.600372891535674,31,9,0.6701,0.017347,4,0,0,1,0,0.242409
14.842782386106228,32,10,0.6701,0.242409,6,0,0,1,0,0.192157
15.034938944777826,33,11,0.6701,0.192157,8,0,0,1,0,-0.049643
14.985296085083224,34,12,0.6701,-0.049643,10,0,0,1,0,-0.832562
14.152733984697132,35,13,0.6701,-0.832562,12,0,0,1,0,0.068806
14.221539533551407,36,14,0.6701,0.068806,14,0,0,1,0,0.216711
14.438250605230673,37,15,0.6701,0.216711,16,0,0,1,0,0.025474
14.463724161625194,38,16,0.6701,0.025474,18,0,0,1,0,0.496958
14.960681966018486,39,17,0.6701,0.496958,0,0,0,1,0,0.386399
15.347081131046266,40,18,0.6701,0.386399,2,0,0,1,0,0.154338
12.948077470274374,33,11,0.0,0.0,1,1,0,0,1,0.033013
12.981090778291001,34,12,0.0,0.033013,1,1,0,0,1,0.102142
13.083232869093997,35,13,0.0,0.102142,1,1,0,0,1,0.068656
13.1518887404423,36,14,0.0,0.068656,1,1,0,0,1,0.100743
13.252631691385927,37,15,0.0,0.100743,1,1,0,0,1,0.132904
13.38553576141239,38,16,0.0,0.132904,1,1,0,0,1,0.256528
13.642063354182671,39,17,0.0,0.256528,1,1,0,0,1,0.031726
13.67378942529009,40,18,0.0,0.031726,1,1,0,0,1,-0.118822
13.554967514117909,41,19,0.0,-0.118822,1,1,0,0,1,0.065254
13.620221393209995,42,20,0.0,0.065254,1,1,0,0,1,0.277736
13.897957745308036,43,21,0.0,0.277736,1,1,0,0,1,0.241073
14.139030427915403,44,22,0.0,0.241073,1,1,0,0,1,0.296268
14.435298584768011,45,23,0.0,0.296268,1,1,0,0,1,0.156463
14.591761466869245,46,24,0.0,0.156463,1,1,0,0,1,0.161232
14.752993915826304,47,25,0.0,0.161232,0,1,0,0,1,-0.020339
14.732655037344323,48,26,0.0,-0.020339,1,1,0,0,1,0.601069
12.106457997177731,33,11,0.6062,0.0,1,1,0,0,0,-0.016984
12.089474106526435,34,12,0.6062,-0.016984,3,1,0,0,0,0.326867
12.416341399306596,35,13,0.6062,0.326867,5,1,0,0,0,0.069867
12.486208688713338,36,14,0.6062,0.069867,7,1,0,0,0,0.099329
12.585538183920882,37,15,0.6062,0.099329,9,1,0,0,0,0.093048
12.678586013587811,38,16,0.6062,0.093048,11,1,0,0,0,0.064719
12.743304947144795,39,17,0.6062,0.064719,13,1,0,0,0,-0.098146
12.645158578234815,40,18,0.6062,-0.098146,15,1,0,0,0,0.208637
12.853795092743624,41,19,0.6062,0.208637,17,1,0,0,0,0.214851
13.068646072666793,42,20,0.6062,0.214851,0,1,0,0,0,0.229093
13.297738874171262,43,21,0.6062,0.229093,2,1,0,0,0,0.102408
13.400146739460785,44,22,0.6062,0.102408,4,1,0,0,0,0.438724
13.838870375284504,45,23,0.6062,0.438724,0,1,0,0,0,0.128839
13.967709049875182,46,24,0.6062,0.128839,2,1,0,0,0,-0.191172
13.776537529366689,47,25,0.6062,-0.191172,4,1,0,0,0,0.191262
13.967800026408051,48,26,0.6062,0.191262,6,1,0,0,0,-0.027169
11.961975338662416,30,8,0.3102,0.0,1,1,0,0,1,0.411477
12.373452293463757,31,9,0.3102,0.411477,3,1,0,0,1,0.44056
12.814012041058296,32,10,0.3102,0.44056,0,1,0,0,1,-0.002414
12.811598344684665,33,11,0.3102,-0.002414,2,1,0,0,1,0.164006
12.975604675005869,34,12,0.3102,0.164006,0,1,0,0,1,0.051629
13.027233181998431,35,13,0.3102,0.051629,2,1,0,0,1,-0.065998
12.961234926036973,36,14,0.3102,-0.065998,4,1,0,0,1,0.17063
13.13186515429658,37,15,0.3102,0.17063,6,1,0,0,1,0.08391
13.215775178453804,38,16,0.3102,0.08391,8,1,0,0,1,0.405882
13.62165752760075,39,17,0.3102,0.405882,10,1,0,0,1,0.622431
14.24408842561426,40,18,0.3102,0.622431,12,1,0,0,1,0.231004
14.475092338040614,41,19,0.3102,0.231004,14,1,0,0,1,0.380381
14.855473056995748,42,20,0.3102,0.380381,16,1,0,0,1,0.302845
15.15831777731396,43,21,0.3102,0.302845,18,1,0,0,1,0.385846
15.544163362466833,44,22,0.3102,0.385846,20,1,0,0,1,0.249034
15.793197413500389,45,23,0.3102,0.249034,22,1,0,0,1,0.203357
13.011967449075716,31,9,0.1383,0.0,1,1,0,0,0,0.231647
13.243614828854694,32,10,0.1383,0.231647,3,1,0,0,0,0.148223
13.391838156243155,33,11,0.1383,0.148223,5,1,0,0,0,0.366292
13.758129676523307,34,12,0.1383,0.366292,7,1,0,0,0,0.143339
13.90146847538006,35,13,0.1383,0.143339,9,1,0,0,0,0.070502
13.971970053871829,36,14,0.1383,0.070502,11,1,0,0,0,-0.032679
13.939290869692027,37,15,0.1383,-0.032679,13,1,0,0,0,-0.089302
13.849988544680443,38,16,0.1383,-0.089302,15,1,0,0,0,-0.008057
13.841931542438976,39,17,0.1383,-0.008057,17,1,0,0,0,0.120257
13.962188217665526,40,18,0.1383,0.120257,19,1,0,0,0,0.181156
14.143344524444341,41,19,0.1383,0.181156,21,1,0,0,0,0.008984
14.152328811868824,42,20,0.1383,0.008984,23,1,0,0,0,0.116652
14.268981000606265,43,21,0.1383,0.116652,25,1,0,0,0,0.113978
14.382958873540908,44,22,0.1383,0.113978,27,1,0,0,0,0.258653
14.641612267879298,45,23,0.1383,0.258653,29,1,0,0,0,0.189457
14.831069692403617,46,24,0.1383,0.189457,31,1,0,0,0,0.136894
11.658871213471098,23,1,0.0986,0.0,1,1,0,0,1,0.112776
11.771647637802849,24,2,0.0986,0.112776,3,1,0,0,1,0.087391
11.859038586272323,25,3,0.0986,0.087391,5,1,0,0,1,-0.179931
11.679107588278178,26,4,0.0986,-0.179931,7,1,0,0,1,0.032521
11.711628828516085,27,5,0.0986,0.032521,9,1,0,0,1,0.240448
11.95207690613305,28,6,0.0986,0.240448,11,1,0,0,1,0.089662
12.041738762952415,29,7,0.0986,0.089662,13,1,0,0,1,0.058042
12.099781099513429,30,8,0.0986,0.058042,15,1,0,0,1,0.165956
12.265737274526913,31,9,0.0986,0.165956,17,1,0,0,1,0.268735
12.534472206600784,32,10,0.0986,0.268735,19,1,0,0,1,0.280368
12.814839949572553,33,11,0.0986,0.280368,21,1,0,0,1,0.413201
13.228040641742968,34,12,0.0986,0.413201,23,1,0,0,1,-0.011678
13.21636241789417,35,13,0.0986,-0.011678,0,1,0,0,1,0.18371
13.400072471547949,36,14,0.0986,0.18371,2,1,0,0,1,0.138575
13.538647927691029,37,15,0.0986,0.138575,4,1,0,0,1,0.216505
13.755152467009564,38,16,0.0986,0.216505,6,1,0,0,1,0.32179
11.943048827084759,27,5,0.4754,0.0,1,0,1,0,0,0.878925
12.821974325019834,28,6,0.4754,0.878925,0,0,1,0,0,0.193721
13.015695556109382,29,7,0.4754,0.193721,2,0,1,0,0,0.397897
13.413592820456762,30,8,0.4754,0.397897,4,0,1,0,0,-0.320795
13.092797874281382,31,9,0.4754,-0.320795,6,0,1,0,0,-0.184695
12.90810251620889,32,10,0.4754,-0.184695,8,0,1,0,0,0.053666
12.961768497428753,33,11,0.4754,0.053666,10,0,1,0,0,0.257567
13.219335291552897,34,12,0.4754,0.257567,12,0,1,0,0,0.03591
13.255244839525224,35,13,0.4754,0.03591,14,0,1,0,0,-0.426495
12.82874949731593,36,14,0.4754,-0.426495,16,0,1,0,0,-0.386955
12.44179409593422,37,15,0.4754,-0.386955,18,0,1,0,0,-0.694941
11.746853246626483,38,16,0.4754,-0.694941,0,0,1,0,0,-0.223217
11.52363600636494,39,17,0.4754,-0.223217,2,0,1,0,0,0.008759
11.532394669148623,40,18,0.4754,0.008759,4,0,1,0,0,0.099812
11.632206715301923,41,19,0.4754,0.099812,6,0,1,0,0,0.002766
11.634972918548009,42,20,0.4754,0.002766,0,0,1,0,0,-0.408676
13.479421445157671,30,8,0.4504,0.0,1,1,0,0,1,-0.216759
13.262662276883159,31,9,0.4504,-0.216759,3,1,0,0,1,-0.147243
13.115419243977907,32,10,0.4504,-0.147243,5,1,0,0,1,0.045303
13.160721835215199,33,11,0.4504,0.045303,7,1,0,0,1,0.117953
13.278674636059325,34,12,0.4504,0.117953,9,1,0,0,1,0.444926
13.723600190189089,35,13,0.4504,0.444926,11,1,0,0,1,0.807547
14.53114728690678,36,14,0.4504,0.807547,0,1,0,0,1,0.343313
14.874460327510533,37,15,0.4504,0.343313,2,1,0,0,1,0.202914
15.077374002775695,38,16,0.4504,0.202914,4,1,0,0,1,0.272866
15.350239751723144,39,17,0.4504,0.272866,0,1,0,0,1,0.238189
15.588428860879214,40,18,0.4504,0.238189,2,1,0,0,1,0.256693
15.845122303436264,41,19,0.4504,0.256693,4,1,0,0,1,0.101739
15.94686115333381,42,20,0.4504,0.101739,6,1,0,0,1,0.13323
16.08009102243138,43,21,0.4504,0.13323,8,1,0,0,1,0.258983
16.339074292345718,44,22,0.4504,0.258983,0,1,0,0,1,0.342226
16.681300718368092,45,23,0.4504,0.342226,2,1,0,0,1,0.103244
11.713416531076016,33,11,0.0638,0.0,1,1,0,0,1,0.179797
11.893213543075511,34,12,0.0638,0.179797,1,1,0,0,1,-0.018652
11.874561155358625,35,13,0.0638,-0.018652,0,1,0,0,1,0.318047
12.192608496089418,36,14,0.0638,0.318047,1,1,0,0,1,0.309507
12.502115114949998,37,15,0.0638,0.309507,1,1,0,0,1,0.440537
12.942651636700116,38,16,0.0638,0.440537,0,1,0,0,1,0.547495
13.490146795531826,39,17,0.0638,0.547495,1,1,0,0,1,0.159782
13.64992926625186,40,18,0.0638,0.159782,1,1,0,0,1,0.116157
13.766086611118956,41,19,0.0638,0.116157,1,1,0,0,1,0.05023
13.816316482471834,42,20,0.0638,0.05023,1,1,0,0,1,-0.015539
13.8007772040845,43,21,0.0638,-0.015539,1,1,0,0,1,0.105722
13.906498810973419,44,22,0.0638,0.105722,1,1,0,0,1,0.450067
14.356566286721694,45,23,0.0638,0.450067,0,1,0,0,1,-0.098004
14.25856223305966,46,24,0.0638,-0.098004,1,1,0,0,1,0.018836
14.277398108152054,47,25,0.0638,0.018836,1,1,0,0,1,0.068441
14.345838741029823,48,26,0.0638,0.068441,0,1,0,0,1,0.432432
11.002099841204238,22,0,0.1275,0.0,1,1,0,0,0,0.0
11.002099841204238,23,1,0.1275,0.0,0,1,0,0,0,0.319336
11.321436250323396,24,2,0.1275,0.319336,2,1,0,0,0,0.4483
11.769736222634187,25,3,0.1275,0.4483,4,1,0,0,0,0.399303
12.169039510572283,26,4,0.1275,0.399303,6,1,0,0,0,0.429628
12.598667267235554,27,5,0.1275,0.429628,8,1,0,0,0,0.572594
13.171260899885377,28,6,0.1275,0.572594,0,1,0,0,0,0.172845
13.344105765064182,29,7,0.1275,0.172845,2,1,0,0,0,-0.082203
13.261902903569373,30,8,0.1275,-0.082203,4,1,0,0,0,0.115606
13.377508999184016,31,9,0.1275,0.115606,6,1,0,0,0,-0.021855
13.355654055890401,32,10,0.1275,-0.021855,8,1,0,0,0,0.10053
13.45618395362938,33,11,0.1275,0.10053,10,1,0,0,0,-0.006073
13.450111179649799,34,12,0.1275,-0.006073,12,1,0,0,0,-0.069859
13.380251946137871,35,13,0.1275,-0.069859,14,1,0,0,0,0.004018
13.384270410489837,36,14,0.1275,0.004018,16,1,0,0,0,0.062415
13.446685076824451,37,15,0.1275,0.062415,0,1,0,0,0,0.034768
12.081364147140247,26,4,0.0,0.0,1,1,0,0,1,0.441507
12.522870948300096,27,5,0.0,0.441507,3,1,0,0,1,0.144134
12.667004588930084,28,6,0.0,0.144134,5,1,0,0,1,0.168375
12.835380072960215,29,7,0.0,0.168375,7,1,0,0,1,0.234789
13.070169170266249,30,8,0.0,0.234789,9,1,0,0,1,-0.010162
13.06000694075818,31,9,0.0,-0.010162,11,1,0,0,1,0.124496
13.184503245646033,32,10,0.0,0.124496,13,1,0,0,1,0.292646
13.477149388894222,33,11,0.0,0.292646,15,1,0,0,1,0.160474
13.637623856221998,34,12,0.0,0.160474,17,1,0,0,1,-0.019448
13.618176188179303,35,13,0.0,-0.019448,19,1,0,0,1,-0.12183
13.49634587475994,36,14,0.0,-0.12183,21,1,0,0,1,0.091324
13.587669948840002,37,15,0.0,0.091324,23,1,0,0,1,-0.038294
13.549375662493349,38,16,0.0,-0.038294,0,1,0,0,1,-0.027069
13.522306191315284,39,17,0.0,-0.027069,2,1,0,0,1,0.047197
13.569503324727613,40,18,0.0,0.047197,4,1,0,0,1,0.032953
13.602456000991713,41,19,0.0,0.032953,6,1,0,0,1,0.163994
11.55286150616113,23,1,0.2591,0.0,1,1,0,0,0,0.083446
11.636307754689106,24,2,0.2591,0.083446,3,1,0,0,0,-0.115663
11.52064471153015,25,3,0.2591,-0.115663,0,1,0,0,0,0.303517
11.824161611157344,26,4,0.2591,0.303517,0,1,0,0,0,-0.016706
11.807455806891259,27,5,0.2591,-0.016706,2,1,0,0,0,0.40621
12.21366544585193,28,6,0.2591,0.40621,0,1,0,0,0,-0.111995
12.101670733536363,29,7,0.2591,-0.111995,2,1,0,0,0,0.22234
12.324010904133116,30,8,0.2591,0.22234,4,1,0,0,0,0.009656
12.333667393647527,31,9,0.2591,0.009656,6,1,0,0,0,-0.046461
12.287206115612012,32,10,0.2591,-0.046461,8,1,0,0,0,-0.029304
12.257902358806364,33,11,0.2591,-0.029304,0,1,0,0,0,-0.000925
12.256977727794233,34,12,0.2591,-0.000925,2,1,0,0,0,-0.050864
12.20611367254264,35,13,0.2591,-0.050864,4,1,0,0,0,0.417839
12.623952203555802,36,14,0.2591,0.417839,0,1,0,0,0,0.159302
12.783254544522595,37,15,0.2591,0.159302,0,1,0,0,0,0.130466
12.913720434501883,38,16,0.2591,0.130466,0,1,0,0,0,-0.224471
12.27310331209562,30,8,0.1132,0.0,1,1,0,0,0,0.066247
12.339349876553813,31,9,0.1132,0.066247,0,1,0,0,0,0.221082
12.560432030717987,32,10,0.1132,0.221082,2,1,0,0,0,0.281569
12.842000822514876,33,11,0.1132,0.281569,4,1,0,0,0,0.202327
13.044327426422207,34,12,0.1132,0.202327,6,1,0,0,0,0.080446
13.124773639376173,35,13,0.1132,0.080446,8,1,0,0,0,0.022234
13.147007892844387,36,14,0.1132,0.022234,10,1,0,0,0,0.137733
13.284740747097612,37,15,0.1132,0.137733,12,1,0,0,0,0.182226
13.466966597833151,38,16,0.1132,0.182226,14,1,0,0,0,-0.115971
13.350996078446355,39,17,0.1132,-0.115971,16,1,0,0,0,0.384854
13.735849775861535,40,18,0.1132,0.384854,0,1,0,0,0,-0.144812
13.591038211524722,41,19,0.1132,-0.144812,2,1,0,0,0,0.181409
13.772447566826449,42,20,0.1132,0.181409,4,1,0,0,0,-0.028224
13.744223091180396,43,21,0.1132,-0.028224,6,1,0,0,0,0.171271
13.91549444541694,44,22,0.1132,0.171271,8,1,0,0,0,-0.000471
13.915023457127443,45,23,0.1132,-0.000471,0,1,0,0,0,0.022181
14.07185644079303,27,5,0.3113,0.0,1,1,0,0,0,0.303793
14.37564962490469,28,6,0.3113,0.303793,3,1,0,0,0,0.150226
14.525875909626782,29,7,0.3113,0.150226,5,1,0,0,0,-0.034176
14.491699535234257,30,8,0.3113,-0.034176,7,1,0,0,0,-0.390274
14.101425862791308,31,9,0.3113,-0.390274,9,1,0,0,0,-0.041019
14.060406720241058,32,10,0.3113,-0.041019,11,1,0,0,0,-0.256791
13.8036156031401,33,11,0.3113,-0.256791,13,1,0,0,0,-0.00148
13.802135895560133,34,12,0.3113,-0.00148,15,1,0,0,0,0.434334
14.23646942330816,35,13,0.3113,0.434334,0,1,0,0,0,-0.115914
14.120555486713686,36,14,0.3113,-0.115914,0,1,0,0,0,0.173957
14.294512015907424,37,15,0.3113,0.173957,2,1,0,0,0,0.109457
14.403968808606637,38,16,0.3113,0.109457,4,1,0,0,0,0.162712
14.56668112579118,39,17,0.3113,0.162712,6,1,0,0,0,0.449902
15.01658306740333,40,18,0.3113,0.449902,8,1,0,0,0,0.230992
15.247574836083158,41,19,0.3113,0.230992,10,1,0,0,0,0.248585
15.496159493691096,42,20,0.3113,0.248585,12,1,0,0,0,0.282411
13.30061272722001,24,2,0.161,0.0,1,1,0,0,1,0.18234
13.482952959481745,25,3,0.161,0.18234,3,1,0,0,1,0.157537
13.640489896604372,26,4,0.161,0.157537,5,1,0,0,1,0.21945
13.859939731367565,27,5,0.161,0.21945,7,1,0,0,1,0.33897
14.198909866914022,28,6,0.161,0.33897,9,1,0,0,1,-0.01488
14.184030184404712,29,7,0.161,-0.01488,11,1,0,0,1,0.245356
14.429385894011414,30,8,0.161,0.245356,13,1,0,0,1,0.187253
14.616638625554092,31,9,0.161,0.187253,0,1,0,0,1,-0.042571
14.574068050886304,32,10,0.161,-0.042571,2,1,0,0,1,0.027205
14.601273387308291,33,11,0.161,0.027205,4,1,0,0,1,0.257862
14.859135070294053,34,12,0.161,0.257862,6,1,0,0,1,0.212017
15.07115238839212,35,13,0.161,0.212017,8,1,0,0,1,0.199736
15.27088835862061,36,14,0.161,0.199736,10,1,0,0,1,0.042265
15.313153017578935,37,15,0.161,0.042265,12,1,0,0,1,-0.1911
15.122053203111928,38,16,0.161,-0.1911,14,1,0,0,1,-0.043678
15.078375608253653,39,17,0.161,-0.043678,16,1,0,0,1,0.159338
13.269156699410882,22,0,0.1195,0.0,1,1,0,0,1,0.058408
13.3275648017712,23,1,0.1195,0.058408,3,1,0,0,1,-0.054723
13.272842222784755,24,2,0.1195,-0.054723,5,1,0,0,1,0.193664
13.466506197761662,25,3,0.1195,0.193664,7,1,0,0,1,-0.033019
13.433486800265946,26,4,0.1195,-0.033019,9,1,0,0,1,0.117597
13.551083508087364,27,5,0.1195,0.117597,11,1,0,0,1,0.083247
13.634330987410271,28,6,0.1195,0.083247,13,1,0,0,1,0.07642
13.710751021891886,29,7,0.1195,0.07642,15,1,0,0,1,-0.102446
13.608305328312852,30,8,0.1195,-0.102446,17,1,0,0,1,0.075475
13.683780012494795,31,9,0.1195,0.075475,19,1,0,0,1,0.04078
13.724559738175145,32,10,0.1195,0.04078,21,1,0,0,1,0.195984
13.920543310466714,33,11,0.1195,0.195984,0,1,0,0,1,0.059097
13.97964066467743,34,12,0.1195,0.059097,2,1,0,0,1,0.190147
14.169787806154085,35,13,0.1195,0.190147,4,1,0,0,1,0.335691
14.505478609650202,36,14,0.1195,0.335691,0,1,0,0,1,-0.041405
14.464073416765533,37,15,0.1195,-0.041405,2,1,0,0,1,0.121084
11.002099841204238,23,1,0.0951,0.0,1,1,0,0,1,0.0
11.002099841204238,24,2,0.0951,0.0,3,1,0,0,1,0.0
11.002099841204238,25,3,0.0951,0.0,5,1,0,0,1,0.0
11.002099841204238,26,4,0.0951,0.0,0,1,0,0,1,0.0
11.002099841204238,27,5,0.0951,0.0,2,1,0,0,1,0.0
11.002099841204238,28,6,0.0951,0.0,4,1,0,0,1,0.0
11.002099841204238,29,7,0.0951,0.0,0,1,0,0,1,0.0
11.002099841204238,30,8,0.0951,0.0,2,1,0,0,1,0.074256
11.076355738424185,31,9,0.0951,0.074256,4,1,0,0,1,0.213203
11.289558780419489,32,10,0.0951,0.213203,6,1,0,0,1,0.051372
11.340930832766045,33,11,0.0951,0.051372,8,1,0,0,1,0.206864
11.547795126558412,34,12,0.0951,0.206864,10,1,0,0,1,0.258502
11.80629693799983,35,13,0.0951,0.258502,12,1,0,0,1,0.170312
11.9766085365329,36,14,0.0951,0.170312,14,1,0,0,1,0.133342
12.109950332362065,37,15,0.0951,0.133342,16,1,0,0,1,0.165532
12.27548211457156,38,16,0.0951,0.165532,18,1,0,0,1,0.312361
11.002099841204238,31,9,0.4974,0.0,1,0,1,0,1,0.0
11.002099841204238,32,10,0.4974,0.0,3,0,1,0,1,0.148786
11.150885889455893,33,11,0.4974,0.148786,5,0,1,0,1,0.906116
12.057001565925997,34,12,0.4974,0.906116,7,0,1,0,1,0.733198
12.79019994345609,35,13,0.4974,0.733198,9,0,1,0,1,-0.636048
12.154152400397576,36,14,0.4974,-0.636048,11,0,1,0,1,-0.717571
11.436581683630894,37,15,0.4974,-0.717571,13,0,1,0,1,0.210485
11.647066905316324,38,16,0.4974,0.210485,0,0,1,0,1,-0.152123
11.494943444680207,39,17,0.4974,-0.152123,2,0,1,0,1,0.323242
11.818185213210736,40,18,0.4974,0.323242,4,0,1,0,1,0.229107
12.047292297596876,41,19,0.4974,0.229107,6,0,1,0,1,0.18214
12.229432387616917,42,20,0.4974,0.18214,0,0,1,0,1,-0.387595
11.84183785777636,43,21,0.4974,-0.387595,2,0,1,0,1,-0.531304
11.310533882613935,44,22,0.4974,-0.531304,4,0,1,0,1,-0.308434
11.002099841204238,45,23,0.4974,-0.308434,6,0,1,0,1,0.0
11.002099841204238,46,24,0.4974,0.0,0,0,1,0,1,0.0
13.9248955617652,33,11,0.1895,0.0,1,1,0,0,0,0.181094
14.105989996409358,34,12,0.1895,0.181094,3,1,0,0,0,-0.14624
13.959750001043787,35,13,0.1895,-0.14624,5,1,0,0,0,-0.342592
13.617157625656294,36,14,0.1895,-0.342592,7,1,0,0,0,0.035656
13.65281315577348,37,15,0.1895,0.035656,9,1,0,0,0,0.15913
13.81194306227352,38,16,0.1895,0.15913,11,1,0,0,0,-0.052401
13.759541633541737,39,17,0.1895,-0.052401,13,1,0,0,0,-0.136509
13.623032610569643,40,18,0.1895,-0.136509,15,1,0,0,0,-0.264447
13.35858590943951,41,19,0.1895,-0.264447,17,1,0,0,0,0.100884
13.459469721949644,42,20,0.1895,0.100884,19,1,0,0,0,0.217637
13.677106741325579,43,21,0.1895,0.217637,21,1,0,0,0,0.081324
13.758430256648262,44,22,0.1895,0.081324,23,1,0,0,0,0.47106
14.229489879100191,45,23,0.1895,0.47106,25,1,0,0,0,0.041025
14.270514720707741,46,24,0.1895,0.041025,27,1,0,0,0,-0.022249
14.248265290941125,47,25,0.1895,-0.022249,29,1,0,0,0,0.070006
14.318271458553127,48,26,0.1895,0.070006,31,1,0,0,0,0.040091
14.210722347864179,29,7,0.2256,0.0,1,1,0,0,0,-0.116573
14.094149675430995,30,8,0.2256,-0.116573,3,1,0,0,0,0.183141
14.277291165012144,31,9,0.2256,0.183141,5,1,0,0,0,0.007354
14.284645497722222,32,10,0.2256,0.007354,7,1,0,0,0,0.373549
14.658194734379489,33,11,0.2256,0.373549,0,1,0,0,0,-0.011259
14.64693524785806,34,12,0.2256,-0.011259,2,1,0,0,0,0.098243
14.745177961328299,35,13,0.2256,0.098243,4,1,0,0,0,0.135712
14.880890071649844,36,14,0.2256,0.135712,6,1,0,0,0,0.161442
15.042331628660168,37,15,0.2256,0.161442,8,1,0,0,0,0.171285
15.21361616589353,38,16,0.2256,0.171285,10,1,0,0,0,-0.093536
15.120080458432057,39,17,0.2256,-0.093536,12,1,0,0,0,0.182214
15.302294274677186,40,18,0.2256,0.182214,14,1,0,0,0,0.046836
15.349130609807155,41,19,0.2256,0.046836,16,1,0,0,0,0.252043
15.601173359914716,42,20,0.2256,0.252043,18,1,0,0,0,-0.033394
15.567779178922416,43,21,0.2256,-0.033394,20,1,0,0,0,0.053225
15.62100391198214,44,22,0.2256,0.053225,22,1,0,0,0,-0.051673
13.14309635035883,25,3,0.2578,0.0,1,1,0,0,0,-0.18479
12.958306592496363,26,4,0.2578,-0.18479,1,1,0,0,0,0.113558
13.071864398918462,27,5,0.2578,0.113558,1,1,0,0,0,-0.131037
12.940827685629454,28,6,0.2578,-0.131037,1,1,0,0,0,-0.030878
12.909950048778427,29,7,0.2578,-0.030878,1,1,0,0,0,0.264145
13.174095150618758,30,8,0.2578,0.264145,1,1,0,0,0,0.019895
13.193990104765794,31,9,0.2578,0.019895,0,1,0,0,0,0.162175
13.356165080652493,32,10,0.2578,0.162175,1,1,0,0,0,0.167151
13.523315919865057,33,11,0.2578,0.167151,1,1,0,0,0,0.284811
13.808126678550623,34,12,0.2578,0.284811,1,1,0,0,0,-0.100091
13.708035442331585,35,13,0.2578,-0.100091,1,1,0,0,0,-0.069561
13.638474372864131,36,14,0.2578,-0.069561,1,1,0,0,0,0.388655
14.027129225106778,37,15,0.2578,0.388655,0,1,0,0,0,-0.469468
13.557661389976857,38,16,0.2578,-0.469468,0,1,0,0,0,-0.420799
13.136862463907423,39,17,0.2578,-0.420799,1,1,0,0,0,0.337639
13.474501275635621,40,18,0.2578,0.337639,0,1,0,0,0,0.109195
12.943557752114527,31,9,0.3415,0.0,1,1,0,0,0,-0.199092
12.744465392621455,32,10,0.3415,-0.199092,3,1,0,0,0,-0.151365
12.593100131895667,33,11,0.3415,-0.151365,5,1,0,0,0,0.328266
12.921365829410316,34,12,0.3415,0.328266,0,1,0,0,0,0.154695
13.076061058346932,35,13,0.3415,0.154695,2,1,0,0,0,0.010963
13.087024394445665,36,14,0.3415,0.010963,4,1,0,0,0,0.190326
13.277350699526748,37,15,0.3415,0.190326,6,1,0,0,0,0.567719
13.845069888859385,38,16,0.3415,0.567719,8,1,0,0,0,0.062522
13.907591499827193,39,17,0.3415,0.062522,10,1,0,0,0,0.167627
14.075218549399725,40,18,0.3415,0.167627,12,1,0,0,0,-0.149676
13.925542875537294,41,19,0.3415,-0.149676,14,1,0,0,0,0.153522
14.079064631049148,42,20,0.3415,0.153522,16,1,0,0,0,0.489338
14.568403099446222,43,21,0.3415,0.489338,18,1,0,0,0,0.00817
14.576573575963527,44,22,0.3415,0.00817,20,1,0,0,0,-0.138746
14.43782737778496,45,23,0.3415,-0.138746,22,1,0,0,0,-0.058118
14.379709198710604,46,24,0.3415,-0.058118,24,1,0,0,0,-0.005504
11.232274963660364,24,2,0.8146,0.0,1,0,1,0,0,0.522271
11.754546118057876,25,3,0.8146,0.522271,3,0,1,0,0,0.092086
11.846631877088534,26,4,0.8146,0.092086,5,0,1,0,0,-0.131027
11.715605234177847,27,5,0.8146,-0.131027,7,0,1,0,0,-0.372378
11.343226767069988,28,6,0.8146,-0.372378,9,0,1,0,0,0.435678
11.77890442205966,29,7,0.8146,0.435678,11,0,1,0,0,-0.205172
11.573732775425077,30,8,0.8146,-0.205172,13,0,1,0,0,-0.299659
11.274073414728583,31,9,0.8146,-0.299659,15,0,1,0,0,0.323864
11.59793732049162,32,10,0.8146,0.323864,17,0,1,0,0,0.1798
11.777737259376766,33,11,0.8146,0.1798,0,0,1,0,0,0.440443
12.2181804792148,34,12,0.8146,0.440443,2,0,1,0,0,0.395523
12.613703749447719,35,13,0.8146,0.395523,4,0,1,0,0,-0.225335
12.388369052379462,36,14,0.8146,-0.225335,6,0,1,0,0,-0.644881
11.743488071944629,37,15,0.8146,-0.644881,8,0,1,0,0,0.668424
12.41191204223845,38,16,0.8146,0.668424,10,0,1,0,0,0.326055
12.737966959240646,39,17,0.8146,0.326055,12,0,1,0,0,-0.466228
12.619280402438466,22,0,0.3402,0.0,1,1,0,0,0,0.066201
12.685481599598205,23,1,0.3402,0.066201,3,1,0,0,0,-0.078252
12.607229943090017,24,2,0.3402,-0.078252,5,1,0,0,0,0.158333
12.76556245936022,25,3,0.3402,0.158333,7,1,0,0,0,0.143748
12.909310487137882,26,4,0.3402,0.143748,9,1,0,0,0,0.031097
12.940407053697784,27,5,0.3402,0.031097,11,1,0,0,0,-0.156218
12.784188909554057,28,6,0.3402,-0.156218,13,1,0,0,0,-0.05888
12.72530916308331,29,7,0.3402,-0.05888,15,1,0,0,0,0.22619
12.95149931288294,30,8,0.3402,0.22619,17,1,0,0,0,0.050745
13.002244146497155,31,9,0.3402,0.050745,0,1,0,0,0,0.164402
13.166646609349101,32,10,0.3402,0.164402,2,1,0,0,0,0.050078
13.216724577516873,33,11,0.3402,0.050078,4,1,0,0,0,0.130104
13.346828773461299,34,12,0.3402,0.130104,6,1,0,0,0,-0.065426
13.281402796713676,35,13,0.3402,-0.065426,8,1,0,0,0,0.144819
13.426221669921294,36,14,0.3402,0.144819,10,1,0,0,0,0.241489
13.667710808482074,37,15,0.3402,0.241489,0,1,0,0,0,0.201695
12.194854666951915,34,12,0.6292,0.0,1,0,0,1,1,-0.285338
11.909516361678824,35,13,0.6292,-0.285338,3,0,0,1,1,0.279217
12.188733555380308,36,14,0.6292,0.279217,0,0,0,1,1,1.059611
13.24834482084086,37,15,0.6292,1.059611,2,0,0,1,1,-0.35942
12.888924583360565,38,16,0.6292,-0.35942,0,0,0,1,1,0.193117
13.082041286888499,39,17,0.6292,0.193117,2,0,0,1,1,0.513999
13.596040511295612,40,18,0.6292,0.513999,4,0,0,1,1,-0.139884
13.456156538769742,41,19,0.6292,-0.139884,6,0,0,1,1,-0.006671
13.44948599154208,42,20,0.6292,-0.006671,0,0,0,1,1,0.071202
13.520687827928649,43,21,0.6292,0.071202,2,0,0,1,1,0.991323
14.512011291932708,44,22,0.6292,0.991323,4,0,0,1,1,0.632283
15.14429407381181,45,23,0.6292,0.632283,0,0,0,1,1,-0.003086
15.141208028027293,46,24,0.6292,-0.003086,2,0,0,1,1,-0.18613
14.955078217771284,47,25,0.6292,-0.18613,4,0,0,1,1,0.206496
15.161574228376484,48,26,0.6292,0.206496,6,0,0,1,1,-0.428324
14.733249933889475,49,27,0.6292,-0.428324,8,0,0,1,1,-0.368748
13.005549396608217,33,11,0.8747,0.0,1,0,0,1,1,-0.09993
12.905619343395424,34,12,0.8747,-0.09993,0,0,0,1,1,-0.032751
12.872867946435408,35,13,0.8747,-0.032751,2,0,0,1,1,0.101488
12.9743563901837,36,14,0.8747,0.101488,0,0,0,1,1,-0.439045
12.535310976643416,37,15,0.8747,-0.439045,2,0,0,1,1,-0.201483
12.33382755775159,38,16,0.8747,-0.201483,4,0,0,1,1,0.139656
12.473483727047183,39,17,0.8747,0.139656,6,0,0,1,1,0.498573
12.972056753773614,40,18,0.8747,0.498573,8,0,0,1,1,0.621986
13.594042779030238,41,19,0.8747,0.621986,10,0,0,1,1,0.171191
13.765233907776006,42,20,0.8747,0.171191,12,0,0,1,1,0.522518
14.287751718715272,43,21,0.8747,0.522518,14,0,0,1,1,-0.67778
13.609971787740072,44,22,0.8747,-0.67778,16,0,0,1,1,0.086434
13.69640550637168,45,23,0.8747,0.086434,18,0,0,1,1,-0.529242
13.167163550532289,46,24,0.8747,-0.529242,0,0,0,1,1,-0.386186
12.780978036158533,47,25,0.8747,-0.386186,2,0,0,1,1,0.313224
13.094202491241933,48,26,0.8747,0.313224,0,0,0,1,1,0.40374
11.557702094664869,29,7,0.7509,0.0,1,1,0,0,0,0.333825
11.891527436760132,30,8,0.7509,0.333825,0,1,0,0,0,0.395827
12.28735404034209,31,9,0.7509,0.395827,2,1,0,0,0,-0.098251
12.18910298537828,32,10,0.7509,-0.098251,4,1,0,0,0,0.019412
12.208514492415986,33,11,0.7509,0.019412,6,1,0,0,0,0.073375
12.281889125098203,34,12,0.7509,0.073375,0,1,0,0,0,0.441323
12.723211938689406,35,13,0.7509,0.441323,2,1,0,0,0,0.508543
13.231754748445292,36,14,0.7509,0.508543,4,1,0,0,0,0.514833
13.746587862576746,37,15,0.7509,0.514833,0,1,0,0,0,-0.06235
13.684237627628717,38,16,0.7509,-0.06235,2,1,0,0,0,0.449731
14.133968588136243,39,17,0.7509,0.449731,4,1,0,0,0,0.214373
14.348341981217624,40,18,0.7509,0.214373,6,1,0,0,0,0.635784
14.98412635039881,41,19,0.7509,0.635784,8,1,0,0,0,0.238226
15.222351959551622,42,20,0.7509,0.238226,10,1,0,0,0,0.590955
15.813307398295313,43,21,0.7509,0.590955,0,1,0,0,0,0.048157
15.861464750064124,44,22,0.7509,0.048157,2,1,0,0,0,-0.022339
11.002099841204238,23,1,0.7954,0.0,1,0,0,1,0,0.0
11.002099841204238,24,2,0.7954,0.0,3,0,0,1,0,0.0
11.002099841204238,25,3,0.7954,0.0,5,0,0,1,0,0.0
11.002099841204238,26,4,0.7954,0.0,0,0,0,1,0,0.0
11.002099841204238,27,5,0.7954,0.0,2,0,0,1,0,0.0
11.002099841204238,28,6,0.7954,0.0,4,0,0,1,0,0.0
11.002099841204238,29,7,0.7954,0.0,6,0,0,1,0,0.0
11.002099841204238,30,8,0.7954,0.0,8,0,0,1,0,0.0
11.002099841204238,31,9,0.7954,0.0,10,0,0,1,0,0.0
11.002099841204238,32,10,0.7954,0.0,12,0,0,1,0,0.0
11.002099841204238,33,11,0.7954,0.0,14,0,0,1,0,0.0
11.002099841204238,34,12,0.7954,0.0,16,0,0,1,0,0.0
11.002099841204238,35,13,0.7954,0.0,0,0,0,1,0,0.0
11.002099841204238,36,14,0.7954,0.0,2,0,0,1,0,0.0
11.002099841204238,37,15,0.7954,0.0,0,0,0,1,0,0.0
11.002099841204238,38,16,0.7954,0.0,0,0,0,1,0,0.0
11.568260411244738,31,9,0.1151,0.0,1,1,0,0,1,0.149179
11.717439455268641,32,10,0.1151,0.149179,3,1,0,0,1,0.115767
11.833206015982876,33,11,0.1151,0.115767,5,1,0,0,1,0.091155
11.92436103379559,34,12,0.1151,0.091155,7,1,0,0,1,-0.013527
11.9108342626724,35,13,0.1151,-0.013527,9,1,0,0,1,0.054892
11.965726478354286,36,14,0.1151,0.054892,11,1,0,0,1,0.07116
12.036886937548047,37,15,0.1151,0.07116,13,1,0,0,1,0.410945
12.447832127200584,38,16,0.1151,0.410945,0,1,0,0,1,0.211298
12.659129843181358,39,17,0.1151,0.211298,2,1,0,0,1,0.057401
12.716530827906697,40,18,0.1151,0.057401,4,1,0,0,1,-0.017332
12.699198961329751,41,19,0.1151,-0.017332,6,1,0,0,1,0.612027
13.311225544740124,42,20,0.1151,0.612027,0,1,0,0,1,0.18758
13.498805490779198,43,21,0.1151,0.18758,2,1,0,0,1,0.1551
13.653905344101666,44,22,0.1151,0.1551,0,1,0,0,1,-0.009063
13.644842154076754,45,23,0.1151,-0.009063,2,1,0,0,1,-0.049498
13.59534428794056,46,24,0.1151,-0.049498,4,1,0,0,1,0.09368
12.28859213109972,22,0,0.1563,0.0,1,1,0,0,0,0.443524
12.732116228157503,23,1,0.1563,0.443524,0,1,0,0,0,-0.036194
12.695922166849716,24,2,0.1563,-0.036194,0,1,0,0,0,0.311881
13.007802991386686,25,3,0.1563,0.311881,2,1,0,0,0,0.350775
13.358578452864034,26,4,0.1563,0.350775,4,1,0,0,0,0.064161
13.422739239114643,27,5,0.1563,0.064161,6,1,0,0,0,0.114636
13.537375193273816,28,6,0.1563,0.114636,8,1,0,0,0,0.128653
13.666028329820382,29,7,0.1563,0.128653,10,1,0,0,0,0.016669
13.68269683520909,30,8,0.1563,0.016669,12,1,0,0,0,-0.048889
13.633808146494596,31,9,0.1563,-0.048889,0,1,0,0,0,0.199105
13.832913080075992,32,10,0.1563,0.199105,2,1,0,0,0,-0.042905
13.790008294026098,33,11,0.1563,-0.042905,4,1,0,0,0,-0.070128
13.719880060089235,34,12,0.1563,-0.070128,6,1,0,0,0,-0.198892
13.520988020614611,35,13,0.1563,-0.198892,0,1,0,0,0,-0.16108
13.3599076318358,36,14,0.1563,-0.16108,2,1,0,0,0,-0.223733
13.136174337896538,37,15,0.1563,-0.223733,4,1,0,0,0,-0.126437
13.577874891724274,24,2,0.1881,0.0,1,1,0,0,0,0.1159
13.693775384996403,25,3,0.1881,0.1159,3,1,0,0,0,0.156678
13.850453875107362,26,4,0.1881,0.156678,5,1,0,0,0,0.216516
14.06697003373227,27,5,0.1881,0.216516,7,1,0,0,0,0.297517
14.36448675450825,28,6,0.1881,0.297517,0,1,0,0,0,0.131074
14.49556051352077,29,7,0.1881,0.131074,2,1,0,0,0,0.302249
14.797809502941654,30,8,0.1881,0.302249,4,1,0,0,0,0.270306
15.068115008522838,31,9,0.1881,0.270306,6,1,0,0,0,0.089881
15.157996442655957,32,10,0.1881,0.089881,8,1,0,0,0,0.151874
15.30987071458407,33,11,0.1881,0.151874,10,1,0,0,0,0.188856
15.498726976636336,34,12,0.1881,0.188856,0,1,0,0,0,0.113004
15.611730846749007,35,13,0.1881,0.113004,0,1,0,0,0,0.062523
15.674254251047943,36,14,0.1881,0.062523,2,1,0,0,0,0.576071
16.250325603100713,37,15,0.1881,0.576071,0,1,0,0,0,0.368822
16.619147790672073,38,16,0.1881,0.368822,2,1,0,0,0,0.076807
16.695954549850555,39,17,0.1881,0.076807,4,1,0,0,0,0.095111
13.083579720070409,33,11,0.3084,0.0,1,1,0,0,1,-0.103866
12.97971360480031,34,12,0.3084,-0.103866,3,1,0,0,1,-0.020052
12.959661668055794,35,13,0.3084,-0.020052,5,1,0,0,1,0.209502
13.169163645448233,36,14,0.3084,0.209502,7,1,0,0,1,0.105857
13.275020582981133,37,15,0.3084,0.105857,9,1,0,0,1,0.297098
13.572118246340233,38,16,0.3084,0.297098,11,1,0,0,1,-0.103928
13.468190139516956,39,17,0.3084,-0.103928,13,1,0,0,1,0.10382
13.572010490959801,40,18,0.3084,0.10382,15,1,0,0,1,0.193127
13.765137489345765,41,19,0.3084,0.193127,17,1,0,0,1,0.278348
14.043485392365275,42,20,0.3084,0.278348,19,1,0,0,1,0.323146
14.366631602340387,43,21,0.3084,0.323146,0,1,0,0,1,0.347646
14.714278079352686,44,22,0.3084,0.347646,2,1,0,0,1,0.131545
14.84582307195523,45,23,0.3084,0.131545,0,1,0,0,1,0.109357
14.955180220602372,46,24,0.3084,0.109357,2,1,0,0,1,0.127842
15.083022665271741,47,25,0.3084,0.127842,4,1,0,0,1,0.017556
15.100578341025054,48,26,0.3084,0.017556,6,1,0,0,1,0.305133
11.36520350701949,22,0,0.0017,0.0,1,1,0,0,0,0.305701
11.670904160057155,23,1,0.0017,0.305701,0,1,0,0,0,0.113423
11.784327124059109,24,2,0.0017,0.113423,2,1,0,0,0,0.250227
12.034554319190939,25,3,0.0017,0.250227,4,1,0,0,0,0.14347
12.178024245397275,26,4,0.0017,0.14347,6,1,0,0,0,0.076085
12.254109043137905,27,5,0.0017,0.076085,8,1,0,0,0,0.207047
12.461156256766103,28,6,0.0017,0.207047,10,1,0,0,0,0.246215
12.707371643831094,29,7,0.0017,0.246215,12,1,0,0,0,0.073295
12.780667031365919,30,8,0.0017,0.073295,14,1,0,0,0,-0.025949
12.754717752033065,31,9,0.0017,-0.025949,16,1,0,0,0,0.172195
12.926912691077096,32,10,0.0017,0.172195,18,1,0,0,0,0.17916
13.106072202756659,33,11,0.0017,0.17916,20,1,0,0,0,0.053477
13.159549101046254,34,12,0.0017,0.053477,22,1,0,0,0,0.015992
13.175541026294761,35,13,0.0017,0.015992,24,1,0,0,0,0.304569
13.480109601805909,36,14,0.0017,0.304569,26,1,0,0,0,0.209793
13.689902578281348,37,15,0.0017,0.209793,28,1,0,0,0,0.311569
11.869762833340262,28,6,0.3071,0.0,1,1,0,0,0,-0.130086
11.739676690840634,29,7,0.3071,-0.130086,3,1,0,0,0,-0.028524
11.711152765155266,30,8,0.3071,-0.028524,5,1,0,0,0,0.334354
12.045506349980341,31,9,0.3071,0.334354,7,1,0,0,0,0.046361
12.091867723245642,32,10,0.3071,0.046361,9,1,0,0,0,0.074693
12.166560392518683,33,11,0.3071,0.074693,11,1,0,0,0,-0.014148
12.152412573625089,34,12,0.3071,-0.014148,13,1,0,0,0,0.022972
12.175384236055692,35,13,0.3071,0.022972,15,1,0,0,0,0.738084
12.913468295026288,36,14,0.3071,0.738084,0,1,0,0,0,0.219147
13.132615167343673,37,15,0.3071,0.219147,2,1,0,0,0,0.101808
13.234422827102604,38,16,0.3071,0.101808,4,1,0,0,0,0.160975
13.395398198069723,39,17,0.3071,0.160975,0,1,0,0,0,-0.248967
13.146431271643623,40,18,0.3071,-0.248967,2,1,0,0,0,0.043835
13.190266526861462,41,19,0.3071,0.043835,4,1,0,0,0,0.002599
13.19286506142564,42,20,0.3071,0.002599,6,1,0,0,0,-0.109333
13.083532308115837,43,21,0.3071,-0.109333,8,1,0,0,0,-0.052607
12.670001471550876,25,3,0.881,0.0,1,0,1,0,1,-0.67601
11.993991910645722,26,4,0.881,-0.67601,3,0,1,0,1,0.685465
12.679456521083253,27,5,0.881,0.685465,5,0,1,0,1,0.373362
13.052818206535958,28,6,0.881,0.373362,7,0,1,0,1,0.165368
13.218186615743276,29,7,0.881,0.165368,9,0,1,0,1,0.033614
13.251800964820823,30,8,0.881,0.033614,11,0,1,0,1,-0.114128
13.137672995508295,31,9,0.881,-0.114128,13,0,1,0,1,0.368221
13.50589429807702,32,10,0.881,0.368221,15,0,1,0,1,0.002161
13.508055100575799,33,11,0.881,0.002161,17,0,1,0,1,-0.137033
13.371021864167302,34,12,0.881,-0.137033,19,0,1,0,1,-0.196567
13.17445529667164,35,13,0.881,-0.196567,21,0,1,0,1,0.232057
13.406511896824481,36,14,0.881,0.232057,23,0,1,0,1,-0.018583
13.387928459801785,37,15,0.881,-0.018583,25,0,1,0,1,-0.432817
12.955111270509274,38,16,0.881,-0.432817,27,0,1,0,1,0.280829
13.235940369348114,39,17,0.881,0.280829,0,0,1,0,1,0.908588
14.14452807705778,40,18,0.881,0.908588,0,0,1,0,1,-0.035222
11.404458360628242,31,9,0.0,0.0,1,1,0,0,1,-0.084865
11.319592973920404,32,10,0.0,-0.084865,3,1,0,0,1,0.013996
11.333589214372754,33,11,0.0,0.013996,5,1,0,0,1,0.098187
11.431776117186986,34,12,0.0,0.098187,7,1,0,0,1,0.081837
11.513613103771945,35,13,0.0,0.081837,9,1,0,0,1,0.069469
11.583082151990698,36,14,0.0,0.069469,11,1,0,0,1,0.203702
11.786783940408483,37,15,0.0,0.203702,13,1,0,0,1,0.075935
11.862718623243076,38,16,0.0,0.075935,15,1,0,0,1,0.113081
11.97579936982655,39,17,0.0,0.113081,17,1,0,0,1,-0.384689
11.591110277889124,40,18,0.0,-0.384689,0,1,0,0,1,0.203538
11.794647832811089,41,19,0.0,0.203538,0,1,0,0,1,0.031104
11.825751689442752,42,20,0.0,0.031104,2,1,0,0,1,0.024365
11.85011645685698,43,21,0.0,0.024365,4,1,0,0,1,0.026088
11.876204720643093,44,22,0.0,0.026088,6,1,0,0,1,0.038411
11.914615344813416,45,23,0.0,0.038411,8,1,0,0,1,0.1078
12.022414954423098,46,24,0.0,0.1078,10,1,0,0,1,0.146365
15.25034654657117,27,5,0.4816,0.0,1,1,0,0,0,0.163286
15.413633003975287,28,6,0.4816,0.163286,3,1,0,0,0,0.278861
15.692493718513797,29,7,0.4816,0.278861,5,1,0,0,0,0.199019
15.891513215191218,30,8,0.4816,0.199019,7,1,0,0,0,-0.166627
15.724885979026418,31,9,0.4816,-0.166627,9,1,0,0,0,-0.132685
15.592200868767875,32,10,0.4816,-0.132685,11,1,0,0,0,-0.260192
15.332008856215072,33,11,0.4816,-0.260192,13,1,0,0,0,-0.17055
15.16145859099993,34,12,0.4816,-0.17055,15,1,0,0,0,-0.210598
14.95086056370437,35,13,0.4816,-0.210598,17,1,0,0,0,0.02134
14.972200246254923,36,14,0.4816,0.02134,19,1,0,0,0,-0.028323
14.943877553993056,37,15,0.4816,-0.028323,21,1,0,0,0,-0.125904
14.817973237235654,38,16,0.4816,-0.125904,23,1,0,0,0,0.042591
14.860564243405435,39,17,0.4816,0.042591,25,1,0,0,0,0.076337
14.936901092515242,40,18,0.4816,0.076337,27,1,0,0,0,0.301126
15.23802700575526,41,19,0.4816,0.301126,29,1,0,0,0,0.070731
15.308758216958356,42,20,0.4816,0.070731,31,1,0,0,0,-0.077921
11.002099841204238,32,10,0.2302,0.0,1,1,0,0,0,0.0
11.002099841204238,33,11,0.2302,0.0,3,1,0,0,0,0.0
11.002099841204238,34,12,0.2302,0.0,5,1,0,0,0,0.044066
11.046165837328964,35,13,0.2302,0.044066,0,1,0,0,0,0.377528
11.42369344474822,36,14,0.2302,0.377528,2,1,0,0,0,0.081369
11.505062624346822,37,15,0.2302,0.081369,4,1,0,0,0,0.113168
11.618230732809366,38,16,0.2302,0.113168,6,1,0,0,0,0.034922
11.65315313327005,39,17,0.2302,0.034922,8,1,0,0,0,-0.07111
11.582042914376927,40,18,0.2302,-0.07111,10,1,0,0,0,-0.201514
11.380529051507287,41,19,0.2302,-0.201514,12,1,0,0,0,-0.113844
11.266684638867597,42,20,0.2302,-0.113844,14,1,0,0,0,0.170952
11.437636178257245,43,21,0.2302,0.170952,16,1,0,0,0,0.05746
11.495095720215705,44,22,0.2302,0.05746,18,1,0,0,0,-0.08591
11.409185662115203,45,23,0.2302,-0.08591,20,1,0,0,0,0.189126
11.598311700561833,46,24,0.2302,0.189126,22,1,0,0,0,0.006355
11.604666654648272,47,25,0.2302,0.006355,24,1,0,0,0,-0.159048
12.619220705729814,30,8,0.0539,0.0,1,1,0,0,0,0.176847
12.796068177410344,31,9,0.0539,0.176847,3,1,0,0,0,0.07401
12.870078537948697,32,10,0.0539,0.07401,5,1,0,0,0,-0.030662
12.83941638051957,33,11,0.0539,-0.030662,7,1,0,0,0,0.029032
12.86844837250548,34,12,0.0539,0.029032,9,1,0,0,0,0.108344
12.976792472321325,35,13,0.0539,0.108344,11,1,0,0,0,0.175673
13.152465769891073,36,14,0.0539,0.175673,13,1,0,0,0,0.023222
13.175688002981174,37,15,0.0539,0.023222,15,1,0,0,0,0.068934
13.244621736989421,38,16,0.0539,0.068934,17,1,0,0,0,-0.131658
13.112963832190655,39,17,0.0539,-0.131658,19,1,0,0,0,0.194331
13.307295080240849,40,18,0.0539,0.194331,21,1,0,0,0,-0.06778
13.239514771734354,41,19,0.0539,-0.06778,23,1,0,0,0,-0.273571
12.965944226145163,42,20,0.0539,-0.273571,25,1,0,0,0,-0.06875
12.897193754919389,43,21,0.0539,-0.06875,27,1,0,0,0,-0.075145
12.822048611743165,44,22,0.0539,-0.075145,29,1,0,0,0,-0.034407
12.787641837675048,45,23,0.0539,-0.034407,31,1,0,0,0,-0.020626
12.041690117287907,33,11,0.0336,0.0,1,1,0,0,1,0.129875
12.171565131522666,34,12,0.0336,0.129875,3,1,0,0,1,0.259138
12.430703092444443,35,13,0.0336,0.259138,5,1,0,0,1,0.302166
12.732868945949578,36,14,0.0336,0.302166,7,1,0,0,1,0.137136
12.87000470256029,37,15,0.0336,0.137136,9,1,0,0,1,0.324898
13.194902876993673,38,16,0.0336,0.324898,0,1,0,0,1,0.17527
13.370172685896113,39,17,0.0336,0.17527,2,1,0,0,1,0.125943
13.496115346428192,40,18,0.0336,0.125943,0,1,0,0,1,0.049738
13.545853631195486,41,19,0.0336,0.049738,2,1,0,0,1,0.042944
13.588797216200977,42,20,0.0336,0.042944,4,1,0,0,1,0.195177
13.783974645990243,43,21,0.0336,0.195177,0,1,0,0,1,0.078838
13.862812632657537,44,22,0.0336,0.078838,2,1,0,0,1,0.463301
14.326114053882463,45,23,0.0336,0.463301,0,1,0,0,1,0.116411
14.442525208690487,46,24,0.0336,0.116411,2,1,0,0,1,0.28898
14.73150507655737,47,25,0.0336,0.28898,0,1,0,0,1,0.428601
15.160106255465259,48,26,0.0336,0.428601,0,1,0,0,1,0.279766
13.226497013093859,31,9,0.0,0.0,1,1,0,0,0,0.075227
13.301723744112502,32,10,0.0,0.075227,3,1,0,0,0,0.137613
13.439336615575144,33,11,0.0,0.137613,5,1,0,0,0,-0.033878
13.405458147975539,34,12,0.0,-0.033878,7,1,0,0,0,-0.190501
13.214957150844763,35,13,0.0,-0.190501,9,1,0,0,0,-0.047887
13.167070604979386,36,14,0.0,-0.047887,11,1,0,0,0,-0.029475
13.137596036662753,37,15,0.0,-0.029475,13,1,0,0,0,0.017431
13.15502655525473,38,16,0.0,0.017431,0,1,0,0,0,0.316929
13.471955978817729,39,17,0.0,0.316929,0,1,0,0,0,0.125047
13.597002517951584,40,18,0.0,0.125047,2,1,0,0,0,0.094107
13.691109164048228,41,19,0.0,0.094107,4,1,0,0,0,0.226494
13.917603188223612,42,20,0.0,0.226494,6,1,0,0,0,0.383176
14.30077906750604,43,21,0.0,0.383176,8,1,0,0,0,0.069287
14.3700662555462,44,22,0.0,0.069287,10,1,0,0,0,0.051962
14.422028193482136,45,23,0.0,0.051962,12,1,0,0,0,-0.167523
14.254505244731654,46,24,0.0,-0.167523,14,1,0,0,0,0.038317
11.972812185954654,24,2,0.7179,0.0,1,0,1,0,0,1.222787
13.195598705965434,25,3,0.7179,1.222787,1,0,1,0,0,0.514845
13.710443535637594,26,4,0.7179,0.514845,1,0,1,0,0,0.420647
14.131090337687919,27,5,0.7179,0.420647,1,0,1,0,0,0.761701
14.892790967012681,28,6,0.7179,0.761701,0,0,1,0,0,-0.588093
14.304697814842978,29,7,0.7179,-0.588093,1,0,1,0,0,-0.768284
13.536414213447948,30,8,0.7179,-0.768284,1,0,1,0,0,-0.257067
13.2793473031742,31,9,0.7179,-0.257067,1,0,1,0,0,-0.111139
13.168208645393774,32,10,0.7179,-0.111139,1,0,1,0,0,0.231333
13.399541584021879,33,11,0.7179,0.231333,0,0,1,0,0,-0.297505
13.10203656534917,34,12,0.7179,-0.297505,0,0,1,0,0,0.471202
13.573238369139704,35,13,0.7179,0.471202,0,0,1,0,0,0.375011
13.94824910141026,36,14,0.7179,0.375011,1,0,1,0,0,-0.07202
13.876229370745186,37,15,0.7179,-0.07202,1,0,1,0,0,0.409513
14.285742800294843,38,16,0.7179,0.409513,1,0,1,0,0,0.052534
14.338276960945981,39,17,0.7179,0.052534,1,0,1,0,0,0.699272
13.989191413510014,29,7,0.2891,0.0,1,1,0,0,0,0.242012
14.231203800877507,30,8,0.2891,0.242012,3,1,0,0,0,0.012653
14.243857219134044,31,9,0.2891,0.012653,5,1,0,0,0,0.075994
14.319850727408634,32,10,0.2891,0.075994,7,1,0,0,0,0.07993
14.399780269090362,33,11,0.2891,0.07993,9,1,0,0,0,0.044235
14.444015301878299,34,12,0.2891,0.044235,0,1,0,0,0,0.252492
14.696507497357107,35,13,0.2891,0.252492,0,1,0,0,0,0.008781
14.70528885963818,36,14,0.2891,0.008781,2,1,0,0,0,-0.023597
14.681691681101734,37,15,0.2891,-0.023597,4,1,0,0,0,0.316286
14.997977194709584,38,16,0.2891,0.316286,6,1,0,0,0,0.321564
15.319541536882827,39,17,0.2891,0.321564,8,1,0,0,0,0.227757
15.547298208926847,40,18,0.2891,0.227757,10,1,0,0,0,0.067039
15.614337610672253,41,19,0.2891,0.067039,12,1,0,0,0,0.155897
15.770234334136497,42,20,0.2891,0.155897,14,1,0,0,0,0.022318
15.792551936787229,43,21,0.2891,0.022318,16,1,0,0,0,0.102581
15.89513245385212,44,22,0.2891,0.102581,18,1,0,0,0,-0.031507
11.797360924495647,24,2,0.1233,0.0,1,1,0,0,0,0.401994
12.199354711998975,25,3,0.1233,0.401994,0,1,0,0,0,-0.056357
12.142997380494117,26,4,0.1233,-0.056357,0,1,0,0,0,-0.163475
11.979522372982345,27,5,0.1233,-0.163475,2,1,0,0,0,-0.213424
11.766098745046852,28,6,0.1233,-0.213424,4,1,0,0,0,0.026113
11.792211261644972,29,7,0.1233,0.026113,6,1,0,0,0,-0.026752
11.765458864913072,30,8,0.1233,-0.026752,8,1,0,0,0,0.042134
11.807593085267948,31,9,0.1233,0.042134,10,1,0,0,0,0.160885
11.968478183159064,32,10,0.1233,0.160885,12,1,0,0,0,0.19778
12.166257761415286,33,11,0.1233,0.19778,14,1,0,0,0,0.143993
12.31025095874204,34,12,0.1233,0.143993,16,1,0,0,0,0.177231
12.487481473374842,35,13,0.1233,0.177231,18,1,0,0,0,0.170077
12.657558484020067,36,14,0.1233,0.170077,20,1,0,0,0,-0.079347
12.578211745254096,37,15,0.1233,-0.079347,22,1,0,0,0,0.218775
12.796986996100342,38,16,0.1233,0.218775,0,1,0,0,0,0.186498
12.98348475312048,39,17,0.1233,0.186498,0,1,0,0,0,-0.002799
11.002099841204238,34,12,0.6863,0.0,1,0,1,0,0,0.0
11.002099841204238,35,13,0.6863,0.0,3,0,1,0,0,0.0
11.002099841204238,36,14,0.6863,0.0,5,0,1,0,0,0.311934
11.314034337216732,37,15,0.6863,0.311934,7,0,1,0,0,0.784549
12.098582924728552,38,16,0.6863,0.784549,9,0,1,0,0,-0.121526
11.97705664260797,39,17,0.6863,-0.121526,11,0,1,0,0,-0.011341
11.965715732372232,40,18,0.6863,-0.011341,13,0,1,0,0,-0.303894
11.661822214740939,41,19,0.6863,-0.303894,15,0,1,0,0,-0.426781
11.235041659953556,42,20,0.6863,-0.426781,17,0,1,0,0,0.166419
11.401460580201588,43,21,0.6863,0.166419,0,0,1,0,0,-0.234648
11.166812581992659,44,22,0.6863,-0.234648,2,0,1,0,0,-0.164713
11.002099841204238,45,23,0.6863,-0.164713,4,0,1,0,0,0.445184
11.44728339401196,46,24,0.6863,0.445184,6,0,1,0,0,0.57266
12.019942969069987,47,25,0.6863,0.57266,0,0,1,0,0,0.013498
12.033441313091778,48,26,0.6863,0.013498,2,0,1,0,0,0.869962
12.90340328298858,49,27,0.6863,0.869962,0,0,1,0,0,0.112929
11.206857195037038,26,4,0.0,0.0,1,1,0,0,0,-0.124275
11.08258210990118,27,5,0.0,-0.124275,0,1,0,0,0,0.064897
11.147479116485147,28,6,0.0,0.064897,2,1,0,0,0,-0.01097
11.136508866593978,29,7,0.0,-0.01097,4,1,0,0,0,0.791084
11.927593150128848,30,8,0.0,0.791084,0,1,0,0,0,-0.045838
11.881755067999054,31,9,0.0,-0.045838,2,1,0,0,0,0.104546
11.986301030980943,32,10,0.0,0.104546,4,1,0,0,0,0.142226
12.128527064947814,33,11,0.0,0.142226,6,1,0,0,0,0.595212
12.723739072404845,34,12,0.0,0.595212,0,1,0,0,0,-0.153902
12.569837140984301,35,13,0.0,-0.153902,2,1,0,0,0,0.005981
12.575817949034734,36,14,0.0,0.005981,4,1,0,0,0,0.156442
12.732259535516851,37,15,0.0,0.156442,6,1,0,0,0,0.151924
12.884183726725361,38,16,0.0,0.151924,8,1,0,0,0,0.129478
13.013661498744042,39,17,0.0,0.129478,10,1,0,0,0,0.09105
13.104711791901442,40,18,0.0,0.09105,12,1,0,0,0,0.202543
13.307255283289068,41,19,0.0,0.202543,0,1,0,0,0,0.008927
14.477456322885843,33,11,0.5828,0.0,1,0,1,0,1,0.180033
14.657489778259821,34,12,0.5828,0.180033,3,0,1,0,1,0.185913
14.843402296195467,35,13,0.5828,0.185913,5,0,1,0,1,-0.437181
14.406221216271236,36,14,0.5828,-0.437181,7,0,1,0,1,-0.648935
13.757285749342392,37,15,0.5828,-0.648935,9,0,1,0,1,-0.365947
13.391338460019597,38,16,0.5828,-0.365947,11,0,1,0,1,0.108295
13.499633158121098,39,17,0.5828,0.108295,13,0,1,0,1,-0.330748
13.168884917323687,40,18,0.5828,-0.330748,15,0,1,0,1,0.125623
13.294508277731467,41,19,0.5828,0.125623,17,0,1,0,1,-0.193036
13.101472016135688,42,20,0.5828,-0.193036,19,0,1,0,1,0.478281
13.579752789675721,43,21,0.5828,0.478281,21,0,1,0,1,0.809214
14.388966341787262,44,22,0.5828,0.809214,23,0,1,0,1,0.775366
15.164331966731167,45,23,0.5828,0.775366,25,0,1,0,1,0.479954
15.64428585938399,46,24,0.5828,0.479954,0,0,1,0,1,-0.123179
15.52110732019367,47,25,0.5828,-0.123179,2,0,1,0,1,-0.454458
15.066649448012427,48,26,0.5828,-0.454458,4,0,1,0,1,0.083458
13.493491806363549,32,10,0.337,0.0,1,1,0,0,1,-0.108645
13.384846952680094,33,11,0.337,-0.108645,3,1,0,0,1,0.044703
13.429550021568495,34,12,0.337,0.044703,5,1,0,0,1,0.172259
13.601808940504597,35,13,0.337,0.172259,7,1,0,0,1,0.066227
13.668035707178937,36,14,0.337,0.066227,9,1,0,0,1,0.089225
13.757260832852728,37,15,0.337,0.089225,0,1,0,0,1,0.06182
13.819080343639369,38,16,0.337,0.06182,2,1,0,0,1,-0.095594
13.72348681749589,39,17,0.337,-0.095594,4,1,0,0,1,-0.0286
13.69488658705345,40,18,0.337,-0.0286,6,1,0,0,1,0.08438
13.779266410934921,41,19,0.337,0.08438,8,1,0,0,1,0.284068
14.063334189209655,42,20,0.337,0.284068,10,1,0,0,1,-0.008198
14.055136388874217,43,21,0.337,-0.008198,12,1,0,0,1,0.744369
14.799505224359828,44,22,0.337,0.744369,0,1,0,0,1,0.386688
15.186193586216197,45,23,0.337,0.386688,0,1,0,0,1,0.025874
15.21206781553393,46,24,0.337,0.025874,2,1,0,0,1,-0.007099
15.204968508015046,47,25,0.337,-0.007099,4,1,0,0,1,0.146066
14.538528331292662,24,2,0.5319,0.0,1,1,0,0,1,0.133006
14.671534011286287,25,3,0.5319,0.133006,3,1,0,0,1,-0.324916
14.346617688001954,26,4,0.5319,-0.324916,5,1,0,0,1,0.048013
14.394631024391757,27,5,0.5319,0.048013,7,1,0,0,1,0.014855
14.40948572731731,28,6,0.5319,0.014855,9,1,0,0,1,0.056437
14.465922629984577,29,7,0.5319,0.056437,0,1,0,0,1,-0.228365
14.23755789769847,30,8,0.5319,-0.228365,2,1,0,0,1,0.345583
14.583141241339902,31,9,0.5319,0.345583,4,1,0,0,1,-0.036498
14.546643019769586,32,10,0.5319,-0.036498,6,1,0,0,1,0.023138
14.569781282477098,33,11,0.5319,0.023138,8,1,0,0,1,-0.005194
14.564587750175857,34,12,0.5319,-0.005194,10,1,0,0,1,0.216117
14.780705099670797,35,13,0.5319,0.216117,0,1,0,0,1,0.243744
15.024449458781415,36,14,0.5319,0.243744,2,1,0,0,1,0.000114
15.02456320636205,37,15,0.5319,0.000114,4,1,0,0,1,0.182775
15.207338167555097,38,16,0.5319,0.182775,6,1,0,0,1,0.116471
15.323809383353577,39,17,0.5319,0.116471,8,1,0,0,1,0.424444
12.060764249219666,32,10,0.8393,0.0,1,0,0,1,0,0.455476
12.516240537952799,33,11,0.8393,0.455476,0,0,0,1,0,-0.490922
12.02531857593205,34,12,0.8393,-0.490922,2,0,0,1,0,0.734033
12.759351853017664,35,13,0.8393,0.734033,4,0,0,1,0,0.269496
13.028848306569426,36,14,0.8393,0.269496,6,0,0,1,0,0.279406
13.308254202657556,37,15,0.8393,0.279406,0,0,0,1,0,-0.034774
13.273480212347899,38,16,0.8393,-0.034774,2,0,0,1,0,0.973226
14.246706438024333,39,17,0.8393,0.973226,4,0,0,1,0,0.658568
14.905274284814938,40,18,0.8393,0.658568,6,0,0,1,0,0.792282
15.697556680464196,41,19,0.8393,0.792282,8,0,0,1,0,0.588898
16.286454832293494,42,20,0.8393,0.588898,10,0,0,1,0,-0.115101
16.171353680138417,43,21,0.8393,-0.115101,12,0,0,1,0,-0.032452
16.138901489412547,44,22,0.8393,-0.032452,14,0,0,1,0,-0.08202
16.056881566142422,45,23,0.8393,-0.08202,16,0,0,1,0,0.368871
16.425752579549645,46,24,0.8393,0.368871,18,0,0,1,0,-0.429094
15.996658559330182,47,25,0.8393,-0.429094,20,0,0,1,0,0.403609
13.32879355032128,34,12,0.329,0.0,1,1,0,0,1,0.519049
13.847842475881862,35,13,0.329,0.519049,3,1,0,0,1,0.056236
13.904078485909542,36,14,0.329,0.056236,5,1,0,0,1,0.085224
13.989302289667652,37,15,0.329,0.085224,7,1,0,0,1,0.038016
14.027317850215223,38,16,0.329,0.038016,9,1,0,0,1,-0.146142
13.881176083048688,39,17,0.329,-0.146142,11,1,0,0,1,0.24237
14.123546371058664,40,18,0.329,0.24237,13,1,0,0,1,-0.070849
14.052697645409324,41,19,0.329,-0.070849,15,1,0,0,1,0.200985
14.253683137756767,42,20,0.329,0.200985,17,1,0,0,1,-0.119802
14.133881091429783,43,21,0.329,-0.119802,19,1,0,0,1,0.499293
14.63317387042383,44,22,0.329,0.499293,0,1,0,0,1,0.154103
14.787276608208753,45,23,0.329,0.154103,2,1,0,0,1,0.022302
14.809579026792244,46,24,0.329,0.022302,4,1,0,0,1,0.239902
15.049481357336697,47,25,0.329,0.239902,6,1,0,0,1,0.044483
15.093964003582094,48,26,0.329,0.044483,8,1,0,0,1,0.052125
15.146089324489177,49,27,0.329,0.052125,10,1,0,0,1,0.365009
12.286152564714074,31,9,0.2248,0.0,1,1,0,0,1,-0.206734
12.079418897556732,32,10,0.2248,-0.206734,3,1,0,0,1,0.134711
12.214130072326364,33,11,0.2248,0.134711,5,1,0,0,1,0.364175
12.578305398179374,34,12,0.2248,0.364175,0,1,0,0,1,0.138791
12.71709657757681,35,13,0.2248,0.138791,2,1,0,0,1,0.233692
12.950788196789945,36,14,0.2248,0.233692,4,1,0,0,1,0.411008
13.361796441914752,37,15,0.2248,0.411008,6,1,0,0,1,0.184513
13.546309314334627,38,16,0.2248,0.184513,8,1,0,0,1,0.057645
13.603953994050066,39,17,0.2248,0.057645,10,1,0,0,1,0.286598
13.890552427361706,40,18,0.2248,0.286598,12,1,0,0,1,0.554843
14.445395543220982,41,19,0.2248,0.554843,0,1,0,0,1,0.025057
14.470452256585515,42,20,0.2248,0.025057,2,1,0,0,1,-0.096428
14.374024640162496,43,21,0.2248,-0.096428,4,1,0,0,1,-0.121046
14.252978263864513,44,22,0.2248,-0.121046,6,1,0,0,1,0.395988
14.64896592167997,45,23,0.2248,0.395988,0,1,0,0,1,0.245507
14.894472707401674,46,24,0.2248,0.245507,2,1,0,0,1,0.273194
11.002099841204238,31,9,0.1505,0.0,1,1,0,0,0,0.0
11.002099841204238,32,10,0.1505,0.0,3,1,0,0,0,0.0
11.002099841204238,33,11,0.1505,0.0,0,1,0,0,0,0.0
11.002099841204238,34,12,0.1505,0.0,2,1,0,0,0,0.0
11.002099841204238,35,13,0.1505,0.0,0,1,0,0,0,0.0
11.002099841204238,36,14,0.1505,0.0,2,1,0,0,0,0.0
11.002099841204238,37,15,0.1505,0.0,4,1,0,0,0,0.048625
11.050724815972593,38,16,0.1505,0.048625,6,1,0,0,0,0.32171
11.372435014605314,39,17,0.1505,0.32171,8,1,0,0,0,0.169186
11.541620759932558,40,18,0.1505,0.169186,0,1,0,0,0,0.042777
11.5843976118045,41,19,0.1505,0.042777,2,1,0,0,0,0.464861
12.04925828836095,42,20,0.1505,0.464861,4,1,0,0,0,0.311069
12.360327190331553,43,21,0.1505,0.311069,6,1,0,0,0,0.05683
12.417157025205212,44,22,0.1505,0.05683,8,1,0,0,0,-0.134196
12.282961198932103,45,23,0.1505,-0.134196,10,1,0,0,0,0.076508
12.359469423660698,46,24,0.1505,0.076508,12,1,0,0,0,0.032692
12.27665828467775,31,9,0.2803,0.0,1,1,0,0,0,0.256681
12.533339620032878,32,10,0.2803,0.256681,3,1,0,0,0,0.366279
12.89961820808949,33,11,0.2803,0.366279,5,1,0,0,0,0.127778
13.027396031816528,34,12,0.2803,0.127778,7,1,0,0,0,0.481492
13.5088884769804,35,13,0.2803,0.481492,9,1,0,0,0,0.36321
13.872098075048225,36,14,0.2803,0.36321,11,1,0,0,0,0.042244
13.914342422844742,37,15,0.2803,0.042244,13,1,0,0,0,-0.053456
13.860886278594599,38,16,0.2803,-0.053456,15,1,0,0,0,-0.071292
13.789594357624637,39,17,0.2803,-0.071292,17,1,0,0,0,0.018654
13.80824839987881,40,18,0.2803,0.018654,19,1,0,0,0,0.251379
14.059627063993844,41,19,0.2803,0.251379,21,1,0,0,0,0.188902
14.248528816664129,42,20,0.2803,0.188902,23,1,0,0,0,0.053295
14.30182334661862,43,21,0.2803,0.053295,25,1,0,0,0,0.131991
14.433814835545306,44,22,0.2803,0.131991,27,1,0,0,0,0.195985
14.629799911297566,45,23,0.2803,0.195985,29,1,0,0,0,-0.041712
14.588088246979211,46,24,0.2803,-0.041712,31,1,0,0,0,0.127875
12.887385813641119,33,11,0.4739,0.0,1,1,0,0,1,-0.091752
12.79563348878917,34,12,0.4739,-0.091752,3,1,0,0,1,0.200531
12.996164302334245,35,13,0.4739,0.200531,5,1,0,0,1,0.002329
12.998492890416678,36,14,0.4739,0.002329,7,1,0,0,1,0.351176
13.34966863371216,37,15,0.4739,0.351176,9,1,0,0,1,-0.130051
13.219617662873206,38,16,0.4739,-0.130051,11,1,0,0,1,-0.059263
13.160354800070177,39,17,0.4739,-0.059263,13,1,0,0,1,0.372539
13.532894170450469,40,18,0.4739,0.372539,0,1,0,0,1,-0.077301
13.455592671407764,41,19,0.4739,-0.077301,2,1,0,0,1,-0.358792
13.096800675710933,42,20,0.4739,-0.358792,4,1,0,0,1,0.233268
13.330068287005588,43,21,0.4739,0.233268,6,1,0,0,1,0.161418
13.491486602180037,44,22,0.4739,0.161418,8,1,0,0,1,0.042423
13.533909487339447,45,23,0.4739,0.042423,0,1,0,0,1,-0.049833
13.484076101796036,46,24,0.4739,-0.049833,0,1,0,0,1,-0.030516
13.453560578554605,47,25,0.4739,-0.030516,2,1,0,0,1,0.050089
13.503649105290375,48,26,0.4739,0.050089,4,1,0,0,1,0.091783
12.483188175242455,28,6,0.1955,0.0,1,1,0,0,0,-0.108444
12.37474453558095,29,7,0.1955,-0.108444,3,1,0,0,0,0.029697
12.40444108636036,30,8,0.1955,0.029697,5,1,0,0,0,0.192098
12.596539266119459,31,9,0.1955,0.192098,0,1,0,0,0,0.177598
12.774137241039089,32,10,0.1955,0.177598,0,1,0,0,0,0.29046
13.064597629900197,33,11,0.1955,0.29046,2,1,0,0,0,0.217198
13.281796077200744,34,12,0.1955,0.217198,4,1,0,0,0,0.33322
13.61501618751799,35,13,0.1955,0.33322,6,1,0,0,0,0.00322
13.618235795967365,36,14,0.1955,0.00322,8,1,0,0,0,-0.038043
13.5801923622131,37,15,0.1955,-0.038043,10,1,0,0,0,0.034177
13.614368991051974,38,16,0.1955,0.034177,12,1,0,0,0,0.139528
13.753896767198704,39,17,0.1955,0.139528,14,1,0,0,0,0.029803
13.783699569022668,40,18,0.1955,0.029803,16,1,0,0,0,0.253475
14.037175058088621,41,19,0.1955,0.253475,18,1,0,0,0,0.437851
14.475026309613188,42,20,0.1955,0.437851,20,1,0,0,0,0.070831
14.545857005804013,43,21,0.1955,0.070831,0,1,0,0,0,-0.222447
11.002099841204238,22,0,0.0,0.0,1,1,0,0,0,0.0
11.002099841204238,23,1,0.0,0.0,3,1,0,0,0,0.0
11.002099841204238,24,2,0.0,0.0,5,1,0,0,0,0.0
11.002099841204238,25,3,0.0,0.0,7,1,0,0,0,0.0
11.002099841204238,26,4,0.0,0.0,9,1,0,0,0,0.0
11.002099841204238,27,5,0.0,0.0,11,1,0,0,0,0.0
11.002099841204238,28,6,0.0,0.0,13,1,0,0,0,0.0
11.002099841204238,29,7,0.0,0.0,15,1,0,0,0,0.0
11.002099841204238,30,8,0.0,0.0,17,1,0,0,0,0.292783
11.294883272604155,31,9,0.0,0.292783,19,1,0,0,0,0.61156
11.906443639265538,32,10,0.0,0.61156,0,1,0,0,0,0.124406
12.030849366393802,33,11,0.0,0.124406,2,1,0,0,0,0.211661
12.24251084029802,34,12,0.0,0.211661,4,1,0,0,0,0.275881
12.518391615611463,35,13,0.0,0.275881,0,1,0,0,0,-0.005579
12.512812842820471,36,14,0.0,-0.005579,2,1,0,0,0,0.100386
12.613198444078,37,15,0.0,0.100386,4,1,0,0,0,0.148322
12.585001793221366,34,12,0.1062,0.0,1,1,0,0,0,-0.083271
12.501730370900345,35,13,0.1062,-0.083271,3,1,0,0,0,0.00583
12.507560029217627,36,14,0.1062,0.00583,5,1,0,0,0,0.155062
12.662621615803186,37,15,0.1062,0.155062,0,1,0,0,0,0.242005
12.904626461363675,38,16,0.1062,0.242005,2,1,0,0,0,0.31179
13.216416168903057,39,17,0.1062,0.31179,0,1,0,0,0,0.181158
13.397573836695578,40,18,0.1062,0.181158,2,1,0,0,0,0.187576
13.585150181899603,41,19,0.1062,0.187576,4,1,0,0,0,-0.024289
13.560861067356614,42,20,0.1062,-0.024289,6,1,0,0,0,-0.025428
13.53543302941541,43,21,0.1062,-0.025428,8,1,0,0,0,-0.001829
13.533603965046693,44,22,0.1062,-0.001829,10,1,0,0,0,0.106837
13.640440504691718,45,23,0.1062,0.106837,12,1,0,0,0,0.107727
13.748167224193994,46,24,0.1062,0.107727,14,1,0,0,0,0.042576
13.79074306414603,47,25,0.1062,0.042576,16,1,0,0,0,0.035288
13.826031167715076,48,26,0.1062,0.035288,18,1,0,0,0,0.619103
14.445133882296258,49,27,0.1062,0.619103,0,1,0,0,0,0.054944
14.161296052065653,24,2,0.5344,0.0,1,0,1,0,1,0.247117
14.40841301969436,25,3,0.5344,0.247117,0,0,1,0,1,0.45025
14.858662934767587,26,4,0.5344,0.45025,1,0,1,0,1,-0.312512
14.546151106913973,27,5,0.5344,-0.312512,1,0,1,0,1,-0.059236
14.486914897589035,28,6,0.5344,-0.059236,0,0,1,0,1,-0.489095
13.997819924366503,29,7,0.5344,-0.489095,1,0,1,0,1,0.176912
14.174731845030196,30,8,0.5344,0.176912,0,0,1,0,1,-0.424994
13.749737581989372,31,9,0.5344,-0.424994,0,0,1,0,1,-0.349065
13.40067212844268,32,10,0.5344,-0.349065,1,0,1,0,1,-0.189074
13.211598112763001,33,11,0.5344,-0.189074,0,0,1,0,1,0.397236
13.60883434753807,34,12,0.5344,0.397236,1,0,1,0,1,-0.353748
13.255086056621858,35,13,0.5344,-0.353748,1,0,1,0,1,-0.054851
13.200234711372715,36,14,0.5344,-0.054851,1,0,1,0,1,0.200638
13.400872403404188,37,15,0.5344,0.200638,1,0,1,0,1,-0.183818
13.217054478638909,38,16,0.5344,-0.183818,1,0,1,0,1,0.409675
13.626729263602234,39,17,0.5344,0.409675,1,0,1,0,1,0.448821
13.103404520023188,34,12,0.2108,0.0,1,1,0,0,0,-0.088595
13.014809539985562,35,13,0.2108,-0.088595,3,1,0,0,0,0.194212
13.209021296376005,36,14,0.2108,0.194212,5,1,0,0,0,0.280431
13.489452038163586,37,15,0.2108,0.280431,7,1,0,0,0,-0.042386
13.447065972795679,38,16,0.2108,-0.042386,9,1,0,0,0,0.053945
13.501010840481252,39,17,0.2108,0.053945,11,1,0,0,0,0.098205
13.599215496554018,40,18,0.2108,0.098205,13,1,0,0,0,0.043763
13.642978532417255,41,19,0.2108,0.043763,15,1,0,0,0,0.071037
13.714015757178084,42,20,0.2108,0.071037,17,1,0,0,0,0.442586
14.15660126468201,43,21,0.2108,0.442586,0,1,0,0,0,0.366775
14.52337595449367,44,22,0.2108,0.366775,2,1,0,0,0,0.129761
14.653137203226212,45,23,0.2108,0.129761,4,1,0,0,0,0.255223
14.908360565941694,46,24,0.2108,0.255223,6,1,0,0,0,-0.029563
14.878797781105957,47,25,0.2108,-0.029563,8,1,0,0,0,0.271027
15.149825030559471,48,26,0.2108,0.271027,10,1,0,0,0,0.137925
15.287749667746883,49,27,0.2108,0.137925,12,1,0,0,0,0.090781
12.865530614337974,26,4,0.3101,0.0,1,1,0,0,1,0.022229
12.887759162434401,27,5,0.3101,0.022229,3,1,0,0,1,0.180524
13.068282707436396,28,6,0.3101,0.180524,5,1,0,0,1,-0.020377
13.047905885949524,29,7,0.3101,-0.020377,7,1,0,0,1,-0.137496
12.910410275559805,30,8,0.3101,-0.137496,9,1,0,0,1,-0.061474
12.848936639969134,31,9,0.3101,-0.061474,11,1,0,0,1,-0.093463
12.755473996665188,32,10,0.3101,-0.093463,13,1,0,0,1,0.079542
12.835015992270781,33,11,0.3101,0.079542,15,1,0,0,1,-0.079548
12.755468373196885,34,12,0.3101,-0.079548,17,1,0,0,1,-0.140723
12.614745807718664,35,13,0.3101,-0.140723,19,1,0,0,1,-0.078059
12.536686490330448,36,14,0.3101,-0.078059,21,1,0,0,1,0.194132
12.730818541340591,37,15,0.3101,0.194132,0,1,0,0,1,0.043799
12.774617398132468,38,16,0.3101,0.043799,2,1,0,0,1,0.031656
12.806273695708372,39,17,0.3101,0.031656,4,1,0,0,1,0.038915
12.845188198299264,40,18,0.3101,0.038915,6,1,0,0,1,-0.082745
12.762443317745369,41,19,0.3101,-0.082745,8,1,0,0,1,0.363116
13.776246573784809,27,5,0.078,0.0,1,1,0,0,1,0.155503
13.931749807249561,28,6,0.078,0.155503,3,1,0,0,1,-0.143906
13.787844228522818,29,7,0.078,-0.143906,5,1,0,0,1,0.111541
13.899384863008326,30,8,0.078,0.111541,7,1,0,0,1,0.013533
13.91291771397211,31,9,0.078,0.013533,9,1,0,0,1,-0.100487
13.812431001272246,32,10,0.078,-0.100487,11,1,0,0,1,-0.122955
13.689475516645347,33,11,0.078,-0.122955,13,1,0,0,1,-0.13647
13.55300540173678,34,12,0.078,-0.13647,0,1,0,0,1,-0.061932
13.491073429111857,35,13,0.078,-0.061932,2,1,0,0,1,-0.129285
13.361788290410544,36,14,0.078,-0.129285,4,1,0,0,1,-0.055708
13.306079838938885,37,15,0.078,-0.055708,6,1,0,0,1,0.075798
13.38187754873682,38,16,0.078,0.075798,8,1,0,0,1,-0.046462
13.335415884993967,39,17,0.078,-0.046462,10,1,0,0,1,-0.086233
13.24918299713551,40,18,0.078,-0.086233,12,1,0,0,1,0.167757
13.416939515804343,41,19,0.078,0.167757,14,1,0,0,1,-0.095614
13.321325982116822,42,20,0.078,-0.095614,16,1,0,0,1,-0.055423
12.415035233985718,30,8,0.4021,0.0,1,1,0,0,0,0.157661
12.572696515574572,31,9,0.4021,0.157661,1,1,0,0,0,0.259551
12.832247916710351,32,10,0.4021,0.259551,0,1,0,0,0,0.064418
12.896666371565408,33,11,0.4021,0.064418,1,1,0,0,0,0.026042
12.922708558437511,34,12,0.4021,0.026042,1,1,0,0,0,-0.082277
12.840431822552507,35,13,0.4021,-0.082277,1,1,0,0,0,0.078415
12.918846852287706,36,14,0.4021,0.078415,1,1,0,0,0,-0.159704
12.759142936362055,37,15,0.4021,-0.159704,1,1,0,0,0,0.661691
13.42083361553823,38,16,0.4021,0.661691,0,1,0,0,0,0.269844
13.690677604525858,39,17,0.4021,0.269844,1,1,0,0,0,0.272212
13.962890023438224,40,18,0.4021,0.272212,1,1,0,0,0,0.251044
14.213933726903603,41,19,0.4021,0.251044,0,1,0,0,0,0.171315
14.38524876277858,42,20,0.4021,0.171315,1,1,0,0,0,0.105546
14.490795034793765,43,21,0.4021,0.105546,1,1,0,0,0,0.025871
14.516666404190369,44,22,0.4021,0.025871,1,1,0,0,0,0.247056
14.763722427051093,45,23,0.4021,0.247056,0,1,0,0,0,0.400712
12.305924550595833,30,8,0.2819,0.0,1,1,0,0,0,0.083972
12.389896411629023,31,9,0.2819,0.083972,3,1,0,0,0,0.181521
12.571417762892645,32,10,0.2819,0.181521,5,1,0,0,0,-0.018506
12.55291177561974,33,11,0.2819,-0.018506,7,1,0,0,0,0.30935
12.862261645828074,34,12,0.2819,0.30935,9,1,0,0,0,0.062203
12.924464880011962,35,13,0.2819,0.062203,11,1,0,0,0,-0.071801
12.85266382355862,36,14,0.2819,-0.071801,13,1,0,0,0,0.325378
13.178042307701016,37,15,0.2819,0.325378,15,1,0,0,0,0.484914
13.662956179964546,38,16,0.2819,0.484914,0,1,0,0,0,0.323228
13.986184352857443,39,17,0.2819,0.323228,0,1,0,0,0,0.253411
14.23959504469533,40,18,0.2819,0.253411,2,1,0,0,0,0.215853
14.455448163650328,41,19,0.2819,0.215853,4,1,0,0,0,-0.017676
14.437771938318857,42,20,0.2819,-0.017676,6,1,0,0,0,0.35797
14.795741985779554,43,21,0.2819,0.35797,0,1,0,0,0,-0.061413
14.734328847085855,44,22,0.2819,-0.061413,2,1,0,0,0,0.053332
14.787660467156284,45,23,0.2819,0.053332,4,1,0,0,0,0.084752
12.099308775766557,26,4,0.2673,0.0,1,1,0,0,0,-0.135572
11.963736807139837,27,5,0.2673,-0.135572,3,1,0,0,0,-0.18392
11.779816958698751,28,6,0.2673,-0.18392,5,1,0,0,0,0.052124
11.831940643364788,29,7,0.2673,0.052124,7,1,0,0,0,-0.231009
11.60093129035903,30,8,0.2673,-0.231009,0,1,0,0,0,0.199785
11.800716451758037,31,9,0.2673,0.199785,2,1,0,0,0,-0.01923
11.781486821506423,32,10,0.2673,-0.01923,4,1,0,0,0,0.15921
11.940696743092367,33,11,0.2673,0.15921,6,1,0,0,0,0.049044
11.989740422093393,34,12,0.2673,0.049044,8,1,0,0,0,0.152973
12.142713513088701,35,13,0.2673,0.152973,10,1,0,0,0,0.091848
12.234561921682191,36,14,0.2673,0.091848,12,1,0,0,0,0.239818
12.474380323425681,37,15,0.2673,0.239818,14,1,0,0,0,0.357731
12.832111320825216,38,16,0.2673,0.357731,16,1,0,0,0,0.291943
13.12405450571011,39,17,0.2673,0.291943,18,1,0,0,0,0.198902
13.322956410741616,40,18,0.2673,0.198902,20,1,0,0,0,0.077527
13.400483066156571,41,19,0.2673,0.077527,22,1,0,0,0,0.192318
11.002099841204238,28,6,0.4433,0.0,1,1,0,0,1,0.0
11.002099841204238,29,7,0.4433,0.0,3,1,0,0,1,0.0
11.002099841204238,30,8,0.4433,0.0,5,1,0,0,1,0.0
11.002099841204238,31,9,0.4433,0.0,7,1,0,0,1,0.0
11.002099841204238,32,10,0.4433,0.0,9,1,0,0,1,0.0
11.002099841204238,33,11,0.4433,0.0,11,1,0,0,1,0.0
11.002099841204238,34,12,0.4433,0.0,0,1,0,0,1,0.0
11.002099841204238,35,13,0.4433,0.0,2,1,0,0,1,0.050279
11.05237931881402,36,14,0.4433,0.050279,4,1,0,0,1,0.366997
11.419376104910555,37,15,0.4433,0.366997,6,1,0,0,1,0.106255
11.525631326875134,38,16,0.4433,0.106255,8,1,0,0,1,0.09451
11.620141321565216,39,17,0.4433,0.09451,10,1,0,0,1,0.07506
11.695201113062636,40,18,0.4433,0.07506,12,1,0,0,1,0.143953
11.83915400524313,41,19,0.4433,0.143953,14,1,0,0,1,0.471195
12.31034942248787,42,20,0.4433,0.471195,16,1,0,0,1,0.218629
12.528978029539886,43,21,0.4433,0.218629,18,1,0,0,1,-0.090452
13.33002311496815,23,1,0.5557,0.0,1,1,0,0,1,-0.078616
13.251406924888139,24,2,0.5557,-0.078616,3,1,0,0,1,-0.123455
13.127951745121234,25,3,0.5557,-0.123455,0,1,0,0,1,0.206578
13.334529926404873,26,4,0.5557,0.206578,2,1,0,0,1,-0.086011
13.248518840685955,27,5,0.5557,-0.086011,4,1,0,0,1,0.31241
13.560929208655988,28,6,0.5557,0.31241,6,1,0,0,1,-0.03407
13.526859294985567,29,7,0.5557,-0.03407,8,1,0,0,1,-0.043531
13.483328794596618,30,8,0.5557,-0.043531,10,1,0,0,1,0.03129
13.51461862192504,31,9,0.5557,0.03129,12,1,0,0,1,-0.056
13.458619016815847,32,10,0.5557,-0.056,14,1,0,0,1,0.412506
13.871124825286092,33,11,0.5557,0.412506,16,1,0,0,1,0.469663
14.340787794881345,34,12,0.5557,0.469663,18,1,0,0,1,0.148127
14.488914786091545,35,13,0.5557,0.148127,0,1,0,0,1,0.266535
14.755449296682364,36,14,0.5557,0.266535,2,1,0,0,1,0.042554
14.79800292735774,37,15,0.5557,0.042554,4,1,0,0,1,-0.016423
14.78157947870984,38,16,0.5557,-0.016423,6,1,0,0,1,0.548597
11.002099841204238,30,8,0.1459,0.0,1,1,0,0,0,0.026481
11.028580973403738,31,9,0.1459,0.026481,3,1,0,0,0,0.009784
11.038364615208287,32,10,0.1459,0.009784,5,1,0,0,0,0.019287
11.057651138152732,33,11,0.1459,0.019287,7,1,0,0,0,0.250955
11.30860576072772,34,12,0.1459,0.250955,9,1,0,0,0,0.265704
11.574309647704078,35,13,0.1459,0.265704,11,1,0,0,0,0.083822
11.658131996350606,36,14,0.1459,0.083822,13,1,0,0,0,0.067508
11.725639768965841,37,15,0.1459,0.067508,15,1,0,0,0,0.048479
11.774118660509242,38,16,0.1459,0.048479,17,1,0,0,0,-0.108245
11.665873414067764,39,17,0.1459,-0.108245,19,1,0,0,0,-0.140213
11.525660346055393,40,18,0.1459,-0.140213,21,1,0,0,0,-0.002542
11.523118353797516,41,19,0.1459,-0.002542,23,1,0,0,0,0.169759
11.692877280045046,42,20,0.1459,0.169759,25,1,0,0,0,-0.030559
11.662318476969688,43,21,0.1459,-0.030559,27,1,0,0,0,0.010736
11.67305407967671,44,22,0.1459,0.010736,29,1,0,0,0,0.059944
11.732997604789325,45,23,0.1459,0.059944,31,1,0,0,0,-0.054958
12.50799550387376,34,12,0.0162,0.0,1,1,0,0,0,-0.125256
12.382739549730697,35,13,0.0162,-0.125256,3,1,0,0,0,-0.011012
12.371727599884988,36,14,0.0162,-0.011012,5,1,0,0,0,0.097495
12.469222768098648,37,15,0.0162,0.097495,7,1,0,0,0,0.117482
12.586704769528287,38,16,0.0162,0.117482,9,1,0,0,0,0.295227
12.881931430702707,39,17,0.0162,0.295227,11,1,0,0,0,0.111648
12.993579040717176,40,18,0.0162,0.111648,13,1,0,0,0,-0.041651
12.951927665125485,41,19,0.0162,-0.041651,0,1,0,0,0,0.354456
13.306384024039293,42,20,0.0162,0.354456,0,1,0,0,0,0.295757
13.602141117207713,43,21,0.0162,0.295757,2,1,0,0,0,0.039973
13.6421137563799,44,22,0.0162,0.039973,4,1,0,0,0,-0.033876
13.608237348028382,45,23,0.0162,-0.033876,6,1,0,0,0,-0.081385
13.526851978726096,46,24,0.0162,-0.081385,8,1,0,0,0,0.147773
13.674624975003118,47,25,0.0162,0.147773,10,1,0,0,0,0.12594
13.800565420237845,48,26,0.0162,0.12594,12,1,0,0,0,0.069843
13.87040800407953,49,27,0.0162,0.069843,0,1,0,0,0,-0.07342
12.886658493396267,23,1,0.3767,0.0,1,1,0,0,0,0.460553
13.34721137168101,24,2,0.3767,0.460553,0,1,0,0,0,2.9e-05
13.34723999771238,25,3,0.3767,2.9e-05,2,1,0,0,0,0.002475
13.34971546882851,26,4,0.3767,0.002475,0,1,0,0,0,0.311397
13.661112919532496,27,5,0.3767,0.311397,0,1,0,0,0,0.167779
13.828892310064589,28,6,0.3767,0.167779,2,1,0,0,0,-0.028303
13.800588941945552,29,7,0.3767,-0.028303,0,1,0,0,0,0.011562
13.81215097873592,30,8,0.3767,0.011562,0,1,0,0,0,-0.129686
13.682465372627993,31,9,0.3767,-0.129686,2,1,0,0,0,0.442103
14.124568260814533,32,10,0.3767,0.442103,4,1,0,0,0,0.294184
14.418751841292961,33,11,0.3767,0.294184,6,1,0,0,0,-0.103088
14.315663431172469,34,12,0.3767,-0.103088,8,1,0,0,0,0.141154
14.456817314013312,35,13,0.3767,0.141154,10,1,0,0,0,0.107922
14.564738945707393,36,14,0.3767,0.107922,12,1,0,0,0,-0.269893
14.294845512644871,37,15,0.3767,-0.269893,14,1,0,0,0,-0.095724
14.199121906210511,38,16,0.3767,-0.095724,16,1,0,0,0,0.044309
11.749911306455285,23,1,0.1032,0.0,1,1,0,0,1,0.016398
11.766308808399645,24,2,0.1032,0.016398,3,1,0,0,1,0.04525
11.81155876343879,25,3,0.1032,0.04525,5,1,0,0,1,0.168414
11.979972681062348,26,4,0.1032,0.168414,7,1,0,0,1,0.459915
12.439887690921783,27,5,0.1032,0.459915,9,1,0,0,1,0.187776
12.627663308457542,28,6,0.1032,0.187776,11,1,0,0,1,-0.015306
12.612357570631632,29,7,0.1032,-0.015306,13,1,0,0,1,-0.043688
12.568669475545374,30,8,0.1032,-0.043688,15,1,0,0,1,-0.083048
12.485621514480993,31,9,0.1032,-0.083048,17,1,0,0,1,0.037588
12.52320995993731,32,10,0.1032,0.037588,19,1,0,0,1,0.424828
12.948037520940547,33,11,0.1032,0.424828,0,1,0,0,1,0.076813
13.024850424329808,34,12,0.1032,0.076813,2,1,0,0,1,0.355184
13.380034866908199,35,13,0.1032,0.355184,0,1,0,0,1,-0.009589
13.370445848197654,36,14,0.1032,-0.009589,2,1,0,0,1,0.120046
13.490492210693567,37,15,0.1032,0.120046,4,1,0,0,1,0.176191
13.66668298603646,38,16,0.1032,0.176191,6,1,0,0,1,0.120242
11.002099841204238,27,5,0.2547,0.0,1,1,0,0,1,0.005119
11.007218638069467,28,6,0.2547,0.005119,3,1,0,0,1,-0.005119
11.002099841204238,29,7,0.2547,-0.005119,5,1,0,0,1,0.078125
11.080225082055502,30,8,0.2547,0.078125,0,1,0,0,1,0.432992
11.513217419540386,31,9,0.2547,0.432992,0,1,0,0,1,0.229474
11.742691432509538,32,10,0.2547,0.229474,2,1,0,0,1,-0.040751
11.701940619930697,33,11,0.2547,-0.040751,4,1,0,0,1,0.053457
11.755397685099677,34,12,0.2547,0.053457,6,1,0,0,1,0.095484
11.850881990871416,35,13,0.2547,0.095484,8,1,0,0,1,0.120456
11.971337891998964,36,14,0.2547,0.120456,10,1,0,0,1,-0.070601
11.900736871206659,37,15,0.2547,-0.070601,12,1,0,0,1,0.58832
12.48905681282914,38,16,0.2547,0.58832,0,1,0,0,1,0.155233
12.644290100122634,39,17,0.2547,0.155233,2,1,0,0,1,0.077153
12.721443025344735,40,18,0.2547,0.077153,4,1,0,0,1,0.195126
12.916569166098405,41,19,0.2547,0.195126,6,1,0,0,1,0.243361
13.159929848182779,42,20,0.2547,0.243361,0,1,0,0,1,0.228641
13.379476039606764,33,11,0.3542,0.0,1,1,0,0,0,0.33118
13.71065608721849,34,12,0.3542,0.33118,0,1,0,0,0,0.266705
13.977361148830441,35,13,0.3542,0.266705,2,1,0,0,0,-0.084429
13.892932136673748,36,14,0.3542,-0.084429,4,1,0,0,0,-0.23099
13.661942325092182,37,15,0.3542,-0.23099,6,1,0,0,0,-0.115874
13.546068509982302,38,16,0.3542,-0.115874,8,1,0,0,0,0.074448
13.620516877426057,39,17,0.3542,0.074448,10,1,0,0,0,0.131832
13.75234872701014,40,18,0.3542,0.131832,12,1,0,0,0,0.051728
13.804076432205878,41,19,0.3542,0.051728,0,1,0,0,0,0.160866
13.96494260642647,42,20,0.3542,0.160866,2,1,0,0,0,0.018663
13.98360541900975,43,21,0.3542,0.018663,4,1,0,0,0,0.150118
14.133723822472536,44,22,0.3542,0.150118,6,1,0,0,0,0.012062
14.145786098873138,45,23,0.3542,0.012062,8,1,0,0,0,0.219633
14.36541865527337,46,24,0.3542,0.219633,10,1,0,0,0,0.094805
14.460224013219294,47,25,0.3542,0.094805,12,1,0,0,0,-0.264174
14.196050425517154,48,26,0.3542,-0.264174,14,1,0,0,0,-0.134315
14.259809117022852,29,7,0.3668,0.0,1,1,0,0,0,-0.034195
14.2256143568328,30,8,0.3668,-0.034195,3,1,0,0,0,-0.075792
14.149822146069528,31,9,0.3668,-0.075792,5,1,0,0,0,0.144161
14.293983504991866,32,10,0.3668,0.144161,7,1,0,0,0,0.336605
14.630588674420931,33,11,0.3668,0.336605,9,1,0,0,0,0.225697
14.856285979057827,34,12,0.3668,0.225697,11,1,0,0,0,-0.058736
14.797549747365906,35,13,0.3668,-0.058736,13,1,0,0,0,-0.217834
14.57971537887043,36,14,0.3668,-0.217834,15,1,0,0,0,-0.265698
14.314017413542919,37,15,0.3668,-0.265698,17,1,0,0,0,0.208535
14.522552410374864,38,16,0.3668,0.208535,0,1,0,0,0,0.100251
14.622803105086616,39,17,0.3668,0.100251,2,1,0,0,0,0.021442
14.644244987284344,40,18,0.3668,0.021442,4,1,0,0,0,-0.065182
14.579063377953112,41,19,0.3668,-0.065182,6,1,0,0,0,-0.233771
14.345292430221733,42,20,0.3668,-0.233771,8,1,0,0,0,0.37776
14.723052352261162,43,21,0.3668,0.37776,10,1,0,0,0,0.196308
14.919359887785108,44,22,0.3668,0.196308,12,1,0,0,0,-0.115001
11.002099841204238,24,2,0.275,0.0,1,1,0,0,1,0.0
11.002099841204238,25,3,0.275,0.0,3,1,0,0,1,0.0
11.002099841204238,26,4,0.275,0.0,5,1,0,0,1,0.0
11.002099841204238,27,5,0.275,0.0,7,1,0,0,1,0.0
11.002099841204238,28,6,0.275,0.0,0,1,0,0,1,0.017573
11.019672486891308,29,7,0.275,0.017573,0,1,0,0,1,0.430364
11.450036601084147,30,8,0.275,0.430364,0,1,0,0,1,0.150682
11.60071845264872,31,9,0.275,0.150682,2,1,0,0,1,-0.110786
11.489932588236465,32,10,0.275,-0.110786,4,1,0,0,1,0.026659
11.516592025335855,33,11,0.275,0.026659,6,1,0,0,1,0.154002
11.670593580717016,34,12,0.275,0.154002,8,1,0,0,1,0.183702
11.854295298180096,35,13,0.275,0.183702,0,1,0,0,1,-0.012015
11.842280008502353,36,14,0.275,-0.012015,2,1,0,0,1,0.36018
12.20246026301672,37,15,0.275,0.36018,0,1,0,0,1,0.100209
12.302668832200553,38,16,0.275,0.100209,0,1,0,0,1,0.242101
12.544769448311408,39,17,0.275,0.242101,0,1,0,0,1,-0.000193
13.175087896093885,29,7,0.0669,0.0,1,1,0,0,1,-0.267033
12.908054672116812,30,8,0.0669,-0.267033,3,1,0,0,1,0.119884
13.027939047210422,31,9,0.0669,0.119884,5,1,0,0,1,0.230837
13.25877634894281,32,10,0.0669,0.230837,7,1,0,0,1,0.122696
13.381472731272076,33,11,0.0669,0.122696,9,1,0,0,1,-0.133148
13.248324954660456,34,12,0.0669,-0.133148,11,1,0,0,1,0.033087
13.281412266232925,35,13,0.0669,0.033087,13,1,0,0,1,0.082943
13.364355011968893,36,14,0.0669,0.082943,15,1,0,0,1,0.324843
13.689197902950449,37,15,0.0669,0.324843,0,1,0,0,1,0.003132
13.69232980116111,38,16,0.0669,0.003132,2,1,0,0,1,-0.002048
13.690281840167113,39,17,0.0669,-0.002048,4,1,0,0,1,0.089624
13.7799055785966,40,18,0.0669,0.089624,6,1,0,0,1,0.550918
14.330823896667503,41,19,0.0669,0.550918,0,1,0,0,1,-0.040345
14.290478717952611,42,20,0.0669,-0.040345,2,1,0,0,1,-0.051378
14.239100789222324,43,21,0.0669,-0.051378,4,1,0,0,1,-0.155681
14.083420251316815,44,22,0.0669,-0.155681,6,1,0,0,1,0.031725
12.109103812313387,33,11,0.6024,0.0,1,0,1,0,0,-0.049327
12.059776763420352,34,12,0.6024,-0.049327,1,0,1,0,0,0.092224
12.152000876764044,35,13,0.6024,0.092224,0,0,1,0,0,0.234938
12.386938872372829,36,14,0.6024,0.234938,1,0,1,0,0,-0.005308
12.38163053232966,37,15,0.6024,-0.005308,1,0,1,0,0,0.655442
13.037072778088127,38,16,0.6024,0.655442,0,0,1,0,0,0.515019
13.552091394432237,39,17,0.6024,0.515019,1,0,1,0,0,0.383008
13.935099886470848,40,18,0.6024,0.383008,0,0,1,0,0,-0.403049
13.532050556427244,41,19,0.6024,-0.403049,1,0,1,0,0,-0.169891
13.362159156749858,42,20,0.6024,-0.169891,1,0,1,0,0,-0.652629
12.709530420301387,43,21,0.6024,-0.652629,1,0,1,0,0,-0.457888
12.251642237156988,44,22,0.6024,-0.457888,1,0,1,0,0,0.362861
12.614503538210231,45,23,0.6024,0.362861,0,0,1,0,0,0.620975
13.235478329379092,46,24,0.6024,0.620975,1,0,1,0,0,0.733534
13.96901190442043,47,25,0.6024,0.733534,0,0,1,0,0,0.561413
14.530424976034137,48,26,0.6024,0.561413,1,0,1,0,0,0.08883
15.427724794037138,29,7,0.35,0.0,1,0,0,1,1,0.585774
16.013498392455755,30,8,0.35,0.585774,3,0,0,1,1,0.30698
16.32047806020404,31,9,0.35,0.30698,5,0,0,1,1,-0.037267
16.28321108829631,32,10,0.35,-0.037267,0,0,0,1,1,-0.680984
15.60222752303029,33,11,0.35,-0.680984,2,0,0,1,1,-0.995628
14.606599405088247,34,12,0.35,-0.995628,4,0,0,1,1,-0.35553
14.251068915237509,35,13,0.35,-0.35553,6,0,0,1,1,-0.409472
13.841596595628483,36,14,0.35,-0.409472,8,0,0,1,1,-0.311783
13.529813573322258,37,15,0.35,-0.311783,10,0,0,1,1,0.23653
13.766343125768763,38,16,0.35,0.23653,0,0,0,1,1,0.18039
13.94673321078262,39,17,0.35,0.18039,2,0,0,1,1,0.642411
14.589143743416777,40,18,0.35,0.642411,0,0,0,1,1,0.091114
14.680257900709863,41,19,0.35,0.091114,2,0,0,1,1,-0.548892
14.131366354553306,42,20,0.35,-0.548892,4,0,0,1,1,-0.824794
13.306572045767886,43,21,0.35,-0.824794,6,0,0,1,1,-0.484583
12.821988832276316,44,22,0.35,-0.484583,8,0,0,1,1,-0.182429
11.002099841204238,32,10,0.2676,0.0,1,1,0,0,0,0.0
11.002099841204238,33,11,0.2676,0.0,3,1,0,0,0,0.126208
11.128307519543899,34,12,0.2676,0.126208,5,1,0,0,0,-0.126208
11.002099841204238,35,13,0.2676,-0.126208,7,1,0,0,0,0.146769
11.148868445936394,36,14,0.2676,0.146769,9,1,0,0,0,0.060391
11.20925965952184,37,15,0.2676,0.060391,11,1,0,0,0,-0.000981
11.208278429570427,38,16,0.2676,-0.000981,13,1,0,0,0,-0.068827
11.139451628832006,39,17,0.2676,-0.068827,15,1,0,0,0,0.034087
11.173539002547926,40,18,0.2676,0.034087,17,1,0,0,0,-0.171439
11.002099841204238,41,19,0.2676,-0.171439,19,1,0,0,0,0.0
11.002099841204238,42,20,0.2676,0.0,21,1,0,0,0,0.0
11.002099841204238,43,21,0.2676,0.0,23,1,0,0,0,0.0
11.002099841204238,44,22,0.2676,0.0,25,1,0,0,0,0.0
11.002099841204238,45,23,0.2676,0.0,27,1,0,0,0,0.0
11.002099841204238,46,24,0.2676,0.0,29,1,0,0,0,0.0
11.002099841204238,47,25,0.2676,0.0,31,1,0,0,0,0.291255
12.427386652771323,24,2,0.0717,0.0,1,1,0,0,0,-0.119215
12.308171862397993,25,3,0.0717,-0.119215,3,1,0,0,0,-0.042728
12.265443943366137,26,4,0.0717,-0.042728,5,1,0,0,0,0.481921
12.74736487004932,27,5,0.0717,0.481921,0,1,0,0,0,0.087455
12.834819753731031,28,6,0.0717,0.087455,0,1,0,0,0,-0.284242
12.550577917538996,29,7,0.0717,-0.284242,0,1,0,0,0,0.427938
12.978515951210436,30,8,0.0717,0.427938,0,1,0,0,0,0.234944
13.213460102324088,31,9,0.0717,0.234944,0,1,0,0,0,-0.108262
13.105197926377746,32,10,0.0717,-0.108262,2,1,0,0,0,0.042228
13.147425590006907,33,11,0.0717,0.042228,4,1,0,0,0,0.212684
13.360109481401256,34,12,0.0717,0.212684,6,1,0,0,0,0.153883
13.513992841531563,35,13,0.0717,0.153883,8,1,0,0,0,-0.089515
13.424478318510708,36,14,0.0717,-0.089515,10,1,0,0,0,0.053239
13.477717225202184,37,15,0.0717,0.053239,12,1,0,0,0,0.234211
13.711928180951155,38,16,0.0717,0.234211,0,1,0,0,0,-0.00521
13.70671844225962,39,17,0.0717,-0.00521,2,1,0,0,0,-0.069281
11.002099841204238,28,6,0.133,0.0,1,1,0,0,0,0.0
11.002099841204238,29,7,0.133,0.0,0,1,0,0,0,0.0
11.002099841204238,30,8,0.133,0.0,2,1,0,0,0,0.010254
11.012353662340967,31,9,0.133,0.010254,4,1,0,0,0,0.438326
11.45067979846269,32,10,0.133,0.438326,0,1,0,0,0,0.145008
11.595688150112247,33,11,0.133,0.145008,2,1,0,0,0,0.177826
11.773514066540589,34,12,0.133,0.177826,4,1,0,0,0,-0.175987
11.597526773055698,35,13,0.133,-0.175987,6,1,0,0,0,0.010759
11.608285582372478,36,14,0.133,0.010759,8,1,0,0,0,0.159098
11.767383701351346,37,15,0.133,0.159098,10,1,0,0,0,0.125132
11.892515215996278,38,16,0.133,0.125132,12,1,0,0,0,-0.056226
11.83628892646351,39,17,0.133,-0.056226,14,1,0,0,0,0.074272
11.910560740667789,40,18,0.133,0.074272,16,1,0,0,0,0.030641
11.941201864706139,41,19,0.133,0.030641,18,1,0,0,0,0.025269
11.966470544492674,42,20,0.133,0.025269,20,1,0,0,0,-0.298692
11.66777850006113,43,21,0.133,-0.298692,22,1,0,0,0,-0.070008
12.71814429314143,25,3,0.2249,0.0,1,1,0,0,0,-0.053843
12.664300880161518,26,4,0.2249,-0.053843,3,1,0,0,0,0.055028
12.719328894912167,27,5,0.2249,0.055028,5,1,0,0,0,-0.135374
12.58395455033396,28,6,0.2249,-0.135374,7,1,0,0,0,-0.209269
12.37468587122087,29,7,0.2249,-0.209269,9,1,0,0,0,-0.163008
12.21167798554061,30,8,0.2249,-0.163008,11,1,0,0,0,-0.034855
12.176822614686401,31,9,0.2249,-0.034855,13,1,0,0,0,0.299246
12.476068993545613,32,10,0.2249,0.299246,15,1,0,0,0,0.387397
12.863465830859514,33,11,0.2249,0.387397,17,1,0,0,0,0.032526
12.895991895348068,34,12,0.2249,0.032526,19,1,0,0,0,-0.220192
12.675799984288338,35,13,0.2249,-0.220192,21,1,0,0,0,0.111498
12.787298428169244,36,14,0.2249,0.111498,0,1,0,0,0,-0.221298
12.566000718011596,37,15,0.2249,-0.221298,2,1,0,0,0,-0.011613
12.554388004946365,38,16,0.2249,-0.011613,4,1,0,0,0,0.033765
12.588152553108738,39,17,0.2249,0.033765,6,1,0,0,0,0.107892
12.696044263977551,40,18,0.2249,0.107892,8,1,0,0,0,0.076451
13.600310655709352,22,0,0.1411,0.0,1,1,0,0,1,0.009676
13.60998617511853,23,1,0.1411,0.009676,3,1,0,0,1,-0.006174
13.603812095386301,24,2,0.1411,-0.006174,5,1,0,0,1,-0.040746
13.563066057411149,25,3,0.1411,-0.040746,7,1,0,0,1,0.130076
13.693141720628002,26,4,0.1411,0.130076,9,1,0,0,1,0.077641
13.770782966988424,27,5,0.1411,0.077641,11,1,0,0,1,0.033087
13.80386951193704,28,6,0.1411,0.033087,13,1,0,0,1,0.10725
13.911119476659097,29,7,0.1411,0.10725,15,1,0,0,1,-0.111698
13.799421104364157,30,8,0.1411,-0.111698,17,1,0,0,1,0.016056
13.81547705442116,31,9,0.1411,0.016056,19,1,0,0,1,0.272941
14.088418174886499,32,10,0.1411,0.272941,21,1,0,0,1,0.245704
14.33412228830332,33,11,0.1411,0.245704,23,1,0,0,1,-0.169805
14.16431698009549,34,12,0.1411,-0.169805,25,1,0,0,1,-0.269758
13.894559425800662,35,13,0.1411,-0.269758,27,1,0,0,1,0.273605
14.168164447522798,36,14,0.1411,0.273605,29,1,0,0,1,-0.012443
14.155721932460825,37,15,0.1411,-0.012443,31,1,0,0,1,-0.060957
11.947124735649876,27,5,0.1441,0.0,1,1,0,0,1,0.188963
12.136087703448927,28,6,0.1441,0.188963,3,1,0,0,1,0.186828
12.322915289132492,29,7,0.1441,0.186828,0,1,0,0,1,0.1524
12.475315697263726,30,8,0.1441,0.1524,2,1,0,0,1,0.05624
12.531556100835799,31,9,0.1441,0.05624,4,1,0,0,1,0.422504
12.95406028143982,32,10,0.1441,0.422504,6,1,0,0,1,0.11742
13.07148071032434,33,11,0.1441,0.11742,8,1,0,0,1,0.048531
13.120011320524027,34,12,0.1441,0.048531,10,1,0,0,1,0.145186
13.265197091335144,35,13,0.1441,0.145186,12,1,0,0,1,0.166813
13.432009801765345,36,14,0.1441,0.166813,14,1,0,0,1,0.107677
13.539687178001602,37,15,0.1441,0.107677,16,1,0,0,1,0.126585
13.666272106369835,38,16,0.1441,0.126585,18,1,0,0,1,0.072337
13.738608810596057,39,17,0.1441,0.072337,20,1,0,0,1,0.157817
13.896425642595588,40,18,0.1441,0.157817,22,1,0,0,1,-0.044957
13.851469066625782,41,19,0.1441,-0.044957,24,1,0,0,1,-0.025127
13.826342478787167,42,20,0.1441,-0.025127,0,1,0,0,1,0.221739
11.865766113986002,27,5,0.1952,0.0,1,1,0,0,1,0.222125
12.087891467184004,28,6,0.1952,0.222125,3,1,0,0,1,0.317756
12.405647195089847,29,7,0.1952,0.317756,5,1,0,0,1,0.041416
12.44706347659725,30,8,0.1952,0.041416,7,1,0,0,1,0.272078
12.71914153238058,31,9,0.1952,0.272078,9,1,0,0,1,0.288131
13.007272453108783,32,10,0.1952,0.288131,11,1,0,0,1,0.055326
13.062598057108861,33,11,0.1952,0.055326,13,1,0,0,1,0.590448
13.653046525524065,34,12,0.1952,0.590448,0,1,0,0,1,-0.058773
13.594273278592402,35,13,0.1952,-0.058773,2,1,0,0,1,0.253863
13.84813655737166,36,14,0.1952,0.253863,0,1,0,0,1,0.200836
14.048972888228521,37,15,0.1952,0.200836,2,1,0,0,1,0.342468
14.391440555977336,38,16,0.1952,0.342468,0,1,0,0,1,-0.001665
14.389775506392663,39,17,0.1952,-0.001665,2,1,0,0,1,0.015942
14.40571794709913,40,18,0.1952,0.015942,4,1,0,0,1,0.116184
14.52190152321434,41,19,0.1952,0.116184,6,1,0,0,1,0.062327
14.58422875666451,42,20,0.1952,0.062327,8,1,0,0,1,0.269031
11.002099841204238,33,11,0.5605,0.0,1,0,1,0,0,0.0
11.002099841204238,34,12,0.5605,0.0,0,0,1,0,0,0.0
11.002099841204238,35,13,0.5605,0.0,1,0,1,0,0,0.0
11.002099841204238,36,14,0.5605,0.0,1,0,1,0,0,0.0
11.002099841204238,37,15,0.5605,0.0,1,0,1,0,0,0.0
11.002099841204238,38,16,0.5605,0.0,1,0,1,0,0,0.0
11.002099841204238,39,17,0.5605,0.0,0,0,1,0,0,0.067017
11.06911682991174,40,18,0.5605,0.067017,1,0,1,0,0,0.028731
11.097847971604315,41,19,0.5605,0.028731,1,0,1,0,0,0.162718
11.260565774615099,42,20,0.5605,0.162718,1,0,1,0,0,0.422611
11.683177149653012,43,21,0.5605,0.422611,1,0,1,0,0,0.404643
12.087819855803192,44,22,0.5605,0.404643,1,0,1,0,0,0.089454
12.177273631819705,45,23,0.5605,0.089454,1,0,1,0,0,0.171082
12.34835567593781,46,24,0.5605,0.171082,1,0,1,0,0,0.249081
12.597437030837794,47,25,0.5605,0.249081,1,0,1,0,0,1.32789
13.92532653564254,48,26,0.5605,1.32789,0,0,1,0,0,0.205171
15.334095076623546,23,1,0.469,0.0,1,1,0,0,0,0.017585
15.351679859794222,24,2,0.469,0.017585,3,1,0,0,0,-0.085203
15.266476737418865,25,3,0.469,-0.085203,5,1,0,0,0,-0.437251
14.82922589744005,26,4,0.469,-0.437251,0,1,0,0,0,-0.195314
14.633911865909969,27,5,0.469,-0.195314,2,1,0,0,0,-0.196928
14.436983888393769,28,6,0.469,-0.196928,4,1,0,0,0,-0.161841
14.275142857740514,29,7,0.469,-0.161841,6,1,0,0,0,0.023967
14.299109394269914,30,8,0.469,0.023967,8,1,0,0,0,0.187219
14.486328058838247,31,9,0.469,0.187219,10,1,0,0,0,0.477589
14.963916933639036,32,10,0.469,0.477589,0,1,0,0,0,-0.045365
14.918551598197409,33,11,0.469,-0.045365,2,1,0,0,0,-0.30059
14.617961590303372,34,12,0.469,-0.30059,4,1,0,0,0,-0.187216
14.430745268303424,35,13,0.469,-0.187216,6,1,0,0,0,-0.225027
14.205718633946914,36,14,0.469,-0.225027,8,1,0,0,0,0.246532
14.452250257214576,37,15,0.469,0.246532,10,1,0,0,0,0.266517
14.718767659523108,38,16,0.469,0.266517,12,1,0,0,0,0.321701
12.053182273529194,34,12,0.0,0.0,1,1,0,0,0,0.010527
12.063709386594365,35,13,0.0,0.010527,3,1,0,0,0,0.139267
12.202976553957608,36,14,0.0,0.139267,5,1,0,0,0,0.077672
12.280648454348507,37,15,0.0,0.077672,7,1,0,0,0,0.090461
12.371109080484091,38,16,0.0,0.090461,9,1,0,0,0,0.088865
12.459974072664396,39,17,0.0,0.088865,11,1,0,0,0,0.282337
12.742310929089268,40,18,0.0,0.282337,0,1,0,0,0,0.20354
12.945850727791864,41,19,0.0,0.20354,2,1,0,0,0,0.163743
13.109593426912316,42,20,0.0,0.163743,4,1,0,0,0,0.091095
13.200688407582536,43,21,0.0,0.091095,6,1,0,0,0,-0.149368
13.051320216508406,44,22,0.0,-0.149368,8,1,0,0,0,0.004691
13.056010786193742,45,23,0.0,0.004691,10,1,0,0,0,0.031226
13.087236884793183,46,24,0.0,0.031226,12,1,0,0,0,0.075102
13.162339308674744,47,25,0.0,0.075102,0,1,0,0,0,-0.138725
13.023613973706084,48,26,0.0,-0.138725,2,1,0,0,0,0.154569
13.178182514735777,49,27,0.0,0.154569,4,1,0,0,0,-0.026667
14.054820555597175,31,9,0.4419,0.0,1,1,0,0,1,0.083128
14.13794876527548,32,10,0.4419,0.083128,3,1,0,0,1,-0.322942
13.815006931365511,33,11,0.4419,-0.322942,5,1,0,0,1,-0.123852
13.691154871451577,34,12,0.4419,-0.123852,7,1,0,0,1,0.071609
13.762763594648419,35,13,0.4419,0.071609,9,1,0,0,1,-0.052953
13.709810144101235,36,14,0.4419,-0.052953,11,1,0,0,1,0.318812
14.028622298748836,37,15,0.4419,0.318812,13,1,0,0,1,0.315968
14.34459044053055,38,16,0.4419,0.315968,15,1,0,0,1,0.146611
14.491201596694,39,17,0.4419,0.146611,17,1,0,0,1,-0.216825
14.274376577942924,40,18,0.4419,-0.216825,19,1,0,0,1,0.338845
14.613221412110185,41,19,0.4419,0.338845,21,1,0,0,1,0.290559
14.90377999400278,42,20,0.4419,0.290559,23,1,0,0,1,0.043614
14.947394433328494,43,21,0.4419,0.043614,25,1,0,0,1,0.039101
14.986495145854374,44,22,0.4419,0.039101,27,1,0,0,1,0.188164
15.174659241359803,45,23,0.4419,0.188164,29,1,0,0,1,-0.025191
15.149467981195915,46,24,0.4419,-0.025191,31,1,0,0,1,0.240976
13.178674286175559,25,3,0.5749,0.0,1,0,1,0,1,1.338172
14.516846217141598,26,4,0.5749,1.338172,0,0,1,0,1,-0.036142
14.48070391014811,27,5,0.5749,-0.036142,1,0,1,0,1,0.735315
15.216018462384238,28,6,0.5749,0.735315,0,0,1,0,1,-0.065707
15.150311068481848,29,7,0.5749,-0.065707,1,0,1,0,1,-0.168625
14.981685757963344,30,8,0.5749,-0.168625,0,0,1,0,1,-0.65388
14.327805374154572,31,9,0.5749,-0.65388,0,0,1,0,1,-0.28763
14.040175011666806,32,10,0.5749,-0.28763,1,0,1,0,1,-0.293954
13.746221141745394,33,11,0.5749,-0.293954,0,0,1,0,1,0.231785
13.978006081967747,34,12,0.5749,0.231785,0,0,1,0,1,0.018008
13.996014527163586,35,13,0.5749,0.018008,1,0,1,0,1,0.361413
14.357427518823652,36,14,0.5749,0.361413,1,0,1,0,1,0.872128
15.22955530996619,37,15,0.5749,0.872128,0,0,1,0,1,-0.219668
15.009887615794876,38,16,0.5749,-0.219668,1,0,1,0,1,0.348575
15.358462409033471,39,17,0.5749,0.348575,0,0,1,0,1,0.485102
15.84356471601015,40,18,0.5749,0.485102,1,0,1,0,1,0.652256
11.974703731982801,23,1,0.1559,0.0,1,1,0,0,0,-0.031789
11.942915197890901,24,2,0.1559,-0.031789,3,1,0,0,0,0.391368
12.33428360334002,25,3,0.1559,0.391368,5,1,0,0,0,0.499421
12.833704305600227,26,4,0.1559,0.499421,0,1,0,0,0,0.148837
12.98254091300155,27,5,0.1559,0.148837,2,1,0,0,0,0.209712
13.192253314111975,28,6,0.1559,0.209712,4,1,0,0,0,0.046968
13.239220894981928,29,7,0.1559,0.046968,6,1,0,0,0,-0.109371
13.12984988011388,30,8,0.1559,-0.109371,0,1,0,0,0,0.014304
13.144153735946011,31,9,0.1559,0.014304,2,1,0,0,0,-0.16856
12.975593327393492,32,10,0.1559,-0.16856,4,1,0,0,0,-0.050981
12.924612660438383,33,11,0.1559,-0.050981,6,1,0,0,0,-0.054092
12.870520263058795,34,12,0.1559,-0.054092,0,1,0,0,0,0.080546
12.951065972613451,35,13,0.1559,0.080546,0,1,0,0,0,0.086938
13.038004285265371,36,14,0.1559,0.086938,2,1,0,0,0,-0.056535
12.981469234972256,37,15,0.1559,-0.056535,4,1,0,0,0,-0.042667
12.938802073828716,38,16,0.1559,-0.042667,6,1,0,0,0,0.040829
11.835399007329785,33,11,0.0,0.0,1,1,0,0,1,0.390592
12.225991248617815,34,12,0.0,0.390592,3,1,0,0,1,0.212838
12.438829247662671,35,13,0.0,0.212838,5,1,0,0,1,0.222929
12.661758568813152,36,14,0.0,0.222929,0,1,0,0,1,0.369318
13.031076778712354,37,15,0.0,0.369318,2,1,0,0,1,0.330246
13.361323138870093,38,16,0.0,0.330246,4,1,0,0,1,0.182313
13.54363580815113,39,17,0.0,0.182313,6,1,0,0,1,0.537634
14.08126952822624,40,18,0.0,0.537634,0,1,0,0,1,0.094376
14.175645856885277,41,19,0.0,0.094376,2,1,0,0,1,0.090921
14.266567023967266,42,20,0.0,0.090921,4,1,0,0,1,-0.034732
14.231835263562127,43,21,0.0,-0.034732,6,1,0,0,1,-0.143463
14.088372616916304,44,22,0.0,-0.143463,8,1,0,0,1,-0.01518
14.073192411261518,45,23,0.0,-0.01518,0,1,0,0,1,0.399963
14.473155508711658,46,24,0.0,0.399963,0,1,0,0,1,-0.032155
14.441000101846786,47,25,0.0,-0.032155,2,1,0,0,1,0.155439
14.596438847325398,48,26,0.0,0.155439,4,1,0,0,1,-0.046951
13.229548523198677,24,2,0.3137,0.0,1,1,0,0,0,0.026282
13.255830194087757,25,3,0.3137,0.026282,3,1,0,0,0,-0.050976
13.204854479895335,26,4,0.3137,-0.050976,0,1,0,0,0,-0.200712
13.004142736897354,27,5,0.3137,-0.200712,2,1,0,0,0,-0.102475
12.901667990803785,28,6,0.3137,-0.102475,4,1,0,0,0,0.259349
13.161017030124338,29,7,0.3137,0.259349,0,1,0,0,0,-0.045243
13.115773898557286,30,8,0.3137,-0.045243,2,1,0,0,0,0.207531
13.323305342117084,31,9,0.3137,0.207531,4,1,0,0,0,0.265617
13.58892255528665,32,10,0.3137,0.265617,6,1,0,0,0,0.418806
14.007728969969083,33,11,0.3137,0.418806,8,1,0,0,0,0.076378
14.084107231354496,34,12,0.3137,0.076378,10,1,0,0,0,0.264707
14.348814708121479,35,13,0.3137,0.264707,12,1,0,0,0,0.137795
14.48660944730929,36,14,0.3137,0.137795,14,1,0,0,0,0.336138
14.822747113296959,37,15,0.3137,0.336138,0,1,0,0,0,0.360646
15.183393154566426,38,16,0.3137,0.360646,2,1,0,0,0,0.023544
15.206937164019783,39,17,0.3137,0.023544,4,1,0,0,0,0.266771
11.87217679105172,29,7,0.1577,0.0,1,1,0,0,0,-0.190338
11.681838457658785,30,8,0.1577,-0.190338,0,1,0,0,0,-0.092445
11.589393319925547,31,9,0.1577,-0.092445,2,1,0,0,0,0.153812
11.74320493298867,32,10,0.1577,0.153812,0,1,0,0,0,0.074229
11.817434367604086,33,11,0.1577,0.074229,2,1,0,0,0,0.023649
11.841083766064818,34,12,0.1577,0.023649,4,1,0,0,0,0.005415
11.846498414065081,35,13,0.1577,0.005415,6,1,0,0,0,-0.083991
11.762507219099323,36,14,0.1577,-0.083991,8,1,0,0,0,-0.158357
11.604150222630548,37,15,0.1577,-0.158357,10,1,0,0,0,0.123241
11.727391717975125,38,16,0.1577,0.123241,12,1,0,0,0,0.345236
12.072627889585034,39,17,0.1577,0.345236,14,1,0,0,0,0.325471
12.398098877991803,40,18,0.1577,0.325471,16,1,0,0,0,0.399893
12.797992015039533,41,19,0.1577,0.399893,18,1,0,0,0,0.346406
13.14439787710891,42,20,0.1577,0.346406,20,1,0,0,0,0.322957
13.467355136742789,43,21,0.1577,0.322957,22,1,0,0,0,0.276147
13.743502010326445,44,22,0.1577,0.276147,24,1,0,0,0,0.168546
11.565438565589599,25,3,0.2742,0.0,1,1,0,0,0,-0.200548
11.364890141506317,26,4,0.2742,-0.200548,3,1,0,0,0,0.229904
11.594793855763555,27,5,0.2742,0.229904,0,1,0,0,0,-0.014662
11.58013203521793,28,6,0.2742,-0.014662,2,1,0,0,0,0.005435
11.585567432793061,29,7,0.2742,0.005435,4,1,0,0,0,-0.077293
11.508274882431813,30,8,0.2742,-0.077293,6,1,0,0,0,0.73442
12.242695339294388,31,9,0.2742,0.73442,0,1,0,0,0,0.407514
12.65020907316699,32,10,0.2742,0.407514,2,1,0,0,0,0.366059
13.016267785599096,33,11,0.2742,0.366059,4,1,0,0,0,0.224754
13.241021854892196,34,12,0.2742,0.224754,6,1,0,0,0,-0.03368
13.207341508621731,35,13,0.2742,-0.03368,8,1,0,0,0,-0.1431
13.064241795510478,36,14,0.2742,-0.1431,10,1,0,0,0,-0.185326
12.878915663162637,37,15,0.2742,-0.185326,12,1,0,0,0,-0.104075
12.774840446246186,38,16,0.2742,-0.104075,14,1,0,0,0,0.213001
12.987840969086951,39,17,0.2742,0.213001,16,1,0,0,0,0.180234
13.168074490987665,40,18,0.2742,0.180234,18,1,0,0,0,0.089395
14.23125561345161,30,8,0.315,0.0,1,1,0,0,0,0.191514
14.422769702796026,31,9,0.315,0.191514,3,1,0,0,0,0.255413
14.67818295861721,32,10,0.315,0.255413,5,1,0,0,0,-0.004908
14.67327539567513,33,11,0.315,-0.004908,7,1,0,0,0,0.151881
14.825156290178679,34,12,0.315,0.151881,9,1,0,0,0,0.056638
14.88179426146496,35,13,0.315,0.056638,11,1,0,0,0,-0.119434
14.762360468981647,36,14,0.315,-0.119434,13,1,0,0,0,0.076545
14.83890510871605,37,15,0.315,0.076545,15,1,0,0,0,-0.048233
14.790671940507849,38,16,0.315,-0.048233,17,1,0,0,0,0.074673
14.86534452552885,39,17,0.315,0.074673,19,1,0,0,0,-0.176018
14.689326300093956,40,18,0.315,-0.176018,21,1,0,0,0,-0.244421
14.444905412347257,41,19,0.315,-0.244421,23,1,0,0,0,-0.008425
14.436480874365746,42,20,0.315,-0.008425,25,1,0,0,0,0.261593
14.698074031501346,43,21,0.315,0.261593,27,1,0,0,0,0.234804
14.932878273764231,44,22,0.315,0.234804,29,1,0,0,0,0.038614
14.971492147716168,45,23,0.315,0.038614,31,1,0,0,0,-0.132034
11.002099841204238,32,10,0.3753,0.0,1,1,0,0,0,0.0
11.002099841204238,33,11,0.3753,0.0,3,1,0,0,0,0.118025
11.120124579484083,34,12,0.3753,0.118025,5,1,0,0,0,0.143574
11.263698092427207,35,13,0.3753,0.143574,7,1,0,0,0,0.328951
11.592649590750842,36,14,0.3753,0.328951,9,1,0,0,0,0.045069
11.637718678069449,37,15,0.3753,0.045069,11,1,0,0,0,0.253568
11.89128668165899,38,16,0.3753,0.253568,13,1,0,0,0,-0.254789
11.636497952349346,39,17,0.3753,-0.254789,0,1,0,0,0,0.084629
11.721127411854612,40,18,0.3753,0.084629,2,1,0,0,0,-0.04112
11.680007788675363,41,19,0.3753,-0.04112,4,1,0,0,0,0.459848
12.139856240582317,42,20,0.3753,0.459848,6,1,0,0,0,0.140719
12.28057530918738,43,21,0.3753,0.140719,8,1,0,0,0,0.300729
12.581304040378521,44,22,0.3753,0.300729,10,1,0,0,0,0.243521
12.82482497620455,45,23,0.3753,0.243521,0,1,0,0,0,0.243839
13.06866361523726,46,24,0.3753,0.243839,0,1,0,0,0,0.136594
13.20525729014588,47,25,0.3753,0.136594,2,1,0,0,0,0.007595
11.002099841204238,32,10,0.805,0.0,1,0,0,1,1,0.0
11.002099841204238,33,11,0.805,0.0,3,0,0,1,1,0.453132
11.455232320794375,34,12,0.805,0.453132,5,0,0,1,1,1.350239
12.805471242246666,35,13,0.805,1.350239,7,0,0,1,1,0.937156
13.742626935154112,36,14,0.805,0.937156,9,0,0,1,1,0.811608
14.554234707412819,37,15,0.805,0.811608,11,0,0,1,1,0.284365
14.83859976065903,38,16,0.805,0.284365,0,0,0,1,1,-0.284164
14.554436097628729,39,17,0.805,-0.284164,0,0,0,1,1,-0.738958
13.815478269057799,40,18,0.805,-0.738958,0,0,0,1,1,-0.257495
13.55798356033479,41,19,0.805,-0.257495,2,0,0,1,1,0.638051
14.196034763996714,42,20,0.805,0.638051,0,0,0,1,1,0.422784
14.618818751858617,43,21,0.805,0.422784,0,0,0,1,1,0.453753
15.072571893792011,44,22,0.805,0.453753,2,0,0,1,1,0.501793
15.574364434547448,45,23,0.805,0.501793,4,0,0,1,1,-0.525338
15.049026237653766,46,24,0.805,-0.525338,6,0,0,1,1,-0.106415
14.942610804283387,47,25,0.805,-0.106415,8,0,0,1,1,-0.081663
11.002099841204238,26,4,0.0,0.0,1,1,0,0,1,0.0
11.002099841204238,27,5,0.0,0.0,1,1,0,0,1,0.0
11.002099841204238,28,6,0.0,0.0,1,1,0,0,1,0.208305
11.210405200649609,29,7,0.0,0.208305,1,1,0,0,1,0.439406
11.649811250636294,30,8,0.0,0.439406,1,1,0,0,1,0.20731
11.857121455804686,31,9,0.0,0.20731,0,1,0,0,1,0.501468
12.358589862185402,32,10,0.0,0.501468,1,1,0,0,1,0.256741
12.615330569394498,33,11,0.0,0.256741,1,1,0,0,1,0.297457
12.912787174809383,34,12,0.0,0.297457,0,1,0,0,1,0.33406
13.246847646187826,35,13,0.0,0.33406,1,1,0,0,1,0.22411
13.47095737412833,36,14,0.0,0.22411,1,1,0,0,1,0.017669
13.488626079826336,37,15,0.0,0.017669,1,1,0,0,1,0.154587
13.64321269155451,38,16,0.0,0.154587,1,1,0,0,1,0.198187
13.841399799900636,39,17,0.0,0.198187,1,1,0,0,1,0.009082
13.850481539985118,40,18,0.0,0.009082,1,1,0,0,1,-0.057205
13.793276393395109,41,19,0.0,-0.057205,1,1,0,0,1,0.383356
11.941343866959274,31,9,0.5036,0.0,1,0,0,1,0,-0.010368
11.930976281709468,32,10,0.5036,-0.010368,0,0,0,1,0,-0.169128
11.761848482032653,33,11,0.5036,-0.169128,0,0,0,1,0,0.191369
11.953217170706576,34,12,0.5036,0.191369,2,0,0,1,0,0.16275
12.115966983560842,35,13,0.5036,0.16275,0,0,0,1,0,0.192368
12.30833512651101,36,14,0.5036,0.192368,2,0,0,1,0,-0.131019
12.177316062216594,37,15,0.5036,-0.131019,4,0,0,1,0,-0.497983
11.679332734978182,38,16,0.5036,-0.497983,6,0,0,1,0,0.091956
11.77128836128025,39,17,0.5036,0.091956,0,0,0,1,0,0.214757
11.986045008018433,40,18,0.5036,0.214757,0,0,0,1,0,0.209576
12.1956214659204,41,19,0.5036,0.209576,2,0,0,1,0,0.980402
13.176023114666782,42,20,0.5036,0.980402,4,0,0,1,0,-0.138504
13.037518730959764,43,21,0.5036,-0.138504,6,0,0,1,0,0.64954
13.687058278647212,44,22,0.5036,0.64954,8,0,0,1,0,-0.689982
12.997076486540443,45,23,0.5036,-0.689982,10,0,0,1,0,-0.413194
12.583882569931358,46,24,0.5036,-0.413194,12,0,0,1,0,0.088853
13.600765896044372,34,12,0.1892,0.0,1,1,0,0,1,0.134459
13.735224748937211,35,13,0.1892,0.134459,3,1,0,0,1,-0.01552
13.719704675237281,36,14,0.1892,-0.01552,5,1,0,0,1,0.031583
13.751287483043122,37,15,0.1892,0.031583,7,1,0,0,1,-0.180568
13.570719162634019,38,16,0.1892,-0.180568,9,1,0,0,1,-0.010027
13.560692113547255,39,17,0.1892,-0.010027,11,1,0,0,1,-0.044511
13.516181043913614,40,18,0.1892,-0.044511,13,1,0,0,1,0.160715
13.676896100154703,41,19,0.1892,0.160715,15,1,0,0,1,0.030573
13.707469147344222,42,20,0.1892,0.030573,17,1,0,0,1,0.056885
13.764354539545439,43,21,0.1892,0.056885,19,1,0,0,1,0.149662
13.914016763457129,44,22,0.1892,0.149662,21,1,0,0,1,-0.021548
13.892468566431548,45,23,0.1892,-0.021548,23,1,0,0,1,0.163864
14.05633302169228,46,24,0.1892,0.163864,25,1,0,0,1,0.162375
14.218708345564188,47,25,0.1892,0.162375,27,1,0,0,1,0.287616
14.506324050684821,48,26,0.1892,0.287616,29,1,0,0,1,0.071102
14.577426274580699,49,27,0.1892,0.071102,31,1,0,0,1,0.041308
11.002099841204238,34,12,0.6241,0.0,1,0,1,0,0,0.0
11.002099841204238,35,13,0.6241,0.0,0,0,1,0,0,0.0
11.002099841204238,36,14,0.6241,0.0,2,0,1,0,0,0.0
11.002099841204238,37,15,0.6241,0.0,0,0,1,0,0,0.0
11.002099841204238,38,16,0.6241,0.0,2,0,1,0,0,0.0
11.002099841204238,39,17,0.6241,0.0,4,0,1,0,0,0.0
11.002099841204238,40,18,0.6241,0.0,6,0,1,0,0,0.256294
11.258393521010323,41,19,0.6241,0.256294,8,0,1,0,0,0.368909
11.62730210981078,42,20,0.6241,0.368909,10,0,1,0,0,0.682085
12.309386692824624,43,21,0.6241,0.682085,0,0,1,0,0,0.458001
12.767388128409872,44,22,0.6241,0.458001,2,0,1,0,0,-0.182867
12.584521268861135,45,23,0.6241,-0.182867,4,0,1,0,0,0.314014
12.898534860572797,46,24,0.6241,0.314014,6,0,1,0,0,0.259698
13.158233028250919,47,25,0.6241,0.259698,0,0,1,0,0,0.590501
13.74873431759157,48,26,0.6241,0.590501,0,0,1,0,0,0.356298
14.105032761821127,49,27,0.6241,0.356298,2,0,1,0,0,-0.099449
11.002099841204238,22,0,0.6665,0.0,1,0,1,0,0,0.417316
11.419415948411503,23,1,0.6665,0.417316,3,0,1,0,0,1.028715
12.448131026102057,24,2,0.6665,1.028715,5,0,1,0,0,1.047971
13.496101784299759,25,3,0.6665,1.047971,7,0,1,0,0,0.152267
13.648369022625884,26,4,0.6665,0.152267,9,0,1,0,0,0.172744
13.821113165099067,27,5,0.6665,0.172744,11,0,1,0,0,0.606415
14.427527794895994,28,6,0.6665,0.606415,13,0,1,0,0,-0.096564
14.330963403348386,29,7,0.6665,-0.096564,15,0,1,0,0,-0.720911
13.610052069046002,30,8,0.6665,-0.720911,17,0,1,0,0,-0.05977
13.550282470723992,31,9,0.6665,-0.05977,19,0,1,0,0,0.294264
13.844546607420291,32,10,0.6665,0.294264,21,0,1,0,0,-0.03567
13.808876763559995,33,11,0.6665,-0.03567,23,0,1,0,0,0.352482
14.161358544563939,34,12,0.6665,0.352482,25,0,1,0,0,0.162776
14.324134473996866,35,13,0.6665,0.162776,27,0,1,0,0,-0.430975
13.893159125667,36,14,0.6665,-0.430975,29,0,1,0,0,-0.821764
13.071395506381046,37,15,0.6665,-0.821764,31,0,1,0,0,-0.561493
12.35593056653666,26,4,0.5581,0.0,1,1,0,0,1,0.028599
12.3845292650934,27,5,0.5581,0.028599,3,1,0,0,1,0.078813
12.463342009453175,28,6,0.5581,0.078813,5,1,0,0,1,0.303987
12.767329268730972,29,7,0.5581,0.303987,7,1,0,0,1,0.036794
12.804122868940746,30,8,0.5581,0.036794,9,1,0,0,1,0.17846
12.982582845734946,31,9,0.5581,0.17846,11,1,0,0,1,0.304636
13.287219246195127,32,10,0.5581,0.304636,13,1,0,0,1,0.338721
13.62593986936241,33,11,0.5581,0.338721,15,1,0,0,1,0.095267
13.721206946779674,34,12,0.5581,0.095267,17,1,0,0,1,0.122034
13.843240789958694,35,13,0.5581,0.122034,0,1,0,0,1,0.093833
13.937073536694013,36,14,0.5581,0.093833,2,1,0,0,1,0.421332
14.358405150860069,37,15,0.5581,0.421332,0,1,0,0,1,0.118039
14.476444061792892,38,16,0.5581,0.118039,2,1,0,0,1,-0.123357
14.35308679365972,39,17,0.5581,-0.123357,4,1,0,0,1,-0.155635
14.197452259136039,40,18,0.5581,-0.155635,6,1,0,0,1,-0.287867
13.909584842970958,41,19,0.5581,-0.287867,8,1,0,0,1,-0.318579
14.277390369397299,30,8,0.1227,0.0,1,1,0,0,0,0.149092
14.42648245731332,31,9,0.1227,0.149092,3,1,0,0,0,0.188004
14.614486629363267,32,10,0.1227,0.188004,5,1,0,0,0,-0.025849
14.58863777036807,33,11,0.1227,-0.025849,0,1,0,0,0,0.039439
14.628076870354995,34,12,0.1227,0.039439,2,1,0,0,0,-0.132908
14.495168731094795,35,13,0.1227,-0.132908,4,1,0,0,0,0.022815
14.517983394403354,36,14,0.1227,0.022815,0,1,0,0,0,-0.023195
14.494788383957095,37,15,0.1227,-0.023195,2,1,0,0,0,-0.07056
14.424228489009879,38,16,0.1227,-0.07056,4,1,0,0,0,0.015063
14.43929157041622,39,17,0.1227,0.015063,6,1,0,0,0,0.120869
14.560160247198208,40,18,0.1227,0.120869,8,1,0,0,0,-0.015484
14.544676185552051,41,19,0.1227,-0.015484,10,1,0,0,0,-0.121579
14.423097234560368,42,20,0.1227,-0.121579,12,1,0,0,0,-0.048161
14.374936534642327,43,21,0.1227,-0.048161,14,1,0,0,0,0.275933
14.650869538488472,44,22,0.1227,0.275933,16,1,0,0,0,0.151489
14.802358690436122,45,23,0.1227,0.151489,18,1,0,0,0,0.151906
11.14872610631692,33,11,0.3757,0.0,1,1,0,0,0,-0.067393
11.081333409173931,34,12,0.3757,-0.067393,3,1,0,0,0,-0.03993
11.041403766174563,35,13,0.3757,-0.03993,5,1,0,0,0,0.055991
11.097394762944498,36,14,0.3757,0.055991,7,1,0,0,0,0.060229
11.157623534413757,37,15,0.3757,0.060229,0,1,0,0,0,0.301813
11.45943686791591,38,16,0.3757,0.301813,2,1,0,0,0,0.06396
11.52339696402247,39,17,0.3757,0.06396,4,1,0,0,0,-0.102547
11.42084967544085,40,18,0.3757,-0.102547,6,1,0,0,0,0.110521
11.53137084414495,41,19,0.3757,0.110521,8,1,0,0,0,0.152994
11.68436442319688,42,20,0.3757,0.152994,10,1,0,0,0,0.249594
11.933958396563318,43,21,0.3757,0.249594,0,1,0,0,0,0.108427
12.042384948795382,44,22,0.3757,0.108427,2,1,0,0,0,0.354869
12.397253857949778,45,23,0.3757,0.354869,4,1,0,0,0,0.273499
12.670752905845175,46,24,0.3757,0.273499,6,1,0,0,0,-0.09823
12.572522786159322,47,25,0.3757,-0.09823,8,1,0,0,0,0.18244
12.75496296071504,48,26,0.3757,0.18244,10,1,0,0,0,0.072329
13.94407544548909,33,11,0.3536,0.0,1,1,0,0,0,-0.010745
13.93333000114316,34,12,0.3536,-0.010745,1,1,0,0,0,0.106885
14.04021453350723,35,13,0.3536,0.106885,1,1,0,0,0,-0.180557
13.85965716586084,36,14,0.3536,-0.180557,0,1,0,0,0,-0.169752
13.689905205525152,37,15,0.3536,-0.169752,1,1,0,0,0,-0.231663
13.45824225364763,38,16,0.3536,-0.231663,0,1,0,0,0,-0.360687
13.097555449569816,39,17,0.3536,-0.360687,1,1,0,0,0,0.155638
13.253193922509706,40,18,0.3536,0.155638,1,1,0,0,0,0.241431
13.494625165139619,41,19,0.3536,0.241431,1,1,0,0,0,0.258686
13.753310954685556,42,20,0.3536,0.258686,1,1,0,0,0,-0.060087
13.693223495524453,43,21,0.3536,-0.060087,0,1,0,0,0,-0.026199
13.66702476917413,44,22,0.3536,-0.026199,1,1,0,0,0,-0.001647
13.665377304122856,45,23,0.3536,-0.001647,1,1,0,0,0,0.197024
13.86240132842614,46,24,0.3536,0.197024,1,1,0,0,0,0.094163
13.956564049605227,47,25,0.3536,0.094163,1,1,0,0,0,0.470379
14.426943279725517,48,26,0.3536,0.470379,0,1,0,0,0,0.739915
11.380532623411206,31,9,0.1649,0.0,1,1,0,0,0,0.131164
11.511696325211062,32,10,0.1649,0.131164,3,1,0,0,0,0.162444
11.674140716830854,33,11,0.1649,0.162444,5,1,0,0,0,0.187858
11.861998744454105,34,12,0.1649,0.187858,7,1,0,0,0,-0.002994
11.859004927299043,35,13,0.1649,-0.002994,9,1,0,0,0,-0.180142
11.678863280824384,36,14,0.1649,-0.180142,11,1,0,0,0,0.061405
11.740268452730433,37,15,0.1649,0.061405,13,1,0,0,0,0.271559
12.011826991934763,38,16,0.1649,0.271559,0,1,0,0,0,0.060611
12.072437895315865,39,17,0.1649,0.060611,2,1,0,0,0,0.17466
12.24709767545894,40,18,0.1649,0.17466,4,1,0,0,0,0.24625
12.493347886870339,41,19,0.1649,0.24625,6,1,0,0,0,0.272019
12.765366517386937,42,20,0.1649,0.272019,8,1,0,0,0,0.121007
12.886373794845785,43,21,0.1649,0.121007,10,1,0,0,0,0.014917
12.901290316164424,44,22,0.1649,0.014917,12,1,0,0,0,0.072618
12.97390784148849,45,23,0.1649,0.072618,14,1,0,0,0,0.010086
12.983993653144356,46,24,0.1649,0.010086,16,1,0,0,0,0.013632
13.734690164109288,28,6,0.3474,0.0,1,1,0,0,1,0.354118
14.088807671414493,29,7,0.3474,0.354118,3,1,0,0,1,-0.005429
14.083379005790276,30,8,0.3474,-0.005429,5,1,0,0,1,-0.115653
13.967726039470833,31,9,0.3474,-0.115653,7,1,0,0,1,-0.032468
13.935257926689214,32,10,0.3474,-0.032468,9,1,0,0,1,-0.011783
13.923474763323396,33,11,0.3474,-0.011783,11,1,0,0,1,-0.32469
13.598785016398702,34,12,0.3474,-0.32469,13,1,0,0,1,-0.056905
13.541880372785815,35,13,0.3474,-0.056905,15,1,0,0,1,-0.01407
13.527809909069054,36,14,0.3474,-0.01407,17,1,0,0,1,0.168359
13.696169105034771,37,15,0.3474,0.168359,19,1,0,0,1,0.383912
14.08008146656521,38,16,0.3474,0.383912,21,1,0,0,1,0.059721
14.139802782854535,39,17,0.3474,0.059721,23,1,0,0,1,-0.166464
13.973338669815309,40,18,0.3474,-0.166464,25,1,0,0,1,-0.00155
13.97178892333271,41,19,0.3474,-0.00155,27,1,0,0,1,0.328527
14.30031548617056,42,20,0.3474,0.328527,29,1,0,0,1,0.017826
14.318141694827833,43,21,0.3474,0.017826,31,1,0,0,1,-0.019078
14.478543606258562,31,9,0.3863,0.0,1,1,0,0,0,0.20317
14.681713206330413,32,10,0.3863,0.20317,1,1,0,0,0,0.033343
14.71505645367958,33,11,0.3863,0.033343,1,1,0,0,0,0.209243
14.92429979750134,34,12,0.3863,0.209243,1,1,0,0,0,-0.121197
14.803102328001621,35,13,0.3863,-0.121197,1,1,0,0,0,0.210701
15.013803056117679,36,14,0.3863,0.210701,1,1,0,0,0,0.321745
15.335547959762241,37,15,0.3863,0.321745,1,1,0,0,0,0.091646
15.427193745900393,38,16,0.3863,0.091646,1,1,0,0,0,-0.05206
15.375133892256708,39,17,0.3863,-0.05206,1,1,0,0,0,0.265529
15.640663188002009,40,18,0.3863,0.265529,1,1,0,0,0,0.178572
15.819234698968325,41,19,0.3863,0.178572,1,1,0,0,0,0.141804
15.961038681850956,42,20,0.3863,0.141804,1,1,0,0,0,-0.018575
15.942463949006886,43,21,0.3863,-0.018575,0,1,0,0,0,0.147495
16.08995898291309,44,22,0.3863,0.147495,1,1,0,0,0,0.511531
16.601490400311743,45,23,0.3863,0.511531,1,1,0,0,0,0.095244
16.69673425163727,46,24,0.3863,0.095244,1,1,0,0,0,0.217632
12.732240219221191,23,1,0.1689,0.0,1,1,0,0,1,-0.191273
12.540967489537886,24,2,0.1689,-0.191273,1,1,0,0,1,0.382657
12.923624536321448,25,3,0.1689,0.382657,0,1,0,0,1,0.239015
13.16263918078034,26,4,0.1689,0.239015,1,1,0,0,1,0.13922
13.30185876437995,27,5,0.1689,0.13922,1,1,0,0,1,0.179915
13.481774253857628,28,6,0.1689,0.179915,1,1,0,0,1,0.063458
13.545231997927187,29,7,0.1689,0.063458,1,1,0,0,1,-0.102526
13.442706457495797,30,8,0.1689,-0.102526,1,1,0,0,1,0.259305
13.702011606398198,31,9,0.1689,0.259305,1,1,0,0,1,0.142414
13.844426045115329,32,10,0.1689,0.142414,1,1,0,0,1,0.071853
13.916279188936896,33,11,0.1689,0.071853,1,1,0,0,1,0.293201
14.20948001287438,34,12,0.1689,0.293201,0,1,0,0,1,0.184181
14.393661399124523,35,13,0.1689,0.184181,1,1,0,0,1,0.385332
14.778993532591967,36,14,0.1689,0.385332,1,1,0,0,1,0.259675
15.038668281409246,37,15,0.1689,0.259675,0,1,0,0,1,0.201151
15.239818782441017,38,16,0.1689,0.201151,1,1,0,0,1,0.468533
11.002099841204238,25,3,0.4593,0.0,1,1,0,0,1,0.0
11.002099841204238,26,4,0.4593,0.0,3,1,0,0,1,0.0
11.002099841204238,27,5,0.4593,0.0,0,1,0,0,1,0.042349
11.044449012782561,28,6,0.4593,0.042349,2,1,0,0,1,0.187065
11.231514253917053,29,7,0.4593,0.187065,4,1,0,0,1,0.166692
11.398206372767211,30,8,0.4593,0.166692,6,1,0,0,1,0.172209
11.570415554341475,31,9,0.4593,0.172209,8,1,0,0,1,0.292167
11.862582678271727,32,10,0.4593,0.292167,10,1,0,0,1,0.456393
12.318975995310183,33,11,0.4593,0.456393,12,1,0,0,1,0.370169
12.689145031624397,34,12,0.4593,0.370169,14,1,0,0,1,0.019797
12.708942306678344,35,13,0.4593,0.019797,16,1,0,0,1,0.097732
12.806673824702777,36,14,0.4593,0.097732,18,1,0,0,1,-0.132881
12.673792607943726,37,15,0.4593,-0.132881,20,1,0,0,1,-0.035335
12.638457999584473,38,16,0.4593,-0.035335,22,1,0,0,1,-0.168922
12.469536450896001,39,17,0.4593,-0.168922,24,1,0,0,1,0.40559
12.87512689881056,40,18,0.4593,0.40559,26,1,0,0,1,0.1775
12.028000996039518,28,6,0.2964,0.0,1,1,0,0,1,-0.1154
11.912601423744855,29,7,0.2964,-0.1154,0,1,0,0,1,-0.227204
11.685397895340389,30,8,0.2964,-0.227204,2,1,0,0,1,-0.108715
11.576683270359382,31,9,0.2964,-0.108715,4,1,0,0,1,0.106979
11.683662347029959,32,10,0.2964,0.106979,6,1,0,0,1,0.208727
11.892388848503014,33,11,0.2964,0.208727,8,1,0,0,1,0.282614
12.175002440101272,34,12,0.2964,0.282614,10,1,0,0,1,0.241138
12.416140563105326,35,13,0.2964,0.241138,12,1,0,0,1,0.309162
12.725302978092008,36,14,0.2964,0.309162,0,1,0,0,1,0.069537
12.7948398770731,37,15,0.2964,0.069537,2,1,0,0,1,0.180457
12.975297372901734,38,16,0.2964,0.180457,4,1,0,0,1,0.168236
13.143533583693817,39,17,0.2964,0.168236,6,1,0,0,1,0.088588
13.232121699062064,40,18,0.2964,0.088588,8,1,0,0,1,-0.137057
13.095064381003347,41,19,0.2964,-0.137057,10,1,0,0,1,0.086227
13.1812916941013,42,20,0.2964,0.086227,12,1,0,0,1,0.125857
13.307148286975844,43,21,0.2964,0.125857,14,1,0,0,1,-0.097893
11.002099841204238,31,9,0.5589,0.0,1,0,1,0,0,0.0
11.002099841204238,32,10,0.5589,0.0,3,0,1,0,0,0.0
11.002099841204238,33,11,0.5589,0.0,0,0,1,0,0,0.158607
11.16070646104661,34,12,0.5589,0.158607,2,0,1,0,0,0.499428
11.66013417365271,35,13,0.5589,0.499428,4,0,1,0,0,0.15371
11.813843905806038,36,14,0.5589,0.15371,0,0,1,0,0,-0.476278
11.3375662001685,37,15,0.5589,-0.476278,2,0,1,0,0,0.551924
11.889490076303499,38,16,0.5589,0.551924,4,0,1,0,0,0.407364
12.296854349414282,39,17,0.5589,0.407364,6,0,1,0,0,-0.059699
12.23715488954365,40,18,0.5589,-0.059699,8,0,1,0,0,-0.128639
12.108515886990187,41,19,0.5589,-0.128639,10,0,1,0,0,-0.05289
12.055626307346358,42,20,0.5589,-0.05289,0,0,1,0,0,-0.554802
11.500824757832138,43,21,0.5589,-0.554802,2,0,1,0,0,-0.498725
11.002099841204238,44,22,0.5589,-0.498725,0,0,1,0,0,0.049326
11.051426087862673,45,23,0.5589,0.049326,0,0,1,0,0,-0.049326
11.002099841204238,46,24,0.5589,-0.049326,2,0,1,0,0,0.0
11.54760021199964,30,8,0.2521,0.0,1,1,0,0,0,0.069759
11.617359147593016,31,9,0.2521,0.069759,3,1,0,0,0,0.175973
11.79333174712354,32,10,0.2521,0.175973,5,1,0,0,0,0.118021
11.911352359076707,33,11,0.2521,0.118021,7,1,0,0,0,-0.085451
11.825900862857715,34,12,0.2521,-0.085451,9,1,0,0,0,0.175425
12.001325415830403,35,13,0.2521,0.175425,11,1,0,0,0,0.151368
12.152693020702516,36,14,0.2521,0.151368,13,1,0,0,0,-0.058486
12.094206573226424,37,15,0.2521,-0.058486,15,1,0,0,0,0.164335
12.25854184335268,38,16,0.2521,0.164335,17,1,0,0,0,-0.11765
12.140891700664104,39,17,0.2521,-0.11765,0,1,0,0,0,0.006047
12.146938823163632,40,18,0.2521,0.006047,2,1,0,0,0,-0.045015
12.101923408810976,41,19,0.2521,-0.045015,4,1,0,0,0,-0.14172
11.960203139395725,42,20,0.2521,-0.14172,0,1,0,0,0,0.006897
11.967100273682465,43,21,0.2521,0.006897,2,1,0,0,0,0.087505
12.054604794029736,44,22,0.2521,0.087505,4,1,0,0,0,0.188271
12.242876252894247,45,23,0.2521,0.188271,6,1,0,0,0,0.442126
11.002099841204238,34,12,0.1685,0.0,1,1,0,0,0,0.242467
11.244567243339315,35,13,0.1685,0.242467,3,1,0,0,0,0.260309
11.50487634093051,36,14,0.1685,0.260309,5,1,0,0,0,0.1442
11.649076387961008,37,15,0.1685,0.1442,7,1,0,0,0,0.230943
11.880019226033529,38,16,0.1685,0.230943,9,1,0,0,0,0.232557
12.112576283115628,39,17,0.1685,0.232557,11,1,0,0,0,0.578767
12.691343187981728,40,18,0.1685,0.578767,0,1,0,0,0,0.229327
12.920670311600237,41,19,0.1685,0.229327,2,1,0,0,0,0.121604
13.04227472351672,42,20,0.1685,0.121604,4,1,0,0,0,0.215326
13.257600888384756,43,21,0.1685,0.215326,6,1,0,0,0,0.16949
13.427091173687689,44,22,0.1685,0.16949,8,1,0,0,0,0.263478
13.690569024108598,45,23,0.1685,0.263478,10,1,0,0,0,0.291379
13.981948272080352,46,24,0.1685,0.291379,0,1,0,0,0,0.404403
14.386351506662375,47,25,0.1685,0.404403,0,1,0,0,0,0.268053
14.654404360352258,48,26,0.1685,0.268053,0,1,0,0,0,0.449843
15.104247751653505,49,27,0.1685,0.449843,0,1,0,0,0,-0.066173
11.285416687969256,22,0,0.4186,0.0,1,1,0,0,0,0.092567
11.377983548706835,23,1,0.4186,0.092567,3,1,0,0,0,-0.012296
11.36568722956247,24,2,0.4186,-0.012296,5,1,0,0,0,0.290845
11.656532659305704,25,3,0.4186,0.290845,7,1,0,0,0,0.061897
11.718429561899667,26,4,0.4186,0.061897,9,1,0,0,0,0.257087
11.975516963438954,27,5,0.4186,0.257087,11,1,0,0,0,-0.105567
11.86995015951347,28,6,0.4186,-0.105567,13,1,0,0,0,0.008341
11.878291526530283,29,7,0.4186,0.008341,15,1,0,0,0,0.279214
12.157505230692458,30,8,0.4186,0.279214,17,1,0,0,0,0.068104
12.225608920959422,31,9,0.4186,0.068104,19,1,0,0,0,-0.043182
12.182427250518753,32,10,0.4186,-0.043182,21,1,0,0,0,0.113462
12.29588905965727,33,11,0.4186,0.113462,23,1,0,0,0,0.208223
12.50411234423852,34,12,0.4186,0.208223,25,1,0,0,0,0.193025
12.697137294741818,35,13,0.4186,0.193025,27,1,0,0,0,0.157886
12.855022890989236,36,14,0.4186,0.157886,29,1,0,0,0,-0.026102
12.828920545173649,37,15,0.4186,-0.026102,31,1,0,0,0,-0.166411
11.699899427907047,24,2,0.4212,0.0,1,1,0,0,1,0.339063
12.038962767687076,25,3,0.4212,0.339063,0,1,0,0,1,0.2406
12.279562456123688,26,4,0.4212,0.2406,1,1,0,0,1,0.138625
12.418187185368602,27,5,0.4212,0.138625,1,1,0,0,1,0.166002
12.584188806322286,28,6,0.4212,0.166002,1,1,0,0,1,-0.196594
12.387594965607784,29,7,0.4212,-0.196594,0,1,0,0,1,-0.083337
12.304258404423868,30,8,0.4212,-0.083337,1,1,0,0,1,0.245524
12.549782893814546,31,9,0.4212,0.245524,1,1,0,0,1,0.595748
13.145530541216239,32,10,0.4212,0.595748,0,1,0,0,1,-0.201649
12.943881501586308,33,11,0.4212,-0.201649,0,1,0,0,1,0.143037
13.08691883438893,34,12,0.4212,0.143037,1,1,0,0,1,-0.064118
13.022801037082127,35,13,0.4212,-0.064118,0,1,0,0,1,0.119185
13.141985600179938,36,14,0.4212,0.119185,1,1,0,0,1,-0.202514
12.939471320932203,37,15,0.4212,-0.202514,1,1,0,0,1,-0.351696
12.58777538845579,38,16,0.4212,-0.351696,1,1,0,0,1,-0.132619
12.455156691832864,39,17,0.4212,-0.132619,1,1,0,0,1,0.225889
11.40889069212573,31,9,0.7301,0.0,1,0,1,0,0,0.069757
11.478647989108167,32,10,0.7301,0.069757,3,0,1,0,0,0.304664
11.783312282455336,33,11,0.7301,0.304664,0,0,1,0,0,-0.168755
11.614557734317858,34,12,0.7301,-0.168755,2,0,1,0,0,-0.067428
11.547129426942554,35,13,0.7301,-0.067428,4,0,1,0,0,1.343812
12.890941424002529,36,14,0.7301,1.343812,0,0,1,0,0,0.07441
12.965351264272027,37,15,0.7301,0.07441,2,0,1,0,0,-0.205942
12.759409420157708,38,16,0.7301,-0.205942,0,0,1,0,0,0.407015
13.166424574821667,39,17,0.7301,0.407015,0,0,1,0,0,0.481824
13.648248734490904,40,18,0.7301,0.481824,0,0,1,0,0,-0.396511
13.251737820560972,41,19,0.7301,-0.396511,0,0,1,0,0,-0.050262
13.201475697227878,42,20,0.7301,-0.050262,2,0,1,0,0,-0.127845
13.073630809614896,43,21,0.7301,-0.127845,4,0,1,0,0,-0.030584
13.04304684617219,44,22,0.7301,-0.030584,6,0,1,0,0,-0.391132
12.65191458423081,45,23,0.7301,-0.391132,8,0,1,0,0,-0.357409
12.294505228170504,46,24,0.7301,-0.357409,10,0,1,0,0,-0.147446
13.246571435942933,28,6,0.1564,0.0,1,1,0,0,0,-0.03384
13.212731805865582,29,7,0.1564,-0.03384,3,1,0,0,0,-0.054767
13.15796442564767,30,8,0.1564,-0.054767,5,1,0,0,0,-0.055205
13.102759732255247,31,9,0.1564,-0.055205,0,1,0,0,0,0.239553
13.342312997500082,32,10,0.1564,0.239553,2,1,0,0,0,0.121287
13.46360003043028,33,11,0.1564,0.121287,0,1,0,0,0,0.008239
13.471839148733302,34,12,0.1564,0.008239,2,1,0,0,0,0.08384
13.555679155155733,35,13,0.1564,0.08384,0,1,0,0,0,-0.003013
13.552666481242685,36,14,0.1564,-0.003013,2,1,0,0,0,0.015724
13.568390933312118,37,15,0.1564,0.015724,4,1,0,0,0,0.308722
13.87711257636973,38,16,0.1564,0.308722,6,1,0,0,0,0.249532
14.126644139207139,39,17,0.1564,0.249532,8,1,0,0,0,0.174462
14.30110596986152,40,18,0.1564,0.174462,0,1,0,0,0,0.104968
14.406074211210969,41,19,0.1564,0.104968,2,1,0,0,0,0.214462
14.62053631085573,42,20,0.1564,0.214462,4,1,0,0,0,0.434865
15.055401590667278,43,21,0.1564,0.434865,6,1,0,0,0,0.227466
16.00069259137007,22,0,1.0,0.0,1,0,0,1,0,0.006739
16.007431808389462,23,1,1.0,0.006739,3,0,0,1,0,-1.061853
14.945579236726969,24,2,1.0,-1.061853,5,0,0,1,0,-0.985831
13.95974841871669,25,3,1.0,-0.985831,7,0,0,1,0,-0.08148
13.878268863049659,26,4,1.0,-0.08148,9,0,0,1,0,-0.135698
13.742570835669135,27,5,1.0,-0.135698,11,0,0,1,0,-0.167802
13.574768370488863,28,6,1.0,-0.167802,13,0,0,1,0,-0.34619
13.228578141481306,29,7,1.0,-0.34619,15,0,0,1,0,-0.355535
12.873043321414082,30,8,1.0,-0.355535,17,0,0,1,0,-0.292642
12.58040140268421,31,9,1.0,-0.292642,19,0,0,1,0,-0.134308
12.446093810800248,32,10,1.0,-0.134308,21,0,0,1,0,-0.053581
12.392513241910294,33,11,1.0,-0.053581,23,0,0,1,0,-0.40828
11.9842331330848,34,12,1.0,-0.40828,25,0,0,1,0,0.271292
12.2555251235961,35,13,1.0,0.271292,0,0,0,1,0,0.022185
12.277710358184558,36,14,1.0,0.022185,2,0,0,1,0,0.136766
12.414476103302125,37,15,1.0,0.136766,4,0,0,1,0,0.086233
11.016239613182293,28,6,1.0,0.0,1,0,1,0,1,0.451891
11.468131053322177,29,7,1.0,0.451891,1,0,1,0,1,-0.329932
11.138198946629462,30,8,1.0,-0.329932,0,0,1,0,1,-0.136099
11.002099841204238,31,9,1.0,-0.136099,1,0,1,0,1,0.0
11.002099841204238,32,10,1.0,0.0,1,0,1,0,1,0.489867
11.491966594686712,33,11,1.0,0.489867,1,0,1,0,1,0.60389
12.095856396772568,34,12,1.0,0.60389,1,0,1,0,1,-0.168766
11.927090784632592,35,13,1.0,-0.168766,0,0,1,0,1,0.317136
12.244227155431602,36,14,1.0,0.317136,1,0,1,0,1,-0.042691
12.201535656456917,37,15,1.0,-0.042691,1,0,1,0,1,-0.36081
11.840725620837922,38,16,1.0,-0.36081,1,0,1,0,1,-0.185381
11.655344363778445,39,17,1.0,-0.185381,1,0,1,0,1,0.515431
12.170775650057244,40,18,1.0,0.515431,1,0,1,0,1,0.636846
12.807621820594372,41,19,1.0,0.636846,0,0,1,0,1,0.296784
13.104406048039044,42,20,1.0,0.296784,1,0,1,0,1,-0.162502
12.941904391475111,43,21,1.0,-0.162502,1,0,1,0,1,-0.358483
12.747940143893246,33,11,0.2632,0.0,1,1,0,0,1,0.137823
12.885762862524535,34,12,0.2632,0.137823,3,1,0,0,1,0.058199
12.943961479916199,35,13,0.2632,0.058199,5,1,0,0,1,0.146523
13.090484630143647,36,14,0.2632,0.146523,7,1,0,0,1,0.211289
13.301773550720206,37,15,0.2632,0.211289,9,1,0,0,1,0.199945
13.501718184019317,38,16,0.2632,0.199945,11,1,0,0,1,-0.252661
13.249057170667847,39,17,0.2632,-0.252661,13,1,0,0,1,-0.039
13.210057284946727,40,18,0.2632,-0.039,15,1,0,0,1,0.495141
13.705198512099932,41,19,0.2632,0.495141,0,1,0,0,1,-0.22077
13.484428317300996,42,20,0.2632,-0.22077,2,1,0,0,1,0.012121
13.496549676950654,43,21,0.2632,0.012121,4,1,0,0,1,0.150758
13.647307212647084,44,22,0.2632,0.150758,6,1,0,0,1,-0.1896
13.45770705139376,45,23,0.2632,-0.1896,8,1,0,0,1,0.310691
13.768397557684734,46,24,0.2632,0.310691,0,1,0,0,1,0.04427
13.812668052705744,47,25,0.2632,0.04427,2,1,0,0,1,0.167286
13.979954377392266,48,26,0.2632,0.167286,0,1,0,0,1,0.017126
11.002099841204238,28,6,0.1403,0.0,1,1,0,0,0,0.0
11.002099841204238,29,7,0.1403,0.0,1,1,0,0,0,0.0
11.002099841204238,30,8,0.1403,0.0,0,1,0,0,0,0.171574
11.173673984982736,31,9,0.1403,0.171574,0,1,0,0,0,-0.000121
11.173552719790191,32,10,0.1403,-0.000121,1,1,0,0,0,0.136027
11.309579958916318,33,11,0.1403,0.136027,1,1,0,0,0,0.12582
11.435400344531566,34,12,0.1403,0.12582,1,1,0,0,0,0.26691
11.702310187296476,35,13,0.1403,0.26691,1,1,0,0,0,0.247957
11.95026672439313,36,14,0.1403,0.247957,1,1,0,0,0,0.145648
12.095914944604532,37,15,0.1403,0.145648,1,1,0,0,0,0.124215
12.220129657619067,38,16,0.1403,0.124215,1,1,0,0,0,0.164051
12.384180768303949,39,17,0.1403,0.164051,1,1,0,0,0,-0.134371
12.249809813734622,40,18,0.1403,-0.134371,1,1,0,0,0,0.048788
12.29859819658332,41,19,0.1403,0.048788,1,1,0,0,0,-0.041285
12.25731316664544,42,20,0.1403,-0.041285,1,1,0,0,0,0.016904
12.274217584133892,43,21,0.1403,0.016904,1,1,0,0,0,0.673014
14.019487312424868,23,1,0.142,0.0,1,1,0,0,1,-0.050781
13.968706380090472,24,2,0.142,-0.050781,0,1,0,0,1,0.102817
14.07152294247932,25,3,0.142,0.102817,2,1,0,0,1,0.082308
14.153831240088136,26,4,0.142,0.082308,4,1,0,0,1,0.367621
14.521452254356824,27,5,0.142,0.367621,6,1,0,0,1,0.15236
14.673812496521382,28,6,0.142,0.15236,8,1,0,0,1,0.08257
14.75638290934544,29,7,0.142,0.08257,10,1,0,0,1,-0.072473
14.683910292170715,30,8,0.142,-0.072473,12,1,0,0,1,0.122601
14.80651092934205,31,9,0.142,0.122601,14,1,0,0,1,0.213036
15.019547428720896,32,10,0.142,0.213036,16,1,0,0,1,0.26283
15.282377507311107,33,11,0.142,0.26283,18,1,0,0,1,0.267642
15.550019131051476,34,12,0.142,0.267642,0,1,0,0,1,-0.064346
15.485672712963337,35,13,0.142,-0.064346,2,1,0,0,1,0.202762
15.688434605809398,36,14,0.142,0.202762,4,1,0,0,1,0.122987
15.811421267833026,37,15,0.142,0.122987,6,1,0,0,1,0.076216
15.88763737494373,38,16,0.142,0.076216,8,1,0,0,1,-0.129339
13.121992768094653,22,0,0.4499,0.0,1,1,0,0,1,0.31045
13.432442933400738,23,1,0.4499,0.31045,3,1,0,0,1,0.517334
13.949776852382794,24,2,0.4499,0.517334,5,1,0,0,1,0.422634
14.372411123907602,25,3,0.4499,0.422634,7,1,0,0,1,-0.038345
14.334065789977249,26,4,0.4499,-0.038345,9,1,0,0,1,0.105741
14.439807220144735,27,5,0.4499,0.105741,11,1,0,0,1,-0.184461
14.255346068525238,28,6,0.4499,-0.184461,13,1,0,0,1,0.387605
14.64295101189978,29,7,0.4499,0.387605,15,1,0,0,1,0.240718
14.883668555125306,30,8,0.4499,0.240718,17,1,0,0,1,0.131684
15.01535253326345,31,9,0.4499,0.131684,0,1,0,0,1,0.428794
15.44414643450492,32,10,0.4499,0.428794,2,1,0,0,1,-0.060772
15.38337483856759,33,11,0.4499,-0.060772,4,1,0,0,1,-0.012738
15.370636562656571,34,12,0.4499,-0.012738,6,1,0,0,1,0.163198
15.533834966179509,35,13,0.4499,0.163198,0,1,0,0,1,0.045145
15.578979622102128,36,14,0.4499,0.045145,2,1,0,0,1,0.850169
16.429149088936455,37,15,0.4499,0.850169,0,1,0,0,1,-0.112576
13.617117604210565,33,11,0.3579,0.0,1,1,0,0,1,0.087293
13.704410846535849,34,12,0.3579,0.087293,3,1,0,0,1,0.049425
13.753835681109491,35,13,0.3579,0.049425,5,1,0,0,1,0.147872
13.901708055328164,36,14,0.3579,0.147872,7,1,0,0,1,0.133096
14.03480451475106,37,15,0.3579,0.133096,9,1,0,0,1,0.422438
14.457242670413223,38,16,0.3579,0.422438,0,1,0,0,1,0.437862
14.89510480933066,39,17,0.3579,0.437862,0,1,0,0,1,0.126234
15.02133866081276,40,18,0.3579,0.126234,2,1,0,0,1,0.122419
15.143757822289551,41,19,0.3579,0.122419,4,1,0,0,1,0.190792
15.334550227007366,42,20,0.3579,0.190792,6,1,0,0,1,-0.302528
15.03202264462786,43,21,0.3579,-0.302528,8,1,0,0,1,-0.109647
14.922376067184025,44,22,0.3579,-0.109647,10,1,0,0,1,0.131851
15.054227054609028,45,23,0.3579,0.131851,0,1,0,0,1,0.002818
15.0570452424007,46,24,0.3579,0.002818,2,1,0,0,1,0.250826
15.3078714874235,47,25,0.3579,0.250826,4,1,0,0,1,-0.022623
15.285248644256724,48,26,0.3579,-0.022623,6,1,0,0,1,0.159861
11.816562245659082,24,2,0.1861,0.0,1,1,0,0,0,0.11834
11.934902590197437,25,3,0.1861,0.11834,3,1,0,0,0,-0.1478
11.787102963837006,26,4,0.1861,-0.1478,5,1,0,0,0,-0.197375
11.589728073275653,27,5,0.1861,-0.197375,0,1,0,0,0,-0.310086
11.279641681651784,28,6,0.1861,-0.310086,0,1,0,0,0,0.191159
11.470801132653223,29,7,0.1861,0.191159,2,1,0,0,0,0.253792
11.724592889106352,30,8,0.1861,0.253792,4,1,0,0,0,0.194001
11.91859392204448,31,9,0.1861,0.194001,6,1,0,0,0,0.166473
12.085067047344468,32,10,0.1861,0.166473,8,1,0,0,0,-0.251134
11.83393273967113,33,11,0.1861,-0.251134,0,1,0,0,0,0.047675
11.881608046516833,34,12,0.1861,0.047675,2,1,0,0,0,0.005839
11.887446801364407,35,13,0.1861,0.005839,4,1,0,0,0,0.012522
11.89996889000383,36,14,0.1861,0.012522,6,1,0,0,0,0.287597
12.187566313185501,37,15,0.1861,0.287597,8,1,0,0,0,0.145398
12.332963911904502,38,16,0.1861,0.145398,10,1,0,0,0,0.051579
12.384542898324899,39,17,0.1861,0.051579,12,1,0,0,0,0.0742
13.133899002846126,25,3,0.0,0.0,1,1,0,0,1,-0.066127
13.067772251964058,26,4,0.0,-0.066127,3,1,0,0,1,0.098941
13.166713410872982,27,5,0.0,0.098941,5,1,0,0,1,0.037684
13.20439704618276,28,6,0.0,0.037684,7,1,0,0,1,0.214548
13.418945495851679,29,7,0.0,0.214548,9,1,0,0,1,-0.027281
13.39166439819279,30,8,0.0,-0.027281,11,1,0,0,1,-0.0369
13.354764307234662,31,9,0.0,-0.0369,13,1,0,0,1,0.09237
13.447134557818629,32,10,0.0,0.09237,15,1,0,0,1,0.035493
13.482627314977833,33,11,0.0,0.035493,17,1,0,0,1,0.116282
13.598909527486466,34,12,0.0,0.116282,19,1,0,0,1,0.599016
14.19792541269677,35,13,0.0,0.599016,0,1,0,0,1,0.232171
14.430096717098722,36,14,0.0,0.232171,2,1,0,0,1,0.093427
14.523523277024545,37,15,0.0,0.093427,4,1,0,0,1,0.237332
14.76085520407913,38,16,0.0,0.237332,0,1,0,0,1,0.163591
14.924446338071952,39,17,0.0,0.163591,2,1,0,0,1,0.011916
14.93636190569999,40,18,0.0,0.011916,4,1,0,0,1,0.220313
12.449340726475864,23,1,0.0885,0.0,1,1,0,0,0,0.318901
12.768241900991715,24,2,0.0885,0.318901,0,1,0,0,0,0.040767
12.809008477446046,25,3,0.0885,0.040767,2,1,0,0,0,0.153217
12.962225568934029,26,4,0.0885,0.153217,4,1,0,0,0,0.179253
13.141478544798016,27,5,0.0885,0.179253,6,1,0,0,0,0.085354
13.226832211347071,28,6,0.0885,0.085354,8,1,0,0,0,-0.037613
13.189218803668023,29,7,0.0885,-0.037613,10,1,0,0,0,0.090117
13.279335965134376,30,8,0.0885,0.090117,12,1,0,0,0,0.013932
13.293268198936635,31,9,0.0885,0.013932,14,1,0,0,0,0.015452
13.308720310731342,32,10,0.0885,0.015452,16,1,0,0,0,-0.097496
13.2112242911396,33,11,0.0885,-0.097496,18,1,0,0,0,0.06084
13.272064179205998,34,12,0.0885,0.06084,20,1,0,0,0,-0.022266
13.249797715201066,35,13,0.0885,-0.022266,22,1,0,0,0,0.083488
13.333285527130107,36,14,0.0885,0.083488,24,1,0,0,0,0.197139
13.53042429706056,37,15,0.0885,0.197139,26,1,0,0,0,0.170915
13.701338995497297,38,16,0.0885,0.170915,28,1,0,0,0,0.172638
13.79691234122526,25,3,0.4407,0.0,1,1,0,0,1,-0.20609
13.590822367471954,26,4,0.4407,-0.20609,3,1,0,0,1,0.125203
13.716025565021859,27,5,0.4407,0.125203,5,1,0,0,1,-0.149494
13.566531276499049,28,6,0.4407,-0.149494,7,1,0,0,1,0.375348
13.941879130872845,29,7,0.4407,0.375348,0,1,0,0,1,0.040701
13.982580468335598,30,8,0.4407,0.040701,2,1,0,0,1,-0.037989
13.944591867250008,31,9,0.4407,-0.037989,4,1,0,0,1,0.3077
14.252291769576042,32,10,0.4407,0.3077,6,1,0,0,1,0.318658
14.570949301233329,33,11,0.4407,0.318658,8,1,0,0,1,0.064417
14.635365903474376,34,12,0.4407,0.064417,10,1,0,0,1,0.252876
14.88824140782145,35,13,0.4407,0.252876,12,1,0,0,1,-0.118249
14.769992898592296,36,14,0.4407,-0.118249,14,1,0,0,1,0.212952
14.982945282994093,37,15,0.4407,0.212952,0,1,0,0,1,0.031868
15.01481315080073,38,16,0.4407,0.031868,2,1,0,0,1,-0.236989
14.777823689579206,39,17,0.4407,-0.236989,0,1,0,0,1,0.011837
14.789660476764297,40,18,0.4407,0.011837,2,1,0,0,1,0.218997
12.09075918442279,26,4,0.2398,0.0,1,1,0,0,0,0.291055
12.381814550072312,27,5,0.2398,0.291055,0,1,0,0,0,-0.223297
12.15851764104721,28,6,0.2398,-0.223297,0,1,0,0,0,0.09007
12.248587299813497,29,7,0.2398,0.09007,0,1,0,0,0,-0.142667
12.105920044692285,30,8,0.2398,-0.142667,2,1,0,0,0,0.237037
12.342956902335018,31,9,0.2398,0.237037,0,1,0,0,0,-0.075503
12.267453767680674,32,10,0.2398,-0.075503,2,1,0,0,0,0.140976
12.408429495545613,33,11,0.2398,0.140976,4,1,0,0,0,0.124197
12.532626630828817,34,12,0.2398,0.124197,6,1,0,0,0,0.000756
12.533382943301254,35,13,0.2398,0.000756,8,1,0,0,0,0.174503
12.707885713579772,36,14,0.2398,0.174503,10,1,0,0,0,-0.161729
12.546156722053487,37,15,0.2398,-0.161729,12,1,0,0,0,-0.060548
12.485608400981382,38,16,0.2398,-0.060548,14,1,0,0,0,-0.014668
12.47094083762622,39,17,0.2398,-0.014668,16,1,0,0,0,0.166422
12.637362719744745,40,18,0.2398,0.166422,18,1,0,0,0,-0.10173
12.535633016182219,41,19,0.2398,-0.10173,20,1,0,0,0,-0.022023
12.471742831890992,22,0,0.3081,0.0,1,1,0,0,0,0.192392
12.664134413649029,23,1,0.3081,0.192392,3,1,0,0,0,0.318785
12.982918984474331,24,2,0.3081,0.318785,5,1,0,0,0,0.074842
13.057761220811317,25,3,0.3081,0.074842,7,1,0,0,0,-0.026577
13.031183842172254,26,4,0.3081,-0.026577,9,1,0,0,0,0.086356
13.117539850950187,27,5,0.3081,0.086356,11,1,0,0,0,-0.169408
12.948131840178695,28,6,0.3081,-0.169408,13,1,0,0,0,0.056698
13.004829365340301,29,7,0.3081,0.056698,15,1,0,0,0,0.119809
13.124637888113934,30,8,0.3081,0.119809,17,1,0,0,0,0.122514
13.24715188420608,31,9,0.3081,0.122514,19,1,0,0,0,0.08238
13.329532064908788,32,10,0.3081,0.08238,21,1,0,0,0,0.017137
13.346669310778804,33,11,0.3081,0.017137,23,1,0,0,0,0.181325
13.527993991244731,34,12,0.3081,0.181325,0,1,0,0,0,-0.091205
13.436788627227289,35,13,0.3081,-0.091205,2,1,0,0,0,-0.047862
13.38892615529292,36,14,0.3081,-0.047862,4,1,0,0,0,-0.007724
13.38120262516635,37,15,0.3081,-0.007724,6,1,0,0,0,0.138505
11.571628516134476,34,12,0.0314,0.0,1,1,0,0,1,0.118167
11.689795047018418,35,13,0.0314,0.118167,1,1,0,0,1,0.144403
11.834198106621539,36,14,0.0314,0.144403,1,1,0,0,1,-0.076366
11.757832351290402,37,15,0.0314,-0.076366,1,1,0,0,1,-0.011225
11.746607763321133,38,16,0.0314,-0.011225,1,1,0,0,1,0.146991
11.893598936068116,39,17,0.0314,0.146991,1,1,0,0,1,-0.054172
11.83942734084263,40,18,0.0314,-0.054172,1,1,0,0,1,0.015463
11.854890070320966,41,19,0.0314,0.015463,1,1,0,0,1,0.40995
12.264840256069224,42,20,0.0314,0.40995,0,1,0,0,1,-0.030379
12.2344612586081,43,21,0.0314,-0.030379,1,1,0,0,1,-0.08098
12.153481540506442,44,22,0.0314,-0.08098,1,1,0,0,1,-0.199583
11.953898391995201,45,23,0.0314,-0.199583,1,1,0,0,1,-0.006115
11.947783768802767,46,24,0.0314,-0.006115,1,1,0,0,1,0.038157
11.985940347921954,47,25,0.0314,0.038157,1,1,0,0,1,0.206176
12.192116825733892,48,26,0.0314,0.206176,0,1,0,0,1,0.100115
12.29223143519852,49,27,0.0314,0.100115,1,1,0,0,1,0.134499
14.36653554975035,30,8,0.5639,0.0,1,0,0,1,0,-0.17157
14.194966039309946,31,9,0.5639,-0.17157,3,0,0,1,0,0.253622
14.448588131064419,32,10,0.5639,0.253622,0,0,0,1,0,-0.034393
14.414195119755924,33,11,0.5639,-0.034393,2,0,0,1,0,-0.40676
14.007435290602281,34,12,0.5639,-0.40676,4,0,0,1,0,0.255207
14.262642076034435,35,13,0.5639,0.255207,0,0,0,1,0,0.192791
14.455433209298253,36,14,0.5639,0.192791,2,0,0,1,0,0.536626
14.992058812927553,37,15,0.5639,0.536626,4,0,0,1,0,0.343506
15.335564798950285,38,16,0.5639,0.343506,6,0,0,1,0,-0.361766
14.97379875077865,39,17,0.5639,-0.361766,8,0,0,1,0,-0.237173
14.736625614352569,40,18,0.5639,-0.237173,10,0,0,1,0,0.334743
15.071368685316047,41,19,0.5639,0.334743,0,0,0,1,0,0.37175
15.443118252277332,42,20,0.5639,0.37175,2,0,0,1,0,-0.11921
15.323908001822227,43,21,0.5639,-0.11921,4,0,0,1,0,-0.597042
14.726866382085985,44,22,0.5639,-0.597042,6,0,0,1,0,-0.558613
14.168253528164692,45,23,0.5639,-0.558613,8,0,0,1,0,-0.95306
11.947174323696071,22,0,0.3804,0.0,1,1,0,0,0,0.095465
12.042639107030524,23,1,0.3804,0.095465,3,1,0,0,0,0.063631
12.106269611491742,24,2,0.3804,0.063631,5,1,0,0,0,0.205695
12.311964209042927,25,3,0.3804,0.205695,7,1,0,0,0,0.205271
12.517234866326516,26,4,0.3804,0.205271,9,1,0,0,0,0.284675
12.80190937118803,27,5,0.3804,0.284675,0,1,0,0,0,0.067591
12.869500775599283,28,6,0.3804,0.067591,2,1,0,0,0,0.006705
12.87620607406648,29,7,0.3804,0.006705,4,1,0,0,0,-0.001384
12.874822492214356,30,8,0.3804,-0.001384,6,1,0,0,0,0.145551
13.020373024850867,31,9,0.3804,0.145551,0,1,0,0,0,-0.073591
12.946781799012607,32,10,0.3804,-0.073591,2,1,0,0,0,-0.308324
12.638458165132528,33,11,0.3804,-0.308324,4,1,0,0,0,0.291185
12.929642771375422,34,12,0.3804,0.291185,6,1,0,0,0,0.32376
13.253402705659939,35,13,0.3804,0.32376,8,1,0,0,0,0.168085
13.421487842129027,36,14,0.3804,0.168085,10,1,0,0,0,-0.037654
13.383833493909183,37,15,0.3804,-0.037654,0,1,0,0,0,0.143655
13.254521757397832,22,0,0.2627,0.0,1,1,0,0,0,0.255843
13.51036427253321,23,1,0.2627,0.255843,3,1,0,0,0,0.048092
13.55845596293097,24,2,0.2627,0.048092,5,1,0,0,0,0.222402
13.780857820360202,25,3,0.2627,0.222402,7,1,0,0,0,0.217029
13.997886751403952,26,4,0.2627,0.217029,9,1,0,0,0,0.101377
14.099263357136234,27,5,0.2627,0.101377,11,1,0,0,0,0.24493
14.34419310812941,28,6,0.2627,0.24493,0,1,0,0,0,0.32677
14.670962648034333,29,7,0.2627,0.32677,0,1,0,0,0,0.170895
14.841857768317425,30,8,0.2627,0.170895,2,1,0,0,0,-0.141021
14.700837067002334,31,9,0.2627,-0.141021,4,1,0,0,0,-0.058948
14.641888791213791,32,10,0.2627,-0.058948,6,1,0,0,0,-0.169271
14.472617937209492,33,11,0.2627,-0.169271,8,1,0,0,0,0.221297
14.69391459836554,34,12,0.2627,0.221297,0,1,0,0,0,-0.212816
14.481098494203572,35,13,0.2627,-0.212816,2,1,0,0,0,0.153169
14.63426718393669,36,14,0.2627,0.153169,4,1,0,0,0,0.149792
14.784058786893857,37,15,0.2627,0.149792,6,1,0,0,0,0.050811
11.002099841204238,23,1,0.9978,0.0,1,0,1,0,1,0.0
11.002099841204238,24,2,0.9978,0.0,3,0,1,0,1,0.0
11.002099841204238,25,3,0.9978,0.0,5,0,1,0,1,0.0
11.002099841204238,26,4,0.9978,0.0,7,0,1,0,1,0.0
11.002099841204238,27,5,0.9978,0.0,9,0,1,0,1,0.0
11.002099841204238,28,6,0.9978,0.0,11,0,1,0,1,0.193625
11.195725193265128,29,7,0.9978,0.193625,13,0,1,0,1,-0.058113
11.13761173265585,30,8,0.9978,-0.058113,15,0,1,0,1,0.167088
11.304699456346496,31,9,0.9978,0.167088,17,0,1,0,1,0.494874
11.799573777905266,32,10,0.9978,0.494874,19,0,1,0,1,0.234095
12.03366922796329,33,11,0.9978,0.234095,21,0,1,0,1,0.422311
12.455980621926491,34,12,0.9978,0.422311,23,0,1,0,1,-0.380962
12.075018984923675,35,13,0.9978,-0.380962,0,0,1,0,1,-0.557951
11.51706843045711,36,14,0.9978,-0.557951,2,0,1,0,1,-0.514969
11.002099841204238,37,15,0.9978,-0.514969,4,0,1,0,1,0.306911
11.3090108331574,38,16,0.9978,0.306911,6,0,1,0,1,0.527715
13.192109723571082,32,10,0.4086,0.0,1,1,0,0,0,-0.21762
12.974489345744688,33,11,0.4086,-0.21762,1,1,0,0,0,-0.297067
12.677422790662085,34,12,0.4086,-0.297067,1,1,0,0,0,0.21096
12.88838302039676,35,13,0.4086,0.21096,1,1,0,0,0,0.309569
13.197951972096314,36,14,0.4086,0.309569,1,1,0,0,0,0.19683
13.394781683188615,37,15,0.4086,0.19683,0,1,0,0,0,-0.004748
13.39003380414506,38,16,0.4086,-0.004748,1,1,0,0,0,0.345721
13.735754530402385,39,17,0.4086,0.345721,1,1,0,0,0,0.680063
14.41581758876025,40,18,0.4086,0.680063,0,1,0,0,0,0.206276
14.622093397737375,41,19,0.4086,0.206276,1,1,0,0,0,-0.641652
13.98044126044757,42,20,0.4086,-0.641652,0,1,0,0,0,-0.175364
13.805077185243492,43,21,0.4086,-0.175364,1,1,0,0,0,0.135962
13.941039279500153,44,22,0.4086,0.135962,1,1,0,0,0,-0.028661
13.912378363567493,45,23,0.4086,-0.028661,1,1,0,0,0,0.189631
14.102009350215333,46,24,0.4086,0.189631,1,1,0,0,0,0.145053
14.247062691813209,47,25,0.4086,0.145053,1,1,0,0,0,0.448228
11.002099841204238,23,1,0.0,0.0,1,1,0,0,1,0.0
11.002099841204238,24,2,0.0,0.0,3,1,0,0,1,0.0
11.002099841204238,25,3,0.0,0.0,5,1,0,0,1,0.0
11.002099841204238,26,4,0.0,0.0,7,1,0,0,1,0.0
11.002099841204238,27,5,0.0,0.0,9,1,0,0,1,0.0
11.002099841204238,28,6,0.0,0.0,11,1,0,0,1,0.0
11.002099841204238,29,7,0.0,0.0,13,1,0,0,1,0.21605
11.218149360519181,30,8,0.0,0.21605,0,1,0,0,1,0.180281
11.398430258766027,31,9,0.0,0.180281,2,1,0,0,1,0.255443
11.653872952382551,32,10,0.0,0.255443,4,1,0,0,1,0.09651
11.750383439281807,33,11,0.0,0.09651,6,1,0,0,1,0.09768
11.84806326723781,34,12,0.0,0.09768,0,1,0,0,1,-0.057499
11.790564476294676,35,13,0.0,-0.057499,2,1,0,0,1,0.67964
12.470204537607504,36,14,0.0,0.67964,0,1,0,0,1,0.209988
12.680192715793385,37,15,0.0,0.209988,2,1,0,0,1,0.104969
12.785161989391776,38,16,0.0,0.104969,4,1,0,0,1,0.158783
11.154928950275437,32,10,0.3996,0.0,1,1,0,0,1,-0.091321
11.063608382274095,33,11,0.3996,-0.091321,3,1,0,0,1,0.201576
11.26518390062304,34,12,0.3996,0.201576,5,1,0,0,1,-0.153845
11.111339393537792,35,13,0.3996,-0.153845,0,1,0,0,1,0.087903
11.199242080878742,36,14,0.3996,0.087903,2,1,0,0,1,0.072932
11.272173774724545,37,15,0.3996,0.072932,4,1,0,0,1,-0.270074
11.002099841204238,38,16,0.3996,-0.270074,0,1,0,0,1,0.0
11.002099841204238,39,17,0.3996,0.0,2,1,0,0,1,0.0
11.002099841204238,40,18,0.3996,0.0,4,1,0,0,1,0.213107
11.215206857743716,41,19,0.3996,0.213107,6,1,0,0,1,0.177968
11.39317475174075,42,20,0.3996,0.177968,8,1,0,0,1,0.050771
11.44394589241327,43,21,0.3996,0.050771,10,1,0,0,1,0.597847
12.041793236292756,44,22,0.3996,0.597847,0,1,0,0,1,0.015834
12.057627540094915,45,23,0.3996,0.015834,2,1,0,0,1,0.604211
12.661838423023456,46,24,0.3996,0.604211,0,1,0,0,1,0.629999
13.291836949329886,47,25,0.3996,0.629999,2,1,0,0,1,0.221307
13.099114193354742,32,10,0.3369,0.0,1,1,0,0,0,-0.176716
12.922398342456875,33,11,0.3369,-0.176716,0,1,0,0,0,-0.011616
12.910782155887528,34,12,0.3369,-0.011616,2,1,0,0,0,-0.022251
12.888531206084675,35,13,0.3369,-0.022251,4,1,0,0,0,0.166525
13.055055999129976,36,14,0.3369,0.166525,6,1,0,0,0,0.039881
13.09493701515091,37,15,0.3369,0.039881,8,1,0,0,0,0.068479
13.16341568902151,38,16,0.3369,0.068479,10,1,0,0,0,0.193471
13.356886393389324,39,17,0.3369,0.193471,12,1,0,0,0,0.182664
13.53955057840162,40,18,0.3369,0.182664,14,1,0,0,0,0.268835
13.808385323408558,41,19,0.3369,0.268835,16,1,0,0,0,0.06058
13.868965800792237,42,20,0.3369,0.06058,0,1,0,0,0,0.165403
14.034369077662198,43,21,0.3369,0.165403,2,1,0,0,0,-0.049392
13.984976850735588,44,22,0.3369,-0.049392,4,1,0,0,0,-0.046791
13.938186240677307,45,23,0.3369,-0.046791,6,1,0,0,0,-0.235865
13.70232112767407,46,24,0.3369,-0.235865,8,1,0,0,0,0.046921
13.74924197867819,47,25,0.3369,0.046921,0,1,0,0,0,0.099742
11.456170216035622,33,11,0.7213,0.0,1,0,1,0,1,0.615556
12.071725750929284,34,12,0.7213,0.615556,3,0,1,0,1,0.115886
12.187611254359597,35,13,0.7213,0.115886,5,0,1,0,1,0.225898
12.413509435341414,36,14,0.7213,0.225898,7,0,1,0,1,-0.194766
12.218743729170624,37,15,0.7213,-0.194766,9,0,1,0,1,-0.354227
11.864517047529672,38,16,0.7213,-0.354227,11,0,1,0,1,0.850094
12.7146108804465,39,17,0.7213,0.850094,13,0,1,0,1,-0.089271
12.62533997800693,40,18,0.7213,-0.089271,15,0,1,0,1,-0.136642
12.488697577811958,41,19,0.7213,-0.136642,0,0,1,0,1,-0.36916
12.119537194560657,42,20,0.7213,-0.36916,2,0,1,0,1,0.51294
12.632477551141154,43,21,0.7213,0.51294,4,0,1,0,1,0.04824
12.680717140105507,44,22,0.7213,0.04824,6,0,1,0,1,-0.41866
12.26205749076746,45,23,0.7213,-0.41866,8,0,1,0,1,0.190472
12.452529295025187,46,24,0.7213,0.190472,10,0,1,0,1,0.538557
12.99108606296669,47,25,0.7213,0.538557,12,0,1,0,1,0.139504
13.13059041237695,48,26,0.7213,0.139504,0,0,1,0,1,-0.049605
14.451580425103877,26,4,1.0,0.0,1,0,0,1,0,0.133327
14.584907412080014,27,5,1.0,0.133327,3,0,0,1,0,1.376177
15.961084102535173,28,6,1.0,1.376177,5,0,0,1,0,0.529418
16.490501705368207,29,7,1.0,0.529418,7,0,0,1,0,0.279965
16.770466871463398,30,8,1.0,0.279965,9,0,0,1,0,0.239832
17.010298953346545,31,9,1.0,0.239832,11,0,0,1,0,-1.183018
15.827281340155794,32,10,1.0,-1.183018,13,0,0,1,0,-1.437169
14.390112306652679,33,11,1.0,-1.437169,15,0,0,1,0,-1.056144
13.333968477911695,34,12,1.0,-1.056144,17,0,0,1,0,-0.474555
12.859413892522532,35,13,1.0,-0.474555,19,0,0,1,0,-0.056003
12.803411108632046,36,14,1.0,-0.056003,21,0,0,1,0,-0.327079
12.476331687647477,37,15,1.0,-0.327079,23,0,0,1,0,-0.150482
12.325849686989878,38,16,1.0,-0.150482,25,0,0,1,0,-0.063544
12.262305794601808,39,17,1.0,-0.063544,27,0,0,1,0,-1.260206
11.002099841204238,40,18,1.0,-1.260206,29,0,0,1,0,0.0
11.002099841204238,41,19,1.0,0.0,31,0,0,1,0,0.0
11.484230954234565,22,0,0.0,0.0,1,1,0,0,0,0.638043
12.122274426113789,23,1,0.0,0.638043,0,1,0,0,0,0.061754
12.184027969672343,24,2,0.0,0.061754,2,1,0,0,0,0.106515
12.290542472230772,25,3,0.0,0.106515,4,1,0,0,0,0.050376
12.340918454188353,26,4,0.0,0.050376,6,1,0,0,0,0.193696
12.534614663509966,27,5,0.0,0.193696,0,1,0,0,0,0.041613
12.576227188494874,28,6,0.0,0.041613,2,1,0,0,0,-0.024466
12.551761433751631,29,7,0.0,-0.024466,4,1,0,0,0,0.317325
12.869086332846353,30,8,0.0,0.317325,6,1,0,0,0,0.068828
12.937914732705183,31,9,0.0,0.068828,8,1,0,0,0,-0.094057
12.843857930661995,32,10,0.0,-0.094057,0,1,0,0,0,-0.085708
12.758149719845552,33,11,0.0,-0.085708,2,1,0,0,0,-0.104964
12.653185496772542,34,12,0.0,-0.104964,4,1,0,0,0,0.134649
12.78783454230168,35,13,0.0,0.134649,6,1,0,0,0,0.251963
13.039797835275937,36,14,0.0,0.251963,8,1,0,0,0,-0.013133
13.02666482154043,37,15,0.0,-0.013133,10,1,0,0,0,0.117176
13.112608423054597,29,7,0.5724,0.0,1,0,1,0,1,-0.425607
12.687001880792753,30,8,0.5724,-0.425607,3,0,1,0,1,0.013583
12.700585219529266,31,9,0.5724,0.013583,5,0,1,0,1,-0.26146
12.439125143893214,32,10,0.5724,-0.26146,7,0,1,0,1,-0.269151
12.16997410547634,33,11,0.5724,-0.269151,0,0,1,0,1,-0.145144
12.024829895766693,34,12,0.5724,-0.145144,2,0,1,0,1,-0.095137
11.92969309136078,35,13,0.5724,-0.095137,4,0,1,0,1,-0.472409
11.457283922861894,36,14,0.5724,-0.472409,6,0,1,0,1,0.016702
11.473985974779527,37,15,0.5724,0.016702,8,0,1,0,1,0.244418
11.71840432679579,38,16,0.5724,0.244418,10,0,1,0,1,0.299878
12.018282737549512,39,17,0.5724,0.299878,12,0,1,0,1,-0.036562
11.981720735767153,40,18,0.5724,-0.036562,14,0,1,0,1,0.283286
12.265006928083585,41,19,0.5724,0.283286,16,0,1,0,1,0.647638
12.91264502712284,42,20,0.5724,0.647638,18,0,1,0,1,0.452483
13.365127832413082,43,21,0.5724,0.452483,20,0,1,0,1,-0.121261
13.243866907255853,44,22,0.5724,-0.121261,22,0,1,0,1,0.450397
11.002099841204238,23,1,0.418,0.0,1,0,0,1,1,0.410274
11.41237433504844,24,2,0.418,0.410274,1,0,0,1,1,0.570244
11.982618050346206,25,3,0.418,0.570244,1,0,0,1,1,0.822514
12.805131693690575,26,4,0.418,0.822514,1,0,0,1,1,0.683321
13.488452612134399,27,5,0.418,0.683321,1,0,0,1,1,-0.120468
13.367984487184858,28,6,0.418,-0.120468,1,0,0,1,1,0.331034
13.699018685630076,29,7,0.418,0.331034,1,0,0,1,1,-0.11937
13.57964856261874,30,8,0.418,-0.11937,1,0,0,1,1,0.231179
13.810827773283947,31,9,0.418,0.231179,1,0,0,1,1,-0.256884
13.553943718022412,32,10,0.418,-0.256884,1,0,0,1,1,-0.174328
13.379615940821234,33,11,0.418,-0.174328,0,0,0,1,1,-0.722361
12.65725527205153,34,12,0.418,-0.722361,1,0,0,1,1,-1.136969
11.520286523963286,35,13,0.418,-1.136969,1,0,0,1,1,-0.305298
11.214988818037138,36,14,0.418,-0.305298,0,0,0,1,1,-0.1357
11.079289271337519,37,15,0.418,-0.1357,1,0,0,1,1,-0.050595
11.02869472965101,38,16,0.418,-0.050595,0,0,0,1,1,-0.026595
16.4458253929506,26,4,0.6146,0.0,1,1,0,0,0,0.061194
16.507019446550174,27,5,0.6146,0.061194,1,1,0,0,0,0.00668
16.513699257522756,28,6,0.6146,0.00668,0,1,0,0,0,-0.203731
16.309968450222954,29,7,0.6146,-0.203731,0,1,0,0,0,-0.496027
15.813940971925945,30,8,0.6146,-0.496027,1,1,0,0,0,-0.060383
15.753557560226957,31,9,0.6146,-0.060383,0,1,0,0,0,-0.164212
15.589345769153711,32,10,0.6146,-0.164212,0,1,0,0,0,0.062365
15.651710374104356,33,11,0.6146,0.062365,0,1,0,0,0,-0.220229
15.431481460416906,34,12,0.6146,-0.220229,1,1,0,0,0,0.115587
15.547068871981281,35,13,0.6146,0.115587,1,1,0,0,0,0.380449
15.92751802784204,36,14,0.6146,0.380449,1,1,0,0,0,0.271276
16.19879380654153,37,15,0.6146,0.271276,1,1,0,0,0,-0.150743
16.048050551257695,38,16,0.6146,-0.150743,1,1,0,0,0,0.190419
16.238469529981398,39,17,0.6146,0.190419,1,1,0,0,0,0.050064
16.28853341000753,40,18,0.6146,0.050064,1,1,0,0,0,0.107731
16.39626432120519,41,19,0.6146,0.107731,1,1,0,0,0,-0.116715
11.002099841204238,28,6,0.3189,0.0,1,1,0,0,0,0.0
11.002099841204238,29,7,0.3189,0.0,1,1,0,0,0,0.0
11.002099841204238,30,8,0.3189,0.0,1,1,0,0,0,0.0
11.002099841204238,31,9,0.3189,0.0,1,1,0,0,0,0.0
11.002099841204238,32,10,0.3189,0.0,1,1,0,0,0,0.058524
11.060623891228504,33,11,0.3189,0.058524,1,1,0,0,0,-0.007641
11.052982869801967,34,12,0.3189,-0.007641,1,1,0,0,0,-0.050883
11.002099841204238,35,13,0.3189,-0.050883,1,1,0,0,0,0.03302
11.035119558197975,36,14,0.3189,0.03302,1,1,0,0,0,0.327607
11.36272641618974,37,15,0.3189,0.327607,1,1,0,0,0,0.003247
11.365973806551938,38,16,0.3189,0.003247,1,1,0,0,0,0.141433
11.507406870691849,39,17,0.3189,0.141433,1,1,0,0,0,0.397756
11.905162585402074,40,18,0.3189,0.397756,1,1,0,0,0,0.132511
12.03767341463775,41,19,0.3189,0.132511,1,1,0,0,0,0.098879
12.136552554594434,42,20,0.3189,0.098879,1,1,0,0,0,0.323185
12.459737722618975,43,21,0.3189,0.323185,1,1,0,0,0,0.152052
12.004754303869026,32,10,0.8342,0.0,1,0,1,0,1,-0.30426
11.700494570634552,33,11,0.8342,-0.30426,1,0,1,0,1,-0.647616
11.052878616365621,34,12,0.8342,-0.647616,1,0,1,0,1,-0.046005
11.00687380613029,35,13,0.8342,-0.046005,1,0,1,0,1,1.003216
12.010089812275815,36,14,0.8342,1.003216,1,0,1,0,1,1.033647
13.043736605628949,37,15,0.8342,1.033647,1,0,1,0,1,0.813185
13.8569214667895,38,16,0.8342,0.813185,1,0,1,0,1,-0.106493
13.750428480964583,39,17,0.8342,-0.106493,1,0,1,0,1,-0.309324
13.441104157029882,40,18,0.8342,-0.309324,1,0,1,0,1,0.001147
13.442250797538263,41,19,0.8342,0.001147,1,0,1,0,1,0.595057
14.037307535177844,42,20,0.8342,0.595057,1,0,1,0,1,1.372007
15.40931429178321,43,21,0.8342,1.372007,0,0,1,0,1,0.231562
15.64087663280664,44,22,0.8342,0.231562,1,0,1,0,1,-0.259578
15.381299101076696,45,23,0.8342,-0.259578,1,0,1,0,1,-0.266536
15.114762805838852,46,24,0.8342,-0.266536,1,0,1,0,1,-0.077248
15.037514696390962,47,25,0.8342,-0.077248,1,0,1,0,1,-0.076047
13.254372719141948,33,11,0.0,0.0,1,1,0,0,0,0.139089
13.39346205626507,34,12,0.0,0.139089,3,1,0,0,0,0.232336
13.62579807883654,35,13,0.0,0.232336,5,1,0,0,0,0.161607
13.787405308340347,36,14,0.0,0.161607,7,1,0,0,0,-0.145617
13.641788099426229,37,15,0.0,-0.145617,9,1,0,0,0,-0.168842
13.47294578583464,38,16,0.0,-0.168842,11,1,0,0,0,-0.092968
13.379977328394787,39,17,0.0,-0.092968,13,1,0,0,0,-0.005176
13.374801743028337,40,18,0.0,-0.005176,15,1,0,0,0,0.265094
13.639895877737672,41,19,0.0,0.265094,17,1,0,0,0,0.10786
13.74775637717134,42,20,0.0,0.10786,19,1,0,0,0,-0.101499
13.646257573116777,43,21,0.0,-0.101499,21,1,0,0,0,-0.002326
13.6439320730596,44,22,0.0,-0.002326,23,1,0,0,0,-0.142432
13.501499989899672,45,23,0.0,-0.142432,25,1,0,0,0,0.194992
13.696492283484956,46,24,0.0,0.194992,27,1,0,0,0,0.200259
13.896751303437357,47,25,0.0,0.200259,29,1,0,0,0,-0.133566
13.763184810538077,48,26,0.0,-0.133566,31,1,0,0,0,0.007037
11.002099841204238,26,4,0.5395,0.0,1,0,1,0,1,0.0
11.002099841204238,27,5,0.5395,0.0,3,0,1,0,1,0.0
11.002099841204238,28,6,0.5395,0.0,5,0,1,0,1,0.0
11.002099841204238,29,7,0.5395,0.0,7,0,1,0,1,0.0
11.002099841204238,30,8,0.5395,0.0,9,0,1,0,1,0.0
11.002099841204238,31,9,0.5395,0.0,11,0,1,0,1,0.0
11.002099841204238,32,10,0.5395,0.0,13,0,1,0,1,0.0
11.002099841204238,33,11,0.5395,0.0,15,0,1,0,1,0.092986
11.095085841959806,34,12,0.5395,0.092986,0,0,1,0,1,0.844089
11.939174656793911,35,13,0.5395,0.844089,0,0,1,0,1,0.201435
12.140610053899533,36,14,0.5395,0.201435,2,0,1,0,1,-0.197455
11.943154830726595,37,15,0.5395,-0.197455,4,0,1,0,1,0.09883
12.04198497235708,38,16,0.5395,0.09883,6,0,1,0,1,0.19651
12.238495364551753,39,17,0.5395,0.19651,8,0,1,0,1,0.364649
12.60314427034737,40,18,0.5395,0.364649,10,0,1,0,1,0.256149
12.859293287041766,41,19,0.5395,0.256149,12,0,1,0,1,0.834159
11.916379380311069,32,10,0.3863,0.0,1,0,0,1,1,0.415241
12.331620659881741,33,11,0.3863,0.415241,3,0,0,1,1,0.256069
12.587689420862493,34,12,0.3863,0.256069,5,0,0,1,1,-0.004881
12.58280837261329,35,13,0.3863,-0.004881,7,0,0,1,1,-0.024874
12.55793433299731,36,14,0.3863,-0.024874,9,0,0,1,1,0.519986
13.077920475956413,37,15,0.3863,0.519986,11,0,0,1,1,0.034801
13.112721353567753,38,16,0.3863,0.034801,13,0,0,1,1,0.446379
13.55910029680268,39,17,0.3863,0.446379,15,0,0,1,1,0.016303
13.575403202048243,40,18,0.3863,0.016303,17,0,0,1,1,-0.53028
13.045123321111031,41,19,0.3863,-0.53028,19,0,0,1,1,-0.174821
12.870302563175507,42,20,0.3863,-0.174821,21,0,0,1,1,0.313822
13.184124806025078,43,21,0.3863,0.313822,0,0,0,1,1,0.066528
13.250652971321502,44,22,0.3863,0.066528,2,0,0,1,1,0.545676
13.796328819080813,45,23,0.3863,0.545676,4,0,0,1,1,0.095638
13.89196646889,46,24,0.3863,0.095638,6,0,0,1,1,0.128494
14.020460662226272,47,25,0.3863,0.128494,8,0,0,1,1,0.342161
11.002099841204238,26,4,0.214,0.0,1,1,0,0,1,0.0
11.002099841204238,27,5,0.214,0.0,3,1,0,0,1,0.0
11.002099841204238,28,6,0.214,0.0,5,1,0,0,1,0.0
11.002099841204238,29,7,0.214,0.0,7,1,0,0,1,0.0
11.002099841204238,30,8,0.214,0.0,9,1,0,0,1,0.0
11.002099841204238,31,9,0.214,0.0,11,1,0,0,1,0.0
11.002099841204238,32,10,0.214,0.0,13,1,0,0,1,0.0
11.002099841204238,33,11,0.214,0.0,0,1,0,0,1,0.049219
11.05131895186496,34,12,0.214,0.049219,2,1,0,0,1,0.097713
11.149031470133954,35,13,0.214,0.097713,4,1,0,0,1,-0.009065
11.13996679835533,36,14,0.214,-0.009065,6,1,0,0,1,0.071747
11.211713508751386,37,15,0.214,0.071747,8,1,0,0,1,0.125748
11.337461594785859,38,16,0.214,0.125748,10,1,0,0,1,-0.177618
11.159843592017886,39,17,0.214,-0.177618,12,1,0,0,1,-0.021035
11.138808941090705,40,18,0.214,-0.021035,14,1,0,0,1,-0.136709
11.002099841204238,41,19,0.214,-0.136709,16,1,0,0,1,0.0
12.362040844919871,29,7,0.1055,0.0,1,1,0,0,1,0.231326
12.593366539418067,30,8,0.1055,0.231326,3,1,0,0,1,0.203527
12.79689375203185,31,9,0.1055,0.203527,5,1,0,0,1,0.213732
13.010626013026867,32,10,0.1055,0.213732,7,1,0,0,1,0.094518
13.10514430534521,33,11,0.1055,0.094518,9,1,0,0,1,0.252753
13.35789722186136,34,12,0.1055,0.252753,11,1,0,0,1,-0.073869
13.284028403679466,35,13,0.1055,-0.073869,13,1,0,0,1,0.165461
13.449489734866013,36,14,0.1055,0.165461,15,1,0,0,1,0.117248
13.566737510044502,37,15,0.1055,0.117248,17,1,0,0,1,0.273202
13.83993950926872,38,16,0.1055,0.273202,19,1,0,0,1,0.138045
13.977984415495671,39,17,0.1055,0.138045,21,1,0,0,1,0.002877
13.980861806010576,40,18,0.1055,0.002877,23,1,0,0,1,-0.085567
13.89529500040508,41,19,0.1055,-0.085567,0,1,0,0,1,0.119134
14.014429442655992,42,20,0.1055,0.119134,2,1,0,0,1,0.12804
14.142469023044859,43,21,0.1055,0.12804,4,1,0,0,1,0.620202
14.762671283269126,44,22,0.1055,0.620202,0,1,0,0,1,-0.068983
13.617738967919134,23,1,0.872,0.0,1,0,1,0,0,-0.110208
13.507530816526398,24,2,0.872,-0.110208,3,0,1,0,0,0.588236
14.09576658939188,25,3,0.872,0.588236,5,0,1,0,0,-0.060782
14.034984823688472,26,4,0.872,-0.060782,7,0,1,0,0,0.159531
14.194515525546013,27,5,0.872,0.159531,9,0,1,0,0,-0.596944
13.59757166497702,28,6,0.872,-0.596944,11,0,1,0,0,-0.409687
13.187885142925795,29,7,0.872,-0.409687,0,0,1,0,0,0.328016
13.51590163793763,30,8,0.872,0.328016,2,0,1,0,0,-0.640887
12.875015098719308,31,9,0.872,-0.640887,4,0,1,0,0,0.661449
13.5364645642702,32,10,0.872,0.661449,6,0,1,0,0,0.072364
13.608828083606095,33,11,0.872,0.072364,8,0,1,0,0,0.149187
13.758014660256162,34,12,0.872,0.149187,10,0,1,0,0,-0.006674
13.751341110614684,35,13,0.872,-0.006674,12,0,1,0,0,-0.050079
13.701262011083564,36,14,0.872,-0.050079,14,0,1,0,0,-0.540378
13.16088359882827,37,15,0.872,-0.540378,16,0,1,0,0,0.023037
13.183921098617903,38,16,0.872,0.023037,18,0,1,0,0,-0.117413
11.944927210847109,31,9,0.1722,0.0,1,1,0,0,1,0.122183
12.067109732464244,32,10,0.1722,0.122183,3,1,0,0,1,0.227506
12.294615343076341,33,11,0.1722,0.227506,5,1,0,0,1,0.21757
12.512185525319191,34,12,0.1722,0.21757,7,1,0,0,1,0.229725
12.741910050404757,35,13,0.1722,0.229725,9,1,0,0,1,0.094913
12.836822551357384,36,14,0.1722,0.094913,11,1,0,0,1,-0.001723
12.835099595373588,37,15,0.1722,-0.001723,13,1,0,0,1,0.043637
12.878736982629814,38,16,0.1722,0.043637,15,1,0,0,1,-0.044237
12.834500177519624,39,17,0.1722,-0.044237,17,1,0,0,1,-0.055091
12.77940950133812,40,18,0.1722,-0.055091,19,1,0,0,1,-0.283618
12.495791215307678,41,19,0.1722,-0.283618,21,1,0,0,1,0.128254
12.62404562815808,42,20,0.1722,0.128254,23,1,0,0,1,0.125589
12.749634529721094,43,21,0.1722,0.125589,25,1,0,0,1,0.090585
12.84021916905362,44,22,0.1722,0.090585,27,1,0,0,1,-0.198512
12.64170676728968,45,23,0.1722,-0.198512,29,1,0,0,1,0.223462
12.865168522035814,46,24,0.1722,0.223462,31,1,0,0,1,-0.207213
14.231846021125335,34,12,0.1798,0.0,1,1,0,0,0,-0.415092
13.81675447280165,35,13,0.1798,-0.415092,0,1,0,0,0,-0.130213
13.686541796730195,36,14,0.1798,-0.130213,2,1,0,0,0,-0.024915
13.661627098039844,37,15,0.1798,-0.024915,0,1,0,0,0,0.524391
14.186017904882128,38,16,0.1798,0.524391,0,1,0,0,0,0.415526
14.601543621706245,39,17,0.1798,0.415526,2,1,0,0,0,-0.125303
14.476241059558317,40,18,0.1798,-0.125303,4,1,0,0,0,0.074631
14.550872086936593,41,19,0.1798,0.074631,6,1,0,0,0,0.005981
14.55685341812909,42,20,0.1798,0.005981,8,1,0,0,0,-0.236425
14.320428407347269,43,21,0.1798,-0.236425,10,1,0,0,0,-0.117505
14.202922958583818,44,22,0.1798,-0.117505,12,1,0,0,0,0.438195
14.641118453538587,45,23,0.1798,0.438195,0,1,0,0,0,-0.129237
14.511881575138036,46,24,0.1798,-0.129237,2,1,0,0,0,-0.108389
14.403492772052237,47,25,0.1798,-0.108389,0,1,0,0,0,0.142343
14.54583592184578,48,26,0.1798,0.142343,2,1,0,0,0,-0.024739
14.521097205579721,49,27,0.1798,-0.024739,4,1,0,0,0,0.03196
13.683005780404445,25,3,0.662,0.0,1,0,1,0,1,-0.281309
13.401696320345115,26,4,0.662,-0.281309,3,0,1,0,1,-0.516811
12.884885545882458,27,5,0.662,-0.516811,5,0,1,0,1,0.376069
13.260954345935849,28,6,0.662,0.376069,7,0,1,0,1,0.061338
13.32229194847774,29,7,0.662,0.061338,9,0,1,0,1,-0.23102
13.091271774709389,30,8,0.662,-0.23102,11,0,1,0,1,0.064781
13.156053244313382,31,9,0.662,0.064781,13,0,1,0,1,0.669001
13.825054544480594,32,10,0.662,0.669001,0,0,1,0,1,-0.335879
13.489175862754404,33,11,0.662,-0.335879,2,0,1,0,1,-0.186978
13.30219834046852,34,12,0.662,-0.186978,4,0,1,0,1,-0.301631
13.000567433425529,35,13,0.662,-0.301631,6,0,1,0,1,0.443319
13.443886140721887,36,14,0.662,0.443319,8,0,1,0,1,0.126008
13.569893774504632,37,15,0.662,0.126008,10,0,1,0,1,0.093728
13.663621953770523,38,16,0.662,0.093728,12,0,1,0,1,-0.949451
12.714170739007251,39,17,0.662,-0.949451,14,0,1,0,1,-0.403136
12.31103489582652,40,18,0.662,-0.403136,16,0,1,0,1,0.471442
11.62037581835276,26,4,0.3145,0.0,1,1,0,0,0,0.133413
11.753789142214753,27,5,0.3145,0.133413,3,1,0,0,0,0.223867
11.977656637845298,28,6,0.3145,0.223867,5,1,0,0,0,0.21711
12.194766727495828,29,7,0.3145,0.21711,7,1,0,0,0,0.015431
12.210197416204474,30,8,0.3145,0.015431,9,1,0,0,0,0.487381
12.6975784930099,31,9,0.3145,0.487381,0,1,0,0,0,0.086785
12.784363674139438,32,10,0.3145,0.086785,2,1,0,0,0,-0.089528
12.694835196808247,33,11,0.3145,-0.089528,4,1,0,0,0,-0.0667
12.628135370873137,34,12,0.3145,-0.0667,6,1,0,0,0,0.107682
12.735817453928197,35,13,0.3145,0.107682,8,1,0,0,0,-0.246242
12.489575601081905,36,14,0.3145,-0.246242,10,1,0,0,0,-0.194655
12.29492107066283,37,15,0.3145,-0.194655,12,1,0,0,0,0.590824
12.885745005968726,38,16,0.3145,0.590824,0,1,0,0,0,0.557159
13.442904450088063,39,17,0.3145,0.557159,0,1,0,0,0,0.302444
13.745348256189363,40,18,0.3145,0.302444,2,1,0,0,0,-0.004336
13.741011960449365,41,19,0.3145,-0.004336,4,1,0,0,0,-0.048881
12.069677648302875,23,1,0.3612,0.0,1,1,0,0,0,0.13745
12.207127447344018,24,2,0.3612,0.13745,3,1,0,0,0,0.057197
12.264324536327823,25,3,0.3612,0.057197,5,1,0,0,0,0.027205
12.291529859182353,26,4,0.3612,0.027205,7,1,0,0,0,0.317064
12.608594337984314,27,5,0.3612,0.317064,9,1,0,0,0,0.224828
12.833422413641292,28,6,0.3612,0.224828,0,1,0,0,0,0.249685
13.083107597671646,29,7,0.3612,0.249685,2,1,0,0,0,0.207275
13.29038224333214,30,8,0.3612,0.207275,0,1,0,0,0,-0.030399
13.259983282695924,31,9,0.3612,-0.030399,2,1,0,0,0,-0.012374
13.247609179276305,32,10,0.3612,-0.012374,4,1,0,0,0,0.044679
13.29228800832747,33,11,0.3612,0.044679,6,1,0,0,0,-0.105597
13.186690960972772,34,12,0.3612,-0.105597,8,1,0,0,0,-0.064207
13.122483505678769,35,13,0.3612,-0.064207,10,1,0,0,0,-0.021938
13.100545047666458,36,14,0.3612,-0.021938,12,1,0,0,0,0.080456
13.181001130775119,37,15,0.3612,0.080456,0,1,0,0,0,-0.202837
12.9781646269541,38,16,0.3612,-0.202837,2,1,0,0,0,0.131782
11.002099841204238,27,5,0.4184,0.0,1,1,0,0,1,0.0
11.002099841204238,28,6,0.4184,0.0,3,1,0,0,1,0.0
11.002099841204238,29,7,0.4184,0.0,5,1,0,0,1,0.0
11.002099841204238,30,8,0.4184,0.0,7,1,0,0,1,0.0
11.002099841204238,31,9,0.4184,0.0,9,1,0,0,1,0.0
11.002099841204238,32,10,0.4184,0.0,11,1,0,0,1,0.0
11.002099841204238,33,11,0.4184,0.0,13,1,0,0,1,0.0
11.002099841204238,34,12,0.4184,0.0,15,1,0,0,1,0.074372
11.076471575451343,35,13,0.4184,0.074372,17,1,0,0,1,-0.046633
11.029838482031947,36,14,0.4184,-0.046633,19,1,0,0,1,-0.027739
11.002099841204238,37,15,0.4184,-0.027739,21,1,0,0,1,0.0
11.002099841204238,38,16,0.4184,0.0,23,1,0,0,1,0.046154
11.048253403096874,39,17,0.4184,0.046154,25,1,0,0,1,0.209846
11.258099122307963,40,18,0.4184,0.209846,27,1,0,0,1,0.1821
11.440199609223924,41,19,0.4184,0.1821,29,1,0,0,1,0.251273
11.691472286498799,42,20,0.4184,0.251273,31,1,0,0,1,-0.060318
13.056221697785238,26,4,0.2013,0.0,1,1,0,0,1,0.076654
13.132875620901274,27,5,0.2013,0.076654,3,1,0,0,1,0.049377
13.18225266259818,28,6,0.2013,0.049377,5,1,0,0,1,0.039945
13.222198157802383,29,7,0.2013,0.039945,7,1,0,0,1,0.071548
13.293746328842051,30,8,0.2013,0.071548,9,1,0,0,1,0.062812
13.356558183040177,31,9,0.2013,0.062812,11,1,0,0,1,-0.000295
13.3562632873071,32,10,0.2013,-0.000295,13,1,0,0,1,0.229764
13.58602727885214,33,11,0.2013,0.229764,0,1,0,0,1,0.287891
13.873917895723837,34,12,0.2013,0.287891,0,1,0,0,1,0.244855
14.1187733542282,35,13,0.2013,0.244855,2,1,0,0,1,0.051316
14.1700889935466,36,14,0.2013,0.051316,4,1,0,0,1,0.141633
14.311721697197743,37,15,0.2013,0.141633,6,1,0,0,1,0.169676
14.481397410973004,38,16,0.2013,0.169676,8,1,0,0,1,0.029487
14.510884472607199,39,17,0.2013,0.029487,10,1,0,0,1,0.014157
14.525040988451819,40,18,0.2013,0.014157,12,1,0,0,1,0.042916
14.567956808400597,41,19,0.2013,0.042916,14,1,0,0,1,-0.146357
12.580766114947181,32,10,0.5407,0.0,1,1,0,0,0,-0.02786
12.552906197458535,33,11,0.5407,-0.02786,3,1,0,0,0,-0.063124
12.489781953892754,34,12,0.5407,-0.063124,5,1,0,0,0,0.225459
12.715240977773426,35,13,0.5407,0.225459,7,1,0,0,0,0.106545
12.821785642578288,36,14,0.5407,0.106545,9,1,0,0,0,0.069718
12.8915034474736,37,15,0.5407,0.069718,11,1,0,0,0,-0.07757
12.81393325541429,38,16,0.5407,-0.07757,13,1,0,0,0,-0.290305
12.523628523461102,39,17,0.5407,-0.290305,15,1,0,0,0,0.241501
12.765129626962255,40,18,0.5407,0.241501,17,1,0,0,0,-0.01871
12.746419231992098,41,19,0.5407,-0.01871,19,1,0,0,0,-0.176553
12.569865914424277,42,20,0.5407,-0.176553,21,1,0,0,0,0.344915
12.914780863008554,43,21,0.5407,0.344915,0,1,0,0,0,0.509209
13.423989681093982,44,22,0.5407,0.509209,2,1,0,0,0,0.288004
13.711993960453313,45,23,0.5407,0.288004,4,1,0,0,0,0.150451
13.862444998634427,46,24,0.5407,0.150451,6,1,0,0,0,-0.015077
13.84736790551091,47,25,0.5407,-0.015077,8,1,0,0,0,0.108578
11.002099841204238,28,6,0.1339,0.0,1,1,0,0,1,0.0
11.002099841204238,29,7,0.1339,0.0,3,1,0,0,1,0.0
11.002099841204238,30,8,0.1339,0.0,5,1,0,0,1,0.0
11.002099841204238,31,9,0.1339,0.0,7,1,0,0,1,0.0
11.002099841204238,32,10,0.1339,0.0,0,1,0,0,1,0.138975
11.141074710234328,33,11,0.1339,0.138975,2,1,0,0,1,-0.016557
11.124517901768229,34,12,0.1339,-0.016557,4,1,0,0,1,0.201977
11.326494842221276,35,13,0.1339,0.201977,6,1,0,0,1,0.100446
11.426940887291549,36,14,0.1339,0.100446,8,1,0,0,1,0.113303
11.540243788318492,37,15,0.1339,0.113303,10,1,0,0,1,0.036678
11.576922078424099,38,16,0.1339,0.036678,12,1,0,0,1,-0.060374
11.516547996804421,39,17,0.1339,-0.060374,14,1,0,0,1,0.37201
11.888557924150048,40,18,0.1339,0.37201,0,1,0,0,1,0.07152
11.960078154136841,41,19,0.1339,0.07152,2,1,0,0,1,0.337044
12.297122180693062,42,20,0.1339,0.337044,4,1,0,0,1,0.157677
12.454798701619447,43,21,0.1339,0.157677,6,1,0,0,1,0.041035
12.83815103842085,29,7,0.0573,0.0,1,1,0,0,1,-0.1353
12.702850949311511,30,8,0.0573,-0.1353,3,1,0,0,1,-0.068993
12.633858156348069,31,9,0.0573,-0.068993,5,1,0,0,1,0.27309
12.906947762642973,32,10,0.0573,0.27309,7,1,0,0,1,0.144714
13.051661295307753,33,11,0.0573,0.144714,9,1,0,0,1,0.147158
13.19881926772733,34,12,0.0573,0.147158,11,1,0,0,1,0.151855
13.35067393656776,35,13,0.0573,0.151855,0,1,0,0,1,0.08558
13.43625346643944,36,14,0.0573,0.08558,2,1,0,0,1,0.081438
13.51769149190801,37,15,0.0573,0.081438,4,1,0,0,1,0.335921
13.853612175902823,38,16,0.0573,0.335921,6,1,0,0,1,0.153032
14.006644511242786,39,17,0.0573,0.153032,8,1,0,0,1,0.008054
14.014698426884161,40,18,0.0573,0.008054,10,1,0,0,1,-0.037146
13.977552513208831,41,19,0.0573,-0.037146,12,1,0,0,1,0.052685
14.030237137503649,42,20,0.0573,0.052685,14,1,0,0,1,0.153566
14.1838034044238,43,21,0.0573,0.153566,16,1,0,0,1,0.169857
14.353660243878295,44,22,0.0573,0.169857,18,1,0,0,1,-0.222821
13.285769172364386,31,9,0.1579,0.0,1,1,0,0,0,0.072498
13.358267620081099,32,10,0.1579,0.072498,1,1,0,0,0,0.002018
13.360285724699194,33,11,0.1579,0.002018,1,1,0,0,0,-0.025254
13.335031802680366,34,12,0.1579,-0.025254,1,1,0,0,0,-0.040332
13.29469994119765,35,13,0.1579,-0.040332,1,1,0,0,0,-0.064269
13.23043047214451,36,14,0.1579,-0.064269,1,1,0,0,0,0.178636
13.409066047376927,37,15,0.1579,0.178636,1,1,0,0,0,0.229308
13.638373618202754,38,16,0.1579,0.229308,0,1,0,0,0,0.097067
13.735440681278545,39,17,0.1579,0.097067,1,1,0,0,0,0.118869
13.854309261470718,40,18,0.1579,0.118869,1,1,0,0,0,0.074617
13.92892674499428,41,19,0.1579,0.074617,1,1,0,0,0,-0.045671
13.883255758622035,42,20,0.1579,-0.045671,1,1,0,0,0,0.169271
14.052527127114255,43,21,0.1579,0.169271,1,1,0,0,0,-0.079593
13.972934245270316,44,22,0.1579,-0.079593,1,1,0,0,0,-0.010696
13.96223814875373,45,23,0.1579,-0.010696,1,1,0,0,0,0.246878
14.20911602628686,46,24,0.1579,0.246878,1,1,0,0,0,0.150632
11.002099841204238,29,7,0.8282,0.0,1,0,0,1,1,0.191732
11.193831358777796,30,8,0.8282,0.191732,0,0,0,1,1,1.003691
12.197521961427837,31,9,0.8282,1.003691,2,0,0,1,1,0.188031
12.385553277551207,32,10,0.8282,0.188031,4,0,0,1,1,0.212256
12.597809697058292,33,11,0.8282,0.212256,6,0,0,1,1,-0.823546
11.774263515786128,34,12,0.8282,-0.823546,8,0,0,1,1,0.287038
12.061301159196791,35,13,0.8282,0.287038,10,0,0,1,1,0.627755
12.689055690354639,36,14,0.8282,0.627755,12,0,0,1,1,0.950691
13.63974705422676,37,15,0.8282,0.950691,14,0,0,1,1,0.686716
14.32646298667736,38,16,0.8282,0.686716,0,0,0,1,1,-0.716137
13.610326386125262,39,17,0.8282,-0.716137,0,0,0,1,1,0.181149
13.791475439267733,40,18,0.8282,0.181149,2,0,0,1,1,-0.04865
13.742825875905204,41,19,0.8282,-0.04865,0,0,0,1,1,0.713221
14.456046607772283,42,20,0.8282,0.713221,2,0,0,1,1,0.654061
15.11010777985031,43,21,0.8282,0.654061,4,0,0,1,1,0.236149
15.346257279553509,44,22,0.8282,0.236149,6,0,0,1,1,0.633706
11.002099841204238,34,12,0.3481,0.0,1,1,0,0,0,0.0
11.002099841204238,35,13,0.3481,0.0,3,1,0,0,0,0.0
11.002099841204238,36,14,0.3481,0.0,5,1,0,0,0,0.0
11.002099841204238,37,15,0.3481,0.0,7,1,0,0,0,0.0
11.002099841204238,38,16,0.3481,0.0,9,1,0,0,0,0.03938
11.041479735768016,39,17,0.3481,0.03938,0,1,0,0,0,0.092223
11.133702675281365,40,18,0.3481,0.092223,0,1,0,0,0,-0.083871
11.04983192108773,41,19,0.3481,-0.083871,2,1,0,0,0,-0.047732
11.002099841204238,42,20,0.3481,-0.047732,4,1,0,0,0,0.0
11.002099841204238,43,21,0.3481,0.0,6,1,0,0,0,0.0
11.002099841204238,44,22,0.3481,0.0,8,1,0,0,0,0.0
11.002099841204238,45,23,0.3481,0.0,10,1,0,0,0,0.104858
11.106957499163801,46,24,0.3481,0.104858,12,1,0,0,0,0.229122
11.33607943367513,47,25,0.3481,0.229122,14,1,0,0,0,0.052596
11.388675890542435,48,26,0.3481,0.052596,16,1,0,0,0,-0.114161
11.274514707493752,49,27,0.3481,-0.114161,18,1,0,0,0,0.004702
14.8164423283456,31,9,0.318,0.0,1,1,0,0,1,-0.159303
14.657139309761627,32,10,0.318,-0.159303,1,1,0,0,1,-0.171932
14.485207419095152,33,11,0.318,-0.171932,1,1,0,0,1,-0.145932
14.33927506543254,34,12,0.318,-0.145932,1,1,0,0,1,-0.003548
14.335726574253899,35,13,0.318,-0.003548,1,1,0,0,1,-0.065186
14.270540241301678,36,14,0.318,-0.065186,1,1,0,0,1,0.284868
14.55540854154637,37,15,0.318,0.284868,1,1,0,0,1,0.391711
14.947119064522058,38,16,0.318,0.391711,1,1,0,0,1,0.457307
15.404426448722099,39,17,0.318,0.457307,1,1,0,0,1,0.289336
15.693762632765525,40,18,0.318,0.289336,1,1,0,0,1,0.27659
15.970352551009828,41,19,0.318,0.27659,1,1,0,0,1,0.230786
16.201138584013165,42,20,0.318,0.230786,1,1,0,0,1,0.216977
16.41811607499315,43,21,0.318,0.216977,1,1,0,0,1,0.227122
16.645238441471403,44,22,0.318,0.227122,1,1,0,0,1,0.235215
16.88045310331197,45,23,0.318,0.235215,1,1,0,0,1,0.068052
16.94850519156446,46,24,0.318,0.068052,1,1,0,0,1,0.515915
12.631584467588391,32,10,0.2903,0.0,1,1,0,0,0,-0.048467
12.58311763397153,33,11,0.2903,-0.048467,3,1,0,0,0,-0.003331
12.579786998532528,34,12,0.2903,-0.003331,5,1,0,0,0,0.079916
12.659703141669489,35,13,0.2903,0.079916,7,1,0,0,0,0.103023
12.762726221714107,36,14,0.2903,0.103023,9,1,0,0,0,-0.067259
12.695467713206996,37,15,0.2903,-0.067259,11,1,0,0,0,-0.014984
12.680483561883895,38,16,0.2903,-0.014984,13,1,0,0,0,0.090498
12.770981935398018,39,17,0.2903,0.090498,15,1,0,0,0,0.360272
13.13125388812483,40,18,0.2903,0.360272,17,1,0,0,0,0.404494
13.535747931605897,41,19,0.2903,0.404494,19,1,0,0,0,0.14414
13.679887678116406,42,20,0.2903,0.14414,0,1,0,0,0,-0.057828
13.622059808610704,43,21,0.2903,-0.057828,2,1,0,0,0,-0.041175
13.580884345980737,44,22,0.2903,-0.041175,4,1,0,0,0,0.001654
13.582538523955657,45,23,0.2903,0.001654,0,1,0,0,0,-0.002815
13.579723378913789,46,24,0.2903,-0.002815,2,1,0,0,0,0.100727
13.680450745613744,47,25,0.2903,0.100727,4,1,0,0,0,0.073746
12.859982747912207,24,2,0.5535,0.0,1,1,0,0,1,0.178962
13.038944314694168,25,3,0.5535,0.178962,3,1,0,0,1,0.051477
13.090421503887786,26,4,0.5535,0.051477,5,1,0,0,1,0.10341
13.193831570048292,27,5,0.5535,0.10341,7,1,0,0,1,0.150224
13.344055573556396,28,6,0.5535,0.150224,9,1,0,0,1,0.289725
13.63378088362605,29,7,0.5535,0.289725,11,1,0,0,1,0.103558
13.73733898304093,30,8,0.5535,0.103558,13,1,0,0,1,-0.044936
13.692403164562455,31,9,0.5535,-0.044936,15,1,0,0,1,-0.051763
13.640639818750875,32,10,0.5535,-0.051763,0,1,0,0,1,-0.097148
13.543492223785124,33,11,0.5535,-0.097148,2,1,0,0,1,0.194964
13.73845614865923,34,12,0.5535,0.194964,4,1,0,0,1,0.188527
13.926983525135181,35,13,0.5535,0.188527,6,1,0,0,1,-0.264759
13.662224893910865,36,14,0.5535,-0.264759,0,1,0,0,1,0.099436
13.761661317855669,37,15,0.5535,0.099436,2,1,0,0,1,0.214043
13.975704358396753,38,16,0.5535,0.214043,4,1,0,0,1,0.258111
14.233815034482229,39,17,0.5535,0.258111,6,1,0,0,1,0.212493
11.995876901586128,30,8,0.0,0.0,1,1,0,0,0,0.129671
12.125547629015331,31,9,0.0,0.129671,3,1,0,0,0,0.080101
12.205648923781139,32,10,0.0,0.080101,5,1,0,0,0,0.347009
12.552657613024792,33,11,0.0,0.347009,0,1,0,0,0,0.034222
12.586879658439228,34,12,0.0,0.034222,2,1,0,0,0,0.035159
12.622038494020455,35,13,0.0,0.035159,4,1,0,0,0,0.388378
13.010416286550972,36,14,0.0,0.388378,0,1,0,0,0,-0.004619
13.005797649284084,37,15,0.0,-0.004619,2,1,0,0,0,0.15461
13.160407852886253,38,16,0.0,0.15461,4,1,0,0,0,0.259359
13.419766413700373,39,17,0.0,0.259359,0,1,0,0,0,-0.045324
13.374442130699258,40,18,0.0,-0.045324,2,1,0,0,0,0.11185
13.486292582059901,41,19,0.0,0.11185,4,1,0,0,0,-0.016066
13.470226386537126,42,20,0.0,-0.016066,6,1,0,0,0,0.114635
13.584861438389169,43,21,0.0,0.114635,8,1,0,0,0,-0.072403
13.512458545617177,44,22,0.0,-0.072403,10,1,0,0,0,0.029697
13.542155807895345,45,23,0.0,0.029697,12,1,0,0,0,0.052915
13.930468195088492,24,2,0.0709,0.0,1,1,0,0,1,-0.160688
13.769780130251359,25,3,0.0709,-0.160688,0,1,0,0,1,-0.078638
13.691142529686307,26,4,0.0709,-0.078638,0,1,0,0,1,0.036233
13.727375522102108,27,5,0.0709,0.036233,2,1,0,0,1,0.440572
14.167947811954104,28,6,0.0709,0.440572,0,1,0,0,1,0.090403
14.258350901399655,29,7,0.0709,0.090403,2,1,0,0,1,0.048781
14.30713206359421,30,8,0.0709,0.048781,4,1,0,0,1,-0.156108
14.151023968710883,31,9,0.0709,-0.156108,6,1,0,0,1,-0.083385
14.067639038766334,32,10,0.0709,-0.083385,8,1,0,0,1,0.348036
14.415675530736154,33,11,0.0709,0.348036,10,1,0,0,1,0.237766
14.653441387375999,34,12,0.0709,0.237766,12,1,0,0,1,0.09324
14.746681081057375,35,13,0.0709,0.09324,14,1,0,0,1,0.374195
15.120875891480996,36,14,0.0709,0.374195,16,1,0,0,1,0.135352
15.25622783553304,37,15,0.0709,0.135352,18,1,0,0,1,0.260988
15.517215831271216,38,16,0.0709,0.260988,20,1,0,0,1,0.228517
15.745732805236718,39,17,0.0709,0.228517,22,1,0,0,1,0.286101
12.30716831732989,26,4,0.4103,0.0,1,1,0,0,1,0.319572
12.626739868987876,27,5,0.4103,0.319572,3,1,0,0,1,0.438594
13.065333746181793,28,6,0.4103,0.438594,5,1,0,0,1,0.602013
13.667346705192452,29,7,0.4103,0.602013,0,1,0,0,1,-0.098812
13.568534574074203,30,8,0.4103,-0.098812,2,1,0,0,1,-0.031559
13.536975877008304,31,9,0.4103,-0.031559,4,1,0,0,1,-0.022156
13.514819680080839,32,10,0.4103,-0.022156,6,1,0,0,1,-0.149445
13.365374831791748,33,11,0.4103,-0.149445,8,1,0,0,1,0.041329
13.406703939627151,34,12,0.4103,0.041329,10,1,0,0,1,0.064037
13.470740749296871,35,13,0.4103,0.064037,12,1,0,0,1,-0.276896
13.193845009210163,36,14,0.4103,-0.276896,14,1,0,0,1,0.132743
13.326587598561495,37,15,0.4103,0.132743,0,1,0,0,1,-0.060013
13.266574895709153,38,16,0.4103,-0.060013,2,1,0,0,1,0.384849
13.65142372976225,39,17,0.4103,0.384849,0,1,0,0,1,-0.079625
13.57179861799946,40,18,0.4103,-0.079625,0,1,0,0,1,0.113226
13.685024155895604,41,19,0.4103,0.113226,2,1,0,0,1,0.392125
11.185895710653249,32,10,0.4308,0.0,1,1,0,0,1,0.567107
11.753002250735683,33,11,0.4308,0.567107,0,1,0,0,1,0.094457
11.847459357955554,34,12,0.4308,0.094457,2,1,0,0,1,0.281178
12.128637396344184,35,13,0.4308,0.281178,0,1,0,0,1,0.179154
12.30779123329493,36,14,0.4308,0.179154,2,1,0,0,1,0.110587
12.4183780103005,37,15,0.4308,0.110587,4,1,0,0,1,0.55335
12.971728175805989,38,16,0.4308,0.55335,0,1,0,0,1,0.160152
13.131880455043628,39,17,0.4308,0.160152,2,1,0,0,1,0.218716
13.350596612119844,40,18,0.4308,0.218716,0,1,0,0,1,0.41389
13.764486690335566,41,19,0.4308,0.41389,2,1,0,0,1,0.02678
13.79126662787258,42,20,0.4308,0.02678,4,1,0,0,1,0.038132
13.829398237386886,43,21,0.4308,0.038132,6,1,0,0,1,-0.012395
13.817002763241335,44,22,0.4308,-0.012395,8,1,0,0,1,0.235027
14.052029940262315,45,23,0.4308,0.235027,10,1,0,0,1,0.428218
14.480248122636795,46,24,0.4308,0.428218,12,1,0,0,1,0.210978
14.691226512738265,47,25,0.4308,0.210978,14,1,0,0,1,0.373545
12.575355406971854,30,8,0.21,0.0,1,1,0,0,1,0.096558
12.671913457541326,31,9,0.21,0.096558,1,1,0,0,1,-0.188978
12.482935346903442,32,10,0.21,-0.188978,1,1,0,0,1,0.118374
12.601309317066443,33,11,0.21,0.118374,0,1,0,0,1,-0.150222
12.451086853357818,34,12,0.21,-0.150222,1,1,0,0,1,0.033564
12.484650514509262,35,13,0.21,0.033564,1,1,0,0,1,0.182653
12.667303330506853,36,14,0.21,0.182653,1,1,0,0,1,0.396858
13.064161690874466,37,15,0.21,0.396858,0,1,0,0,1,0.311493
13.375654511253583,38,16,0.21,0.311493,0,1,0,0,1,-0.08462
13.291034082337735,39,17,0.21,-0.08462,1,1,0,0,1,-0.131602
13.159431988236573,40,18,0.21,-0.131602,1,1,0,0,1,0.104451
13.263883149697074,41,19,0.21,0.104451,1,1,0,0,1,0.025995
13.28987781678308,42,20,0.21,0.025995,1,1,0,0,1,0.174767
13.464644779506258,43,21,0.21,0.174767,1,1,0,0,1,-0.0054
13.45924489294236,44,22,0.21,-0.0054,1,1,0,0,1,-0.118997
13.340247599275283,45,23,0.21,-0.118997,1,1,0,0,1,0.032087
12.373940754966098,24,2,0.5337,0.0,1,1,0,0,0,-0.071229
12.302711912272185,25,3,0.5337,-0.071229,0,1,0,0,0,0.030387
12.333099223466677,26,4,0.5337,0.030387,0,1,0,0,0,-0.028917
12.304182652863492,27,5,0.5337,-0.028917,2,1,0,0,0,0.274249
12.578431209763211,28,6,0.5337,0.274249,0,1,0,0,0,-0.116173
12.462258327330263,29,7,0.5337,-0.116173,2,1,0,0,0,0.167539
12.629797054330473,30,8,0.5337,0.167539,4,1,0,0,0,0.482271
13.112067834116765,31,9,0.5337,0.482271,0,1,0,0,0,0.022208
13.134275421357163,32,10,0.5337,0.022208,2,1,0,0,0,0.43299
13.567265622720509,33,11,0.5337,0.43299,4,1,0,0,0,0.116053
13.683318686644764,34,12,0.5337,0.116053,6,1,0,0,0,0.237822
13.921140783136325,35,13,0.5337,0.237822,8,1,0,0,0,0.11939
14.040530579733955,36,14,0.5337,0.11939,10,1,0,0,0,0.130883
14.171413693927802,37,15,0.5337,0.130883,12,1,0,0,0,-0.127773
14.043640834302348,38,16,0.5337,-0.127773,14,1,0,0,0,0.151856
14.195497006533584,39,17,0.5337,0.151856,16,1,0,0,0,0.278188
13.523773400294695,23,1,0.35,0.0,1,0,1,0,1,0.174054
13.697827167099884,24,2,0.35,0.174054,3,0,1,0,1,0.177336
13.875163496590364,25,3,0.35,0.177336,5,0,1,0,1,0.250748
14.125911155188147,26,4,0.35,0.250748,0,0,1,0,1,-0.053457
14.07245387591136,27,5,0.35,-0.053457,2,0,1,0,1,0.047001
14.119454951608665,28,6,0.35,0.047001,4,0,1,0,1,-0.196496
13.922959435304325,29,7,0.35,-0.196496,6,0,1,0,1,-0.299243
13.623716555420371,30,8,0.35,-0.299243,8,0,1,0,1,-0.371809
13.251907970824414,31,9,0.35,-0.371809,10,0,1,0,1,-0.613739
12.638168675510723,32,10,0.35,-0.613739,12,0,1,0,1,-0.072989
12.56518006201653,33,11,0.35,-0.072989,14,0,1,0,1,0.633221
13.198400837124439,34,12,0.35,0.633221,16,0,1,0,1,0.29835
13.496751278237307,35,13,0.35,0.29835,18,0,1,0,1,0.134525
13.631276582637204,36,14,0.35,0.134525,20,0,1,0,1,-0.135422
13.495854879990972,37,15,0.35,-0.135422,22,0,1,0,1,0.242301
13.738155769833874,38,16,0.35,0.242301,24,0,1,0,1,0.00187
11.002099841204238,27,5,0.6915,0.0,1,0,1,0,0,0.0
11.002099841204238,28,6,0.6915,0.0,0,0,1,0,0,0.0
11.002099841204238,29,7,0.6915,0.0,2,0,1,0,0,0.0
11.002099841204238,30,8,0.6915,0.0,4,0,1,0,0,0.0
11.002099841204238,31,9,0.6915,0.0,0,0,1,0,0,0.144018
11.146117831287842,32,10,0.6915,0.144018,0,0,1,0,0,0.097965
11.244082514545092,33,11,0.6915,0.097965,2,0,1,0,0,-0.201783
11.042300006384139,34,12,0.6915,-0.201783,0,0,1,0,0,0.126379
11.168679100183047,35,13,0.6915,0.126379,2,0,1,0,0,0.072362
11.241040840777108,36,14,0.6915,0.072362,4,0,1,0,0,-0.155959
11.085082081192493,37,15,0.6915,-0.155959,6,0,1,0,0,-0.069852
11.015229646729157,38,16,0.6915,-0.069852,8,0,1,0,0,0.27209
11.287319824657603,39,17,0.6915,0.27209,10,0,1,0,0,-0.018843
11.26847705807807,40,18,0.6915,-0.018843,12,0,1,0,0,-0.266377
11.002099841204238,41,19,0.6915,-0.266377,14,0,1,0,0,0.0
11.002099841204238,42,20,0.6915,0.0,16,0,1,0,0,0.0
11.662040657209458,23,1,0.6567,0.0,1,0,1,0,0,0.776397
12.438437200893823,24,2,0.6567,0.776397,1,0,1,0,0,0.319019
12.757456256685607,25,3,0.6567,0.319019,1,0,1,0,0,0.213919
12.97137557842654,26,4,0.6567,0.213919,1,0,1,0,0,0.523609
13.49498435594697,27,5,0.6567,0.523609,1,0,1,0,0,-0.266535
13.228449848600155,28,6,0.6567,-0.266535,1,0,1,0,0,-0.562497
12.665953068824715,29,7,0.6567,-0.562497,1,0,1,0,0,-0.410131
12.255822305908838,30,8,0.6567,-0.410131,1,0,1,0,0,0.182925
12.438747788547639,31,9,0.6567,0.182925,1,0,1,0,0,0.605671
13.04441885550127,32,10,0.6567,0.605671,1,0,1,0,0,0.610148
13.654567041086702,33,11,0.6567,0.610148,1,0,1,0,0,0.283231
13.9377977257521,34,12,0.6567,0.283231,1,0,1,0,0,-0.074903
13.86289490055143,35,13,0.6567,-0.074903,1,0,1,0,0,0.391612
14.254507188074427,36,14,0.6567,0.391612,1,0,1,0,0,0.189593
14.444099888589745,37,15,0.6567,0.189593,1,0,1,0,0,-0.348335
14.095764989361543,38,16,0.6567,-0.348335,1,0,1,0,0,-0.432898
11.579528192308889,25,3,0.5311,0.0,1,1,0,0,0,0.080717
11.660244901672893,26,4,0.5311,0.080717,3,1,0,0,0,0.121097
11.781341822076769,27,5,0.5311,0.121097,5,1,0,0,0,0.401636
12.182978229298204,28,6,0.5311,0.401636,7,1,0,0,0,0.14638
12.329358674073008,29,7,0.5311,0.14638,9,1,0,0,0,0.260031
12.589389518024342,30,8,0.5311,0.260031,11,1,0,0,0,0.21521
12.804599888835279,31,9,0.5311,0.21521,13,1,0,0,0,0.07629
12.880890329441923,32,10,0.5311,0.07629,15,1,0,0,0,0.26159
13.142480235081415,33,11,0.5311,0.26159,17,1,0,0,0,0.293358
13.435838073121229,34,12,0.5311,0.293358,19,1,0,0,0,0.141379
13.577216811561005,35,13,0.5311,0.141379,21,1,0,0,0,0.179195
13.756411943761032,36,14,0.5311,0.179195,23,1,0,0,0,-0.06035
13.696062241745464,37,15,0.5311,-0.06035,0,1,0,0,0,0.390376
14.086438587386958,38,16,0.5311,0.390376,0,1,0,0,0,0.430897
14.517335095394627,39,17,0.5311,0.430897,2,1,0,0,0,0.345377
14.862712262210838,40,18,0.5311,0.345377,4,1,0,0,0,0.188772
12.395448945757103,33,11,0.4218,0.0,1,1,0,0,1,0.130203
12.52565157489444,34,12,0.4218,0.130203,3,1,0,0,1,0.050631
12.576283030288227,35,13,0.4218,0.050631,5,1,0,0,1,0.004994
12.581277016695179,36,14,0.4218,0.004994,7,1,0,0,1,0.226713
12.807990037746059,37,15,0.4218,0.226713,9,1,0,0,1,0.261727
13.069716756925308,38,16,0.4218,0.261727,11,1,0,0,1,0.494339
13.5640556578872,39,17,0.4218,0.494339,13,1,0,0,1,-0.021553
13.542502269632061,40,18,0.4218,-0.021553,15,1,0,0,1,0.0138
13.55630213123999,41,19,0.4218,0.0138,17,1,0,0,1,-0.032197
13.52410513798344,42,20,0.4218,-0.032197,19,1,0,0,1,0.152065
13.676170130899715,43,21,0.4218,0.152065,21,1,0,0,1,0.16081
13.836980258136192,44,22,0.4218,0.16081,23,1,0,0,1,0.324655
14.16163491598095,45,23,0.4218,0.324655,25,1,0,0,1,0.150435
14.3120698841881,46,24,0.4218,0.150435,0,1,0,0,1,0.134541
14.446610977023019,47,25,0.4218,0.134541,0,1,0,0,1,-0.028753
14.417858010467624,48,26,0.4218,-0.028753,2,1,0,0,1,0.029506
13.318220857087136,27,5,0.0146,0.0,1,1,0,0,1,0.498875
13.817096077542015,28,6,0.0146,0.498875,0,1,0,0,1,0.173063
13.990159499815233,29,7,0.0146,0.173063,2,1,0,0,1,0.121039
14.111198576142073,30,8,0.0146,0.121039,4,1,0,0,1,0.195196
14.306394175660797,31,9,0.0146,0.195196,6,1,0,0,1,0.22523
14.53162373838953,32,10,0.0146,0.22523,8,1,0,0,1,0.149421
14.681044826958969,33,11,0.0146,0.149421,10,1,0,0,1,0.313072
14.994116673032444,34,12,0.0146,0.313072,12,1,0,0,1,0.292121
15.286237877616827,35,13,0.0146,0.292121,14,1,0,0,1,0.419391
15.705628842134733,36,14,0.0146,0.419391,16,1,0,0,1,0.278299
15.983927649142837,37,15,0.0146,0.278299,0,1,0,0,1,0.020875
16.004802869695986,38,16,0.0146,0.020875,2,1,0,0,1,0.157855
16.162657462174103,39,17,0.0146,0.157855,4,1,0,0,1,0.040587
16.20324414519045,40,18,0.0146,0.040587,6,1,0,0,1,0.095161
16.298405329709357,41,19,0.0146,0.095161,8,1,0,0,1,0.07967
16.37807494156871,42,20,0.0146,0.07967,10,1,0,0,1,0.186155
11.002099841204238,29,7,0.1459,0.0,1,1,0,0,1,0.0
11.002099841204238,30,8,0.1459,0.0,3,1,0,0,1,0.135905
11.138004944230097,31,9,0.1459,0.135905,0,1,0,0,1,0.087186
11.22519060878156,32,10,0.1459,0.087186,2,1,0,0,1,-0.014532
11.210658473883944,33,11,0.1459,-0.014532,4,1,0,0,1,0.06424
11.274898262216023,34,12,0.1459,0.06424,6,1,0,0,1,0.184387
11.459284790600146,35,13,0.1459,0.184387,8,1,0,0,1,0.056632
11.515917027255009,36,14,0.1459,0.056632,10,1,0,0,1,-0.221194
11.294723047412862,37,15,0.1459,-0.221194,12,1,0,0,1,-0.092482
11.202241494676494,38,16,0.1459,-0.092482,14,1,0,0,1,-0.175736
11.0265056471661,39,17,0.1459,-0.175736,16,1,0,0,1,-0.024406
11.002099841204238,40,18,0.1459,-0.024406,18,1,0,0,1,0.0
11.002099841204238,41,19,0.1459,0.0,20,1,0,0,1,0.159637
11.1617370696498,42,20,0.1459,0.159637,22,1,0,0,1,0.31913
11.480866820975825,43,21,0.1459,0.31913,24,1,0,0,1,0.314263
11.795130098136037,44,22,0.1459,0.314263,26,1,0,0,1,0.130489
11.765835190442123,34,12,0.0,0.0,1,1,0,0,1,0.209971
11.975806017623366,35,13,0.0,0.209971,3,1,0,0,1,0.241185
12.216991130157302,36,14,0.0,0.241185,5,1,0,0,1,0.096737
12.31372837301108,37,15,0.0,0.096737,7,1,0,0,1,-0.077617
12.236111211828238,38,16,0.0,-0.077617,9,1,0,0,1,-0.196399
12.039712246719962,39,17,0.0,-0.196399,11,1,0,0,1,-0.012363
12.027349126797658,40,18,0.0,-0.012363,13,1,0,0,1,0.119584
12.146933602070758,41,19,0.0,0.119584,15,1,0,0,1,0.074575
12.221508499607639,42,20,0.0,0.074575,17,1,0,0,1,-0.138703
12.08280504044324,43,21,0.0,-0.138703,19,1,0,0,1,-0.054843
12.027961835009183,44,22,0.0,-0.054843,21,1,0,0,1,-0.0572
11.970762194856983,45,23,0.0,-0.0572,23,1,0,0,1,-0.084688
11.886074088572704,46,24,0.0,-0.084688,25,1,0,0,1,0.005246
11.891320432461164,47,25,0.0,0.005246,27,1,0,0,1,0.091197
11.982517244233298,48,26,0.0,0.091197,29,1,0,0,1,0.185023
12.167539908725404,49,27,0.0,0.185023,31,1,0,0,1,0.027006
11.002099841204238,29,7,0.3203,0.0,1,1,0,0,1,0.0
11.002099841204238,30,8,0.3203,0.0,3,1,0,0,1,0.0
11.002099841204238,31,9,0.3203,0.0,0,1,0,0,1,0.0
11.002099841204238,32,10,0.3203,0.0,2,1,0,0,1,0.0
11.002099841204238,33,11,0.3203,0.0,4,1,0,0,1,0.0
11.002099841204238,34,12,0.3203,0.0,6,1,0,0,1,0.0
11.002099841204238,35,13,0.3203,0.0,8,1,0,0,1,0.0
11.002099841204238,36,14,0.3203,0.0,10,1,0,0,1,0.0
11.002099841204238,37,15,0.3203,0.0,12,1,0,0,1,0.179
11.181100057080407,38,16,0.3203,0.179,14,1,0,0,1,0.381327
11.562426674728316,39,17,0.3203,0.381327,16,1,0,0,1,0.027373
11.589799324505638,40,18,0.3203,0.027373,18,1,0,0,1,-0.072175
11.517624785766868,41,19,0.3203,-0.072175,20,1,0,0,1,-0.022884
11.494741269123764,42,20,0.3203,-0.022884,22,1,0,0,1,0.382644
11.877385585283813,43,21,0.3203,0.382644,24,1,0,0,1,0.321171
12.198556153189921,44,22,0.3203,0.321171,26,1,0,0,1,0.159347
14.394771805342383,27,5,0.6803,0.0,1,0,1,0,0,-0.288621
14.106150834854237,28,6,0.6803,-0.288621,0,0,1,0,0,-0.07499
14.031160476518618,29,7,0.6803,-0.07499,2,0,1,0,0,0.3265
14.357660076052102,30,8,0.6803,0.3265,4,0,1,0,0,-0.392927
13.964732586200054,31,9,0.6803,-0.392927,0,0,1,0,0,-0.495345
13.469387151662579,32,10,0.6803,-0.495345,2,0,1,0,0,-0.495118
12.974268719630807,33,11,0.6803,-0.495118,4,0,1,0,0,0.097848
13.072117095162227,34,12,0.6803,0.097848,6,0,1,0,0,0.238574
13.310691087135146,35,13,0.6803,0.238574,0,0,1,0,0,0.410125
13.72081563537264,36,14,0.6803,0.410125,2,0,1,0,0,0.023439
13.744255004118552,37,15,0.6803,0.023439,4,0,1,0,0,-0.472453
13.27180199118184,38,16,0.6803,-0.472453,6,0,1,0,0,-0.288348
12.983454159749186,39,17,0.6803,-0.288348,8,0,1,0,0,-0.185992
12.797461977916672,40,18,0.6803,-0.185992,10,0,1,0,0,0.046677
12.84413876156528,41,19,0.6803,0.046677,12,0,1,0,0,0.034296
12.878434834712364,42,20,0.6803,0.034296,14,0,1,0,0,0.009616
12.28280363725814,31,9,0.3248,0.0,1,1,0,0,0,0.106915
12.389718321852733,32,10,0.3248,0.106915,3,1,0,0,0,-0.098057
12.291660996544168,33,11,0.3248,-0.098057,5,1,0,0,0,0.225308
12.516969258830013,34,12,0.3248,0.225308,7,1,0,0,0,0.174945
12.69191465366738,35,13,0.3248,0.174945,9,1,0,0,0,0.237973
12.929887431355855,36,14,0.3248,0.237973,11,1,0,0,0,0.374804
13.304691335613349,37,15,0.3248,0.374804,13,1,0,0,0,0.04113
13.345821808914543,38,16,0.3248,0.04113,15,1,0,0,0,0.173542
13.519364276110204,39,17,0.3248,0.173542,17,1,0,0,0,0.042043
13.561407770908268,40,18,0.3248,0.042043,19,1,0,0,0,-0.094522
13.466885418704408,41,19,0.3248,-0.094522,21,1,0,0,0,0.06347
13.530355760878994,42,20,0.3248,0.06347,23,1,0,0,0,0.070684
13.601039902126269,43,21,0.3248,0.070684,25,1,0,0,0,-0.065793
13.535247230730764,44,22,0.3248,-0.065793,27,1,0,0,0,0.175697
13.710943943675288,45,23,0.3248,0.175697,29,1,0,0,0,0.373334
14.084277788531189,46,24,0.3248,0.373334,31,1,0,0,0,0.126239
11.406070862711431,24,2,0.2583,0.0,1,1,0,0,1,0.073132
11.479202774764845,25,3,0.2583,0.073132,3,1,0,0,1,-0.065786
11.4134170795896,26,4,0.2583,-0.065786,5,1,0,0,1,0.135722
11.54913937166022,27,5,0.2583,0.135722,7,1,0,0,1,0.320308
11.869447503835163,28,6,0.2583,0.320308,9,1,0,0,1,-0.081822
11.787625646806719,29,7,0.2583,-0.081822,11,1,0,0,1,0.07748
11.865105738022496,30,8,0.2583,0.07748,13,1,0,0,1,-0.023066
11.842039989538574,31,9,0.2583,-0.023066,15,1,0,0,1,0.393916
12.235956279530466,32,10,0.2583,0.393916,0,1,0,0,1,0.024372
12.26032871082637,33,11,0.2583,0.024372,2,1,0,0,1,-0.187162
12.073166871505068,34,12,0.2583,-0.187162,4,1,0,0,1,-0.00821
12.064956900069514,35,13,0.2583,-0.00821,6,1,0,0,1,0.258691
12.323647679477581,36,14,0.2583,0.258691,8,1,0,0,1,0.441758
12.765405265575563,37,15,0.2583,0.441758,10,1,0,0,1,0.079115
12.844520602777942,38,16,0.2583,0.079115,12,1,0,0,1,-0.096838
12.74768221936181,39,17,0.2583,-0.096838,14,1,0,0,1,0.039485
13.64447521811179,31,9,0.9093,0.0,1,0,0,1,1,-0.781948
12.862527210064695,32,10,0.9093,-0.781948,3,0,0,1,1,-0.298447
12.564080093078957,33,11,0.9093,-0.298447,0,0,0,1,1,-0.746983
11.817097231902286,34,12,0.9093,-0.746983,2,0,0,1,1,-0.35154
11.465557678025128,35,13,0.9093,-0.35154,0,0,0,1,1,-0.463458
11.002099841204238,36,14,0.9093,-0.463458,2,0,0,1,1,0.254474
11.256573538836495,37,15,0.9093,0.254474,4,0,0,1,1,0.027167
11.28374064602951,38,16,0.9093,0.027167,6,0,0,1,1,-0.181562
11.102178369828806,39,17,0.9093,-0.181562,8,0,0,1,1,0.527198
11.629376201599953,40,18,0.9093,0.527198,0,0,0,1,1,0.123915
11.75329106172148,41,19,0.9093,0.123915,2,0,0,1,1,1.094259
12.847549922646678,42,20,0.9093,1.094259,4,0,0,1,1,0.741395
13.588944700521122,43,21,0.9093,0.741395,6,0,0,1,1,0.828097
14.417041458805667,44,22,0.9093,0.828097,8,0,0,1,1,0.120165
14.53720650860273,45,23,0.9093,0.120165,10,0,0,1,1,0.174297
14.711503761261634,46,24,0.9093,0.174297,0,0,0,1,1,-0.095286
11.80314147257787,28,6,0.1884,0.0,1,1,0,0,0,0.168553
11.971694884502531,29,7,0.1884,0.168553,1,1,0,0,0,0.297658
12.26935311283567,30,8,0.1884,0.297658,1,1,0,0,0,0.128909
12.398262068219793,31,9,0.1884,0.128909,1,1,0,0,0,0.069306
12.467567704309428,32,10,0.1884,0.069306,1,1,0,0,0,0.288663
12.756230934767327,33,11,0.1884,0.288663,1,1,0,0,0,0.146354
12.90258477124464,34,12,0.1884,0.146354,1,1,0,0,0,0.13658
13.039164680115512,35,13,0.1884,0.13658,1,1,0,0,0,0.227787
13.266951496282442,36,14,0.1884,0.227787,1,1,0,0,0,0.359487
13.626438243735167,37,15,0.1884,0.359487,1,1,0,0,0,0.372945
13.999383603093975,38,16,0.1884,0.372945,1,1,0,0,0,0.023385
14.022768420771497,39,17,0.1884,0.023385,1,1,0,0,0,-0.059078
13.963690881740549,40,18,0.1884,-0.059078,1,1,0,0,0,-0.069196
13.894495181237154,41,19,0.1884,-0.069196,1,1,0,0,0,0.016293
13.910788625699231,42,20,0.1884,0.016293,1,1,0,0,0,-0.003823
13.906965990823917,43,21,0.1884,-0.003823,1,1,0,0,0,0.247057
11.002099841204238,32,10,0.3491,0.0,1,1,0,0,0,0.0
11.002099841204238,33,11,0.3491,0.0,0,1,0,0,0,0.0
11.002099841204238,34,12,0.3491,0.0,2,1,0,0,0,0.0
11.002099841204238,35,13,0.3491,0.0,0,1,0,0,0,0.334101
11.336200843919585,36,14,0.3491,0.334101,2,1,0,0,0,0.195164
11.531365211772696,37,15,0.3491,0.195164,4,1,0,0,0,-0.112784
11.418581454029006,38,16,0.3491,-0.112784,6,1,0,0,0,0.137867
11.556448330401274,39,17,0.3491,0.137867,8,1,0,0,0,0.086686
11.643134488446867,40,18,0.3491,0.086686,10,1,0,0,0,-0.171338
11.471796130569025,41,19,0.3491,-0.171338,0,1,0,0,0,0.171668
11.643464195531427,42,20,0.3491,0.171668,2,1,0,0,0,0.182567
11.826031092130313,43,21,0.3491,0.182567,4,1,0,0,0,0.233769
12.05980036074337,44,22,0.3491,0.233769,6,1,0,0,0,0.067735
12.127535064200995,45,23,0.3491,0.067735,8,1,0,0,0,-0.034602
12.092932774360545,46,24,0.3491,-0.034602,10,1,0,0,0,0.031672
12.124604979173647,47,25,0.3491,0.031672,12,1,0,0,0,0.267951
12.67560211833624,32,10,0.2157,0.0,1,1,0,0,0,0.117838
12.793439855098084,33,11,0.2157,0.117838,3,1,0,0,0,0.052039
12.845478811131803,34,12,0.2157,0.052039,5,1,0,0,0,0.013696
12.85917530860374,35,13,0.2157,0.013696,7,1,0,0,0,0.273716
13.132891690974887,36,14,0.2157,0.273716,9,1,0,0,0,0.271885
13.404776385155724,37,15,0.2157,0.271885,11,1,0,0,0,0.03855
13.443325921179637,38,16,0.2157,0.03855,13,1,0,0,0,0.141983
13.585308736784947,39,17,0.2157,0.141983,15,1,0,0,0,0.090882
13.676190710874476,40,18,0.2157,0.090882,17,1,0,0,0,0.171546
13.847736792063468,41,19,0.2157,0.171546,19,1,0,0,0,0.046993
13.894729862775424,42,20,0.2157,0.046993,21,1,0,0,0,0.447404
14.342133970024129,43,21,0.2157,0.447404,23,1,0,0,0,0.020926
14.363060302894638,44,22,0.2157,0.020926,25,1,0,0,0,-0.061748
14.301311966273241,45,23,0.2157,-0.061748,27,1,0,0,0,-0.102371
14.198941102507929,46,24,0.2157,-0.102371,29,1,0,0,0,-0.037638
14.161303323590563,47,25,0.2157,-0.037638,31,1,0,0,0,-0.142668
13.17851156051829,28,6,0.0788,0.0,1,1,0,0,0,0.057031
13.235542713165515,29,7,0.0788,0.057031,0,1,0,0,0,0.036537
13.272080060447005,30,8,0.0788,0.036537,2,1,0,0,0,-0.085734
13.186345887474396,31,9,0.0788,-0.085734,4,1,0,0,0,-0.014033
13.172312631932126,32,10,0.0788,-0.014033,0,1,0,0,0,-0.044799
13.127513599661087,33,11,0.0788,-0.044799,2,1,0,0,0,-0.08478
13.042733844144129,34,12,0.0788,-0.08478,4,1,0,0,0,0.271065
13.313799132300103,35,13,0.0788,0.271065,6,1,0,0,0,0.34521
13.65900893953645,36,14,0.0788,0.34521,8,1,0,0,0,0.889742
14.548751146673533,37,15,0.0788,0.889742,0,1,0,0,0,0.108997
14.65774771519214,38,16,0.0788,0.108997,2,1,0,0,0,0.101389
14.759136706191658,39,17,0.0788,0.101389,0,1,0,0,0,-0.18511
14.574026966318273,40,18,0.0788,-0.18511,2,1,0,0,0,-0.220132
14.353894657089572,41,19,0.0788,-0.220132,4,1,0,0,0,-0.049274
14.304620837142982,42,20,0.0788,-0.049274,6,1,0,0,0,0.096643
14.40126381018191,43,21,0.0788,0.096643,8,1,0,0,0,0.340585
11.607889871667515,30,8,0.0,0.0,1,1,0,0,0,0.452412
12.060302075449483,31,9,0.0,0.452412,0,1,0,0,0,0.211474
12.271776230617554,32,10,0.0,0.211474,2,1,0,0,0,0.26029
12.532066598723718,33,11,0.0,0.26029,4,1,0,0,0,0.179504
12.711570752598119,34,12,0.0,0.179504,6,1,0,0,0,0.237095
12.948665460661287,35,13,0.0,0.237095,8,1,0,0,0,0.097763
13.046428739230258,36,14,0.0,0.097763,10,1,0,0,0,0.150201
13.19662940397151,37,15,0.0,0.150201,12,1,0,0,0,0.033771
13.230400226803244,38,16,0.0,0.033771,14,1,0,0,0,-0.105977
13.124422956162773,39,17,0.0,-0.105977,16,1,0,0,0,0.087392
13.211815154264391,40,18,0.0,0.087392,18,1,0,0,0,0.429441
13.641256268840754,41,19,0.0,0.429441,0,1,0,0,0,0.007021
13.64827748360936,42,20,0.0,0.007021,2,1,0,0,0,0.172734
13.821011867752027,43,21,0.0,0.172734,4,1,0,0,0,0.300652
14.121664047075743,44,22,0.0,0.300652,0,1,0,0,0,-0.025152
14.096512037600545,45,23,0.0,-0.025152,2,1,0,0,0,0.038741
11.86288231035626,24,2,0.3757,0.0,1,1,0,0,1,0.152146
12.015028384449996,25,3,0.3757,0.152146,1,1,0,0,1,0.457068
12.472096227279991,26,4,0.3757,0.457068,0,1,0,0,1,0.195664
12.667759949869385,27,5,0.3757,0.195664,1,1,0,0,1,0.186252
12.854011933018008,28,6,0.3757,0.186252,1,1,0,0,1,-0.177078
12.676933488957435,29,7,0.3757,-0.177078,1,1,0,0,1,-0.036519
12.640414786132776,30,8,0.3757,-0.036519,1,1,0,0,1,0.135351
12.775765706161597,31,9,0.3757,0.135351,0,1,0,0,1,0.078124
12.853889533692428,32,10,0.3757,0.078124,0,1,0,0,1,0.198915
13.052804697083227,33,11,0.3757,0.198915,1,1,0,0,1,0.087715
13.14052011280108,34,12,0.3757,0.087715,1,1,0,0,1,0.240353
13.380872822163248,35,13,0.3757,0.240353,1,1,0,0,1,0.362084
13.74295689731558,36,14,0.3757,0.362084,1,1,0,0,1,0.486402
14.229359161869585,37,15,0.3757,0.486402,1,1,0,0,1,0.634362
14.863721091185809,38,16,0.3757,0.634362,1,1,0,0,1,0.663207
15.52692844387334,39,17,0.3757,0.663207,0,1,0,0,1,0.130333
12.983690365031922,34,12,0.406,0.0,1,1,0,0,1,0.125657
13.109347762032273,35,13,0.406,0.125657,3,1,0,0,1,-0.051504
13.057843547943083,36,14,0.406,-0.051504,5,1,0,0,1,-0.018337
13.039506227517249,37,15,0.406,-0.018337,0,1,0,0,1,0.369081
13.40858733130232,38,16,0.406,0.369081,2,1,0,0,1,0.023566
13.43215361938349,39,17,0.406,0.023566,4,1,0,0,1,0.458141
13.89029417089303,40,18,0.406,0.458141,6,1,0,0,1,0.101356
13.991650494662116,41,19,0.406,0.101356,8,1,0,0,1,-0.245744
13.74590648116445,42,20,0.406,-0.245744,0,1,0,0,1,-0.028507
13.717399535271507,43,21,0.406,-0.028507,2,1,0,0,1,0.326654
14.044053969636446,44,22,0.406,0.326654,0,1,0,0,1,0.262424
14.306477843165613,45,23,0.406,0.262424,2,1,0,0,1,0.032254
14.338731402062203,46,24,0.406,0.032254,4,1,0,0,1,0.275316
14.614047632439052,47,25,0.406,0.275316,0,1,0,0,1,0.488559
15.102606368800206,48,26,0.406,0.488559,2,1,0,0,1,0.130297
15.232903082986082,49,27,0.406,0.130297,4,1,0,0,1,0.256701
12.338354394198214,32,10,0.7269,0.0,1,0,0,1,1,0.622771
12.961125470848629,33,11,0.7269,0.622771,3,0,0,1,1,0.408733
13.369858723876549,34,12,0.7269,0.408733,0,0,0,1,1,0.82988
14.199738436614124,35,13,0.7269,0.82988,0,0,0,1,1,-0.309565
13.890173748121951,36,14,0.7269,-0.309565,0,0,0,1,1,-0.489184
13.400990108276018,37,15,0.7269,-0.489184,2,0,0,1,1,-0.580708
12.82028193857304,38,16,0.7269,-0.580708,4,0,0,1,1,0.25589
13.076172022736007,39,17,0.7269,0.25589,6,0,0,1,1,0.608547
13.684718737218452,40,18,0.7269,0.608547,8,0,0,1,1,-0.163915
13.520803872863642,41,19,0.7269,-0.163915,10,0,0,1,1,-0.100248
13.420555780518676,42,20,0.7269,-0.100248,0,0,0,1,1,0.452254
13.872809649403335,43,21,0.7269,0.452254,2,0,0,1,1,0.092949
13.965759146168036,44,22,0.7269,0.092949,4,0,0,1,1,0.061374
14.027132649647916,45,23,0.7269,0.061374,6,0,0,1,1,0.826637
14.85377002479455,46,24,0.7269,0.826637,8,0,0,1,1,0.162055
15.015825002531221,47,25,0.7269,0.162055,10,0,0,1,1,-0.200753
11.421988051682819,26,4,0.8724,0.0,1,0,0,1,0,-0.344309
11.077679030318585,27,5,0.8724,-0.344309,3,0,0,1,0,0.527697
11.605376401495477,28,6,0.8724,0.527697,5,0,0,1,0,0.026949
11.63232563003897,29,7,0.8724,0.026949,0,0,0,1,0,0.783049
12.415374610867149,30,8,0.8724,0.783049,2,0,0,1,0,0.963613
13.378987176315956,31,9,0.8724,0.963613,0,0,0,1,0,0.098163
13.477150196260341,32,10,0.8724,0.098163,2,0,0,1,0,-0.362068
13.115082260087974,33,11,0.8724,-0.362068,0,0,0,1,0,0.44779
13.56287182475025,34,12,0.8724,0.44779,2,0,0,1,0,1.357546
14.920417841999935,35,13,0.8724,1.357546,0,0,0,1,0,1.08458
16.004997473107775,36,14,0.8724,1.08458,0,0,0,1,0,1.19718
17.20217785354437,37,15,0.8724,1.19718,2,0,0,1,0,0.406183
17.60836123285944,38,16,0.8724,0.406183,4,0,0,1,0,0.446212
18.054573168312587,39,17,0.8724,0.446212,6,0,0,1,0,0.711936
18.76650963567046,40,18,0.8724,0.711936,8,0,0,1,0,1.571633
20.33814278253214,41,19,0.8724,1.571633,0,0,0,1,0,-0.04005
12.222983048766245,34,12,0.1591,0.0,1,1,0,0,1,0.078516
12.301499220720286,35,13,0.1591,0.078516,3,1,0,0,1,-0.058285
12.243214447600813,36,14,0.1591,-0.058285,5,1,0,0,1,-0.06314
12.180074382808192,37,15,0.1591,-0.06314,7,1,0,0,1,0.079773
12.259847584185056,38,16,0.1591,0.079773,9,1,0,0,1,0.0463
12.306147739924418,39,17,0.1591,0.0463,11,1,0,0,1,0.409979
12.716126649572297,40,18,0.1591,0.409979,0,1,0,0,1,0.033747
12.74987382704639,41,19,0.1591,0.033747,2,1,0,0,1,0.204385
12.954258530685518,42,20,0.1591,0.204385,4,1,0,0,1,0.025543
12.979801621458764,43,21,0.1591,0.025543,6,1,0,0,1,0.082044
13.061845716925651,44,22,0.1591,0.082044,8,1,0,0,1,-0.128425
12.93342107162955,45,23,0.1591,-0.128425,10,1,0,0,1,-0.056399
12.877021796783085,46,24,0.1591,-0.056399,12,1,0,0,1,0.051078
12.928099841278407,47,25,0.1591,0.051078,14,1,0,0,1,0.020151
12.948250533987457,48,26,0.1591,0.020151,16,1,0,0,1,-0.108503
12.839747458386928,49,27,0.1591,-0.108503,18,1,0,0,1,0.02208
12.131604349038955,29,7,0.0224,0.0,1,1,0,0,0,0.087451
12.219055213146513,30,8,0.0224,0.087451,1,1,0,0,0,0.763942
12.982997505066317,31,9,0.0224,0.763942,0,1,0,0,0,0.332548
13.31554504494643,32,10,0.0224,0.332548,1,1,0,0,0,0.088799
13.404344252925055,33,11,0.0224,0.088799,1,1,0,0,0,0.138279
13.542623565494402,34,12,0.0224,0.138279,1,1,0,0,0,0.271184
13.813807261089545,35,13,0.0224,0.271184,1,1,0,0,0,0.28167
14.09547757566207,36,14,0.0224,0.28167,1,1,0,0,0,0.385982
14.481459901103063,37,15,0.0224,0.385982,1,1,0,0,0,0.222143
14.703602646145045,38,16,0.0224,0.222143,1,1,0,0,0,0.258117
14.961719397911045,39,17,0.0224,0.258117,1,1,0,0,0,0.208473
15.170192645884809,40,18,0.0224,0.208473,1,1,0,0,0,0.106954
15.277146311857125,41,19,0.0224,0.106954,1,1,0,0,0,0.092539
15.369684955884807,42,20,0.0224,0.092539,1,1,0,0,0,0.303863
15.673547681698222,43,21,0.0224,0.303863,1,1,0,0,0,0.318588
15.992135735952822,44,22,0.0224,0.318588,1,1,0,0,0,0.245942
12.149324948544788,26,4,0.1092,0.0,1,1,0,0,1,-0.133524
12.015801363991727,27,5,0.1092,-0.133524,3,1,0,0,1,0.482268
12.498069477051738,28,6,0.1092,0.482268,0,1,0,0,1,0.215138
12.713207449649271,29,7,0.1092,0.215138,2,1,0,0,1,0.137539
12.850746884757129,30,8,0.1092,0.137539,0,1,0,0,1,0.136519
12.987265851301373,31,9,0.1092,0.136519,2,1,0,0,1,0.075544
13.062810066055043,32,10,0.1092,0.075544,4,1,0,0,1,0.30616
13.368970259510172,33,11,0.1092,0.30616,0,1,0,0,1,0.167203
13.536173387783435,34,12,0.1092,0.167203,2,1,0,0,1,0.145798
13.681971391769896,35,13,0.1092,0.145798,4,1,0,0,1,0.15565
13.837621008937814,36,14,0.1092,0.15565,6,1,0,0,1,0.076142
13.913762857310132,37,15,0.1092,0.076142,8,1,0,0,1,0.175066
14.088829251337154,38,16,0.1092,0.175066,10,1,0,0,1,0.200022
14.288851560664385,39,17,0.1092,0.200022,12,1,0,0,1,-0.009184
14.279667706769816,40,18,0.1092,-0.009184,14,1,0,0,1,0.260628
14.54029561554924,41,19,0.1092,0.260628,16,1,0,0,1,0.336686
15.672940034401531,27,5,0.4195,0.0,1,1,0,0,1,0.07023
15.743170296728577,28,6,0.4195,0.07023,3,1,0,0,1,-0.122025
15.621145195243345,29,7,0.4195,-0.122025,5,1,0,0,1,-0.26156
15.359585057276785,30,8,0.4195,-0.26156,7,1,0,0,1,-0.259444
15.100141445197556,31,9,0.4195,-0.259444,9,1,0,0,1,-0.116483
14.98365815547966,32,10,0.4195,-0.116483,11,1,0,0,1,-0.274372
14.709285980405792,33,11,0.4195,-0.274372,0,1,0,0,1,0.00159
14.71087584586616,34,12,0.4195,0.00159,0,1,0,0,1,0.083326
14.794202233995394,35,13,0.4195,0.083326,2,1,0,0,1,-0.008837
14.785365548205567,36,14,0.4195,-0.008837,4,1,0,0,1,-0.069301
14.7160643337313,37,15,0.4195,-0.069301,6,1,0,0,1,0.914948
15.631012614707926,38,16,0.4195,0.914948,0,1,0,0,1,0.283919
15.914932079787478,39,17,0.4195,0.283919,2,1,0,0,1,0.095156
16.01008773840739,40,18,0.4195,0.095156,4,1,0,0,1,0.604426
16.614514018470526,41,19,0.4195,0.604426,0,1,0,0,1,0.34382
16.958333818082572,42,20,0.4195,0.34382,2,1,0,0,1,0.39314
12.416335060001066,30,8,0.4216,0.0,1,1,0,0,0,0.098931
12.515265671924261,31,9,0.4216,0.098931,3,1,0,0,0,0.118132
12.633397973715804,32,10,0.4216,0.118132,5,1,0,0,0,0.139027
12.772424898385959,33,11,0.4216,0.139027,7,1,0,0,0,0.276165
13.048589841822936,34,12,0.4216,0.276165,0,1,0,0,0,0.098987
13.147576967518136,35,13,0.4216,0.098987,0,1,0,0,0,0.091903
13.239480151885374,36,14,0.4216,0.091903,2,1,0,0,0,0.092265
13.331744952003833,37,15,0.4216,0.092265,4,1,0,0,0,-0.203319
13.128426134776742,38,16,0.4216,-0.203319,6,1,0,0,0,0.167482
13.295908340361365,39,17,0.4216,0.167482,8,1,0,0,0,0.007697
13.303605781163485,40,18,0.4216,0.007697,10,1,0,0,0,-0.206417
13.09718921715942,41,19,0.4216,-0.206417,12,1,0,0,0,0.191879
13.28906843718714,42,20,0.4216,0.191879,14,1,0,0,0,0.264493
13.553561765817662,43,21,0.4216,0.264493,16,1,0,0,0,0.426433
13.979994945130752,44,22,0.4216,0.426433,0,1,0,0,0,0.374206
14.354201027025209,45,23,0.4216,0.374206,2,1,0,0,0,-0.034824
12.578847070707237,23,1,0.1499,0.0,1,1,0,0,0,0.166707
12.745554076142918,24,2,0.1499,0.166707,3,1,0,0,0,0.191677
12.937231332803247,25,3,0.1499,0.191677,5,1,0,0,0,-0.019975
12.91725620246218,26,4,0.1499,-0.019975,7,1,0,0,0,0.212433
13.129689017047253,27,5,0.1499,0.212433,9,1,0,0,0,0.202887
13.332576270551943,28,6,0.1499,0.202887,0,1,0,0,0,0.010074
13.342650316332225,29,7,0.1499,0.010074,2,1,0,0,0,0.035414
13.378064166526627,30,8,0.1499,0.035414,4,1,0,0,0,0.102246
13.480310317149847,31,9,0.1499,0.102246,6,1,0,0,0,0.251479
13.731789776788146,32,10,0.1499,0.251479,8,1,0,0,0,0.052621
13.784410876276459,33,11,0.1499,0.052621,10,1,0,0,0,0.203061
13.987471483793339,34,12,0.1499,0.203061,12,1,0,0,0,0.454902
14.442373881900282,35,13,0.1499,0.454902,0,1,0,0,0,0.04033
14.482703736002456,36,14,0.1499,0.04033,2,1,0,0,0,0.036717
14.519420953604673,37,15,0.1499,0.036717,4,1,0,0,0,0.05867
14.578090646288315,38,16,0.1499,0.05867,6,1,0,0,0,0.115347
11.537087029810314,26,4,0.0,0.0,1,1,0,0,1,-0.04052
11.496566816583572,27,5,0.0,-0.04052,3,1,0,0,1,-0.009165
11.487401892974153,28,6,0.0,-0.009165,5,1,0,0,1,0.146105
11.633507028052794,29,7,0.0,0.146105,7,1,0,0,1,0.1496
11.783106605069186,30,8,0.0,0.1496,9,1,0,0,1,0.156556
11.939662812831832,31,9,0.0,0.156556,11,1,0,0,1,0.207207
12.14687031110118,32,10,0.0,0.207207,13,1,0,0,1,0.080828
12.227698469670836,33,11,0.0,0.080828,15,1,0,0,1,0.140146
12.367844941928364,34,12,0.0,0.140146,17,1,0,0,1,0.108049
12.475893727122244,35,13,0.0,0.108049,19,1,0,0,1,0.145101
12.620994983203175,36,14,0.0,0.145101,21,1,0,0,1,0.325145
12.946139962296892,37,15,0.0,0.325145,0,1,0,0,1,0.188478
13.1346177943517,38,16,0.0,0.188478,2,1,0,0,1,0.204445
13.339062408796757,39,17,0.0,0.204445,0,1,0,0,1,0.098037
13.437099326994252,40,18,0.0,0.098037,2,1,0,0,1,0.321003
13.75810275965778,41,19,0.0,0.321003,4,1,0,0,1,0.163677
13.394056708762061,22,0,0.5434,0.0,1,0,0,1,0,-0.050044
13.34401298349031,23,1,0.5434,-0.050044,3,0,0,1,0,-0.113955
13.230057558995643,24,2,0.5434,-0.113955,5,0,0,1,0,0.020172
13.250229330307178,25,3,0.5434,0.020172,7,0,0,1,0,0.117659
13.367888127167557,26,4,0.5434,0.117659,9,0,0,1,0,-0.482799
12.885089105849719,27,5,0.5434,-0.482799,11,0,0,1,0,0.276669
13.161758249342537,28,6,0.5434,0.276669,13,0,0,1,0,0.176299
13.338057305036665,29,7,0.5434,0.176299,15,0,0,1,0,-0.095929
13.242128726277599,30,8,0.5434,-0.095929,17,0,0,1,0,0.647497
13.889625235531781,31,9,0.5434,0.647497,19,0,0,1,0,0.141174
14.030799717498711,32,10,0.5434,0.141174,21,0,0,1,0,-0.094067
13.9367329267291,33,11,0.5434,-0.094067,0,0,0,1,0,-0.004554
13.932179006971987,34,12,0.5434,-0.004554,2,0,0,1,0,0.324268
14.2564472712669,35,13,0.5434,0.324268,4,0,0,1,0,-0.642936
13.613511372222346,36,14,0.5434,-0.642936,6,0,0,1,0,-0.511278
13.1022330796008,37,15,0.5434,-0.511278,8,0,0,1,0,-1.405545
15.57580241752833,33,11,0.2959,0.0,1,1,0,0,0,0.008189
15.583991361620015,34,12,0.2959,0.008189,1,1,0,0,0,-0.110432
15.473558981590664,35,13,0.2959,-0.110432,0,1,0,0,0,-0.065868
15.407690748696425,36,14,0.2959,-0.065868,0,1,0,0,0,-0.097967
15.309723983614417,37,15,0.2959,-0.097967,1,1,0,0,0,-0.073388
15.236335806659998,38,16,0.2959,-0.073388,1,1,0,0,0,-0.124951
15.111384507867411,39,17,0.2959,-0.124951,1,1,0,0,0,0.275554
15.386938761552692,40,18,0.2959,0.275554,0,1,0,0,0,0.003803
15.390741887881465,41,19,0.2959,0.003803,1,1,0,0,0,0.090884
15.481625414104757,42,20,0.2959,0.090884,1,1,0,0,0,0.347955
15.829580742623374,43,21,0.2959,0.347955,1,1,0,0,0,0.243134
16.07271510495013,44,22,0.2959,0.243134,1,1,0,0,0,0.072488
16.145203107853444,45,23,0.2959,0.072488,1,1,0,0,0,-0.114458
16.03074467055561,46,24,0.2959,-0.114458,1,1,0,0,0,0.088888
16.119632888986043,47,25,0.2959,0.088888,1,1,0,0,0,0.340171
16.459803938340567,48,26,0.2959,0.340171,1,1,0,0,0,0.123171
12.3632534033501,22,0,0.0588,0.0,1,1,0,0,0,0.055345
12.418598114188493,23,1,0.0588,0.055345,3,1,0,0,0,0.00429
12.42288808427437,24,2,0.0588,0.00429,5,1,0,0,0,-0.081427
12.341460684146151,25,3,0.0588,-0.081427,7,1,0,0,0,0.478226
12.819686315540277,26,4,0.0588,0.478226,0,1,0,0,0,-0.148657
12.671028887768006,27,5,0.0588,-0.148657,2,1,0,0,0,0.291326
12.962354991344647,28,6,0.0588,0.291326,4,1,0,0,0,0.213011
13.175366352048007,29,7,0.0588,0.213011,0,1,0,0,0,0.138207
13.313573423489075,30,8,0.0588,0.138207,2,1,0,0,0,-0.057196
13.256377289273301,31,9,0.0588,-0.057196,0,1,0,0,0,0.15557
13.411947395825928,32,10,0.0588,0.15557,0,1,0,0,0,-0.058971
13.35297634795283,33,11,0.0588,-0.058971,2,1,0,0,0,0.088372
13.44134852625623,34,12,0.0588,0.088372,4,1,0,0,0,0.243234
13.684582613182855,35,13,0.0588,0.243234,6,1,0,0,0,0.416457
14.101039347905616,36,14,0.0588,0.416457,0,1,0,0,0,0.241833
14.342872778687376,37,15,0.0588,0.241833,2,1,0,0,0,0.106937
12.550606662674229,23,1,0.3154,0.0,1,1,0,0,0,-0.110247
12.44036015849057,24,2,0.3154,-0.110247,1,1,0,0,0,0.095946
12.536306472600037,25,3,0.3154,0.095946,1,1,0,0,0,0.168975
12.705281970009692,26,4,0.3154,0.168975,1,1,0,0,0,-0.084406
12.620876308431917,27,5,0.3154,-0.084406,0,1,0,0,0,-0.020712
12.600164724952258,28,6,0.3154,-0.020712,1,1,0,0,0,-0.183293
12.416871375128917,29,7,0.3154,-0.183293,1,1,0,0,0,0.070533
12.487404862321279,30,8,0.3154,0.070533,1,1,0,0,0,-0.070628
12.416776566324545,31,9,0.3154,-0.070628,1,1,0,0,0,0.138128
12.554904230086281,32,10,0.3154,0.138128,1,1,0,0,0,0.032888
12.58779193123319,33,11,0.3154,0.032888,1,1,0,0,0,-0.098715
12.489077326621572,34,12,0.3154,-0.098715,1,1,0,0,0,-0.054047
12.435030707165094,35,13,0.3154,-0.054047,0,1,0,0,0,0.274037
12.709067356993527,36,14,0.3154,0.274037,0,1,0,0,0,0.082768
12.7918354868279,37,15,0.3154,0.082768,1,1,0,0,0,0.159503
12.951338224756055,38,16,0.3154,0.159503,1,1,0,0,0,-0.123592
11.008301724638434,34,12,0.1311,0.0,1,1,0,0,0,0.084949
11.09325042271239,35,13,0.1311,0.084949,3,1,0,0,0,0.165901
11.25915185325481,36,14,0.1311,0.165901,5,1,0,0,0,0.188839
11.44799049514315,37,15,0.1311,0.188839,7,1,0,0,0,0.065879
11.51386936570496,38,16,0.1311,0.065879,9,1,0,0,0,0.09465
11.608519710107156,39,17,0.1311,0.09465,0,1,0,0,0,0.035747
11.644267160976918,40,18,0.1311,0.035747,2,1,0,0,0,0.043988
11.688255166913564,41,19,0.1311,0.043988,4,1,0,0,0,-0.146528
11.541726824293173,42,20,0.1311,-0.146528,6,1,0,0,0,0.296529
11.838256308679593,43,21,0.1311,0.296529,8,1,0,0,0,0.173776
12.012032481296488,44,22,0.1311,0.173776,10,1,0,0,0,0.2515
12.263532531380973,45,23,0.1311,0.2515,12,1,0,0,0,0.009048
12.272580139617666,46,24,0.1311,0.009048,14,1,0,0,0,0.112204
12.384783649124978,47,25,0.1311,0.112204,16,1,0,0,0,0.173618
12.5584012502195,48,26,0.1311,0.173618,18,1,0,0,0,0.194579
12.752980322696697,49,27,0.1311,0.194579,20,1,0,0,0,0.316592
13.005388347127637,34,12,0.3474,0.0,1,1,0,0,1,0.201285
13.206673838778618,35,13,0.3474,0.201285,3,1,0,0,1,-0.032333
13.174340485275321,36,14,0.3474,-0.032333,5,1,0,0,1,0.039513
13.213853519085228,37,15,0.3474,0.039513,7,1,0,0,1,0.248159
13.462012425597006,38,16,0.3474,0.248159,9,1,0,0,1,0.419534
13.881546092285038,39,17,0.3474,0.419534,11,1,0,0,1,0.339939
14.221484651617674,40,18,0.3474,0.339939,13,1,0,0,1,0.266414
14.487899000705777,41,19,0.3474,0.266414,15,1,0,0,1,0.516615
15.004514428516426,42,20,0.3474,0.516615,0,1,0,0,1,-0.018551
14.985963774999083,43,21,0.3474,-0.018551,2,1,0,0,1,0.071745
15.057708456364418,44,22,0.3474,0.071745,4,1,0,0,1,0.368676
15.426384150791721,45,23,0.3474,0.368676,6,1,0,0,1,0.283967
15.710351507924083,46,24,0.3474,0.283967,8,1,0,0,1,0.100202
15.810553832547326,47,25,0.3474,0.100202,10,1,0,0,1,-0.100075
15.710478786180948,48,26,0.3474,-0.100075,12,1,0,0,1,-0.213794
15.496685067078575,49,27,0.3474,-0.213794,14,1,0,0,1,-0.04776
13.542926445602022,22,0,0.4366,0.0,1,1,0,0,0,0.266572
13.809498673377671,23,1,0.4366,0.266572,3,1,0,0,0,0.31799
14.127489109368033,24,2,0.4366,0.31799,5,1,0,0,0,0.262889
14.390377854076887,25,3,0.4366,0.262889,0,1,0,0,0,-0.264782
14.12559569565044,26,4,0.4366,-0.264782,0,1,0,0,0,-0.324923
13.800673113568445,27,5,0.4366,-0.324923,2,1,0,0,0,0.012677
13.813350241120009,28,6,0.4366,0.012677,4,1,0,0,0,0.088923
13.902273363925758,29,7,0.4366,0.088923,6,1,0,0,0,-0.094721
13.807552773115324,30,8,0.4366,-0.094721,8,1,0,0,0,-0.105017
13.702535635647669,31,9,0.4366,-0.105017,10,1,0,0,0,0.148519
13.851055062745155,32,10,0.4366,0.148519,12,1,0,0,0,-0.166029
13.68502601521526,33,11,0.4366,-0.166029,14,1,0,0,0,-0.13974
13.545286029970386,34,12,0.4366,-0.13974,16,1,0,0,0,-0.005081
13.54020453879094,35,13,0.4366,-0.005081,18,1,0,0,0,-0.030665
13.509539912273164,36,14,0.4366,-0.030665,20,1,0,0,0,0.118416
13.62795557235246,37,15,0.4366,0.118416,0,1,0,0,0,0.168996
11.002099841204238,24,2,0.0,0.0,1,1,0,0,1,0.0
11.002099841204238,25,3,0.0,0.0,1,1,0,0,1,0.0
11.002099841204238,26,4,0.0,0.0,0,1,0,0,1,0.0
11.002099841204238,27,5,0.0,0.0,1,1,0,0,1,0.020577
11.02267698000925,28,6,0.0,0.020577,1,1,0,0,1,0.079028
11.101705208417538,29,7,0.0,0.079028,0,1,0,0,1,-0.037256
11.06444936381467,30,8,0.0,-0.037256,1,1,0,0,1,0.108468
11.172916927951432,31,9,0.0,0.108468,1,1,0,0,1,0.290402
11.463319293269876,32,10,0.0,0.290402,1,1,0,0,1,0.078182
11.541501193185812,33,11,0.0,0.078182,0,1,0,0,1,0.020904
11.562405627640736,34,12,0.0,0.020904,1,1,0,0,1,0.184974
11.747379810214946,35,13,0.0,0.184974,1,1,0,0,1,-0.006727
11.74065246262388,36,14,0.0,-0.006727,1,1,0,0,1,0.225098
11.965750865829712,37,15,0.0,0.225098,1,1,0,0,1,-0.034006
11.931745267370943,38,16,0.0,-0.034006,1,1,0,0,1,0.024384
11.95612913801038,39,17,0.0,0.024384,1,1,0,0,1,-0.060631
14.2129316136374,24,2,0.1654,0.0,1,1,0,0,1,-0.007411
14.205520571013453,25,3,0.1654,-0.007411,3,1,0,0,1,0.277126
14.482646656980421,26,4,0.1654,0.277126,5,1,0,0,1,0.290763
14.773409712979179,27,5,0.1654,0.290763,7,1,0,0,1,0.310221
15.083631073463113,28,6,0.1654,0.310221,9,1,0,0,1,0.094396
15.178027069277015,29,7,0.1654,0.094396,11,1,0,0,1,0.075785
15.253812519695241,30,8,0.1654,0.075785,13,1,0,0,1,-0.103723
15.15008977835964,31,9,0.1654,-0.103723,15,1,0,0,1,0.074792
15.224881923671493,32,10,0.1654,0.074792,17,1,0,0,1,0.368894
15.593776064622583,33,11,0.1654,0.368894,19,1,0,0,1,0.171645
15.765421178532662,34,12,0.1654,0.171645,21,1,0,0,1,0.384979
16.150400076324562,35,13,0.1654,0.384979,23,1,0,0,1,0.385251
16.535651150692996,36,14,0.1654,0.385251,25,1,0,0,1,-0.023268
16.512383090466447,37,15,0.1654,-0.023268,27,1,0,0,1,0.116615
16.62899851384751,38,16,0.1654,0.116615,29,1,0,0,1,-0.027082
16.601916857929215,39,17,0.1654,-0.027082,31,1,0,0,1,0.266747
11.002099841204238,23,1,0.2638,0.0,1,1,0,0,0,0.0
11.002099841204238,24,2,0.2638,0.0,3,1,0,0,0,0.193011
11.195110548094465,25,3,0.2638,0.193011,5,1,0,0,0,0.411094
11.606204133686736,26,4,0.2638,0.411094,0,1,0,0,0,0.2035
11.809703945374173,27,5,0.2638,0.2035,2,1,0,0,0,0.015406
11.825109821912976,28,6,0.2638,0.015406,4,1,0,0,0,0.109679
11.934788767372602,29,7,0.2638,0.109679,6,1,0,0,0,0.095158
12.029947177108294,30,8,0.2638,0.095158,8,1,0,0,0,0.090872
12.120819224901409,31,9,0.2638,0.090872,10,1,0,0,0,-0.159192
11.961627244856876,32,10,0.2638,-0.159192,12,1,0,0,0,0.146214
12.107841450901438,33,11,0.2638,0.146214,14,1,0,0,0,-0.041057
12.066784705605714,34,12,0.2638,-0.041057,16,1,0,0,0,0.220153
12.286938090209794,35,13,0.2638,0.220153,18,1,0,0,0,0.038311
12.325249148198866,36,14,0.2638,0.038311,20,1,0,0,0,0.177531
12.502780430846459,37,15,0.2638,0.177531,22,1,0,0,0,0.090397
12.593177181749338,38,16,0.2638,0.090397,24,1,0,0,0,0.094177
12.747619909387383,32,10,0.5985,0.0,1,1,0,0,0,0.038955
12.786575236290565,33,11,0.5985,0.038955,3,1,0,0,0,-0.011816
12.774759435139565,34,12,0.5985,-0.011816,5,1,0,0,0,0.071455
12.846214402297003,35,13,0.5985,0.071455,7,1,0,0,0,0.158017
13.004230978354222,36,14,0.5985,0.158017,9,1,0,0,0,0.262101
13.266332260118356,37,15,0.5985,0.262101,11,1,0,0,0,0.201318
13.467650575361494,38,16,0.5985,0.201318,13,1,0,0,0,0.129626
13.597276263956328,39,17,0.5985,0.129626,15,1,0,0,0,0.05737
13.654646268468632,40,18,0.5985,0.05737,17,1,0,0,0,0.196074
13.850720077926562,41,19,0.5985,0.196074,19,1,0,0,0,0.426305
14.277025424772877,42,20,0.5985,0.426305,0,1,0,0,0,0.341574
14.618599402336638,43,21,0.5985,0.341574,2,1,0,0,0,0.405226
15.023825074243582,44,22,0.5985,0.405226,4,1,0,0,0,0.120589
15.144414401168847,45,23,0.5985,0.120589,6,1,0,0,0,-0.237642
14.906772249155665,46,24,0.5985,-0.237642,8,1,0,0,0,-0.092325
14.814447252808366,47,25,0.5985,-0.092325,10,1,0,0,0,-0.059088
13.46112024858773,30,8,0.0116,0.0,1,1,0,0,1,-0.01988
13.44123977777197,31,9,0.0116,-0.01988,1,1,0,0,1,-0.035022
13.406217517116303,32,10,0.0116,-0.035022,1,1,0,0,1,0.075667
13.481884418748576,33,11,0.0116,0.075667,1,1,0,0,1,0.001015
13.482899070090523,34,12,0.0116,0.001015,1,1,0,0,1,0.081951
13.564850135732573,35,13,0.0116,0.081951,1,1,0,0,1,-0.003903
13.560947407607117,36,14,0.0116,-0.003903,1,1,0,0,1,0.224254
13.785201833976634,37,15,0.0116,0.224254,1,1,0,0,1,-0.166825
13.618376891880327,38,16,0.0116,-0.166825,1,1,0,0,1,0.356057
13.97443353685132,39,17,0.0116,0.356057,0,1,0,0,1,0.590351
14.564784569143788,40,18,0.0116,0.590351,0,1,0,0,1,0.021082
14.585866432591407,41,19,0.0116,0.021082,1,1,0,0,1,0.416738
15.002604215389264,42,20,0.0116,0.416738,0,1,0,0,1,0.000242
15.002846200048891,43,21,0.0116,0.000242,1,1,0,0,1,0.080311
15.083157272019642,44,22,0.0116,0.080311,1,1,0,0,1,0.665613
15.7487700407491,45,23,0.0116,0.665613,0,1,0,0,1,0.109196
11.504569547944426,25,3,0.0803,0.0,1,1,0,0,0,-0.033058
11.471511833110323,26,4,0.0803,-0.033058,3,1,0,0,0,0.031429
11.502940745387223,27,5,0.0803,0.031429,5,1,0,0,0,-0.018792
11.484148456963611,28,6,0.0803,-0.018792,0,1,0,0,0,-0.07826
11.405888043601294,29,7,0.0803,-0.07826,2,1,0,0,0,0.34746
11.753348488379379,30,8,0.0803,0.34746,0,1,0,0,0,0.334635
12.087983787343923,31,9,0.0803,0.334635,2,1,0,0,0,0.183169
12.27115229731365,32,10,0.0803,0.183169,4,1,0,0,0,0.292956
12.564107979818285,33,11,0.0803,0.292956,6,1,0,0,0,0.097259
12.661367165430566,34,12,0.0803,0.097259,8,1,0,0,0,0.269421
12.930788504434371,35,13,0.0803,0.269421,0,1,0,0,0,-0.118418
12.8123706206633,36,14,0.0803,-0.118418,0,1,0,0,0,0.241456
13.053826858313656,37,15,0.0803,0.241456,2,1,0,0,0,0.492188
13.54601521640687,38,16,0.0803,0.492188,0,1,0,0,0,0.062882
13.608897527178357,39,17,0.0803,0.062882,2,1,0,0,0,-0.106893
13.502004662437146,40,18,0.0803,-0.106893,4,1,0,0,0,0.058169
12.331383643975384,26,4,0.267,0.0,1,1,0,0,1,0.150835
12.482218723047938,27,5,0.267,0.150835,1,1,0,0,1,0.008095
12.490313238654387,28,6,0.267,0.008095,1,1,0,0,1,0.030981
12.521294005266062,29,7,0.267,0.030981,1,1,0,0,1,0.117911
12.639205278511552,30,8,0.267,0.117911,1,1,0,0,1,0.337248
12.976453606631116,31,9,0.267,0.337248,0,1,0,0,1,0.199418
13.1758716262908,32,10,0.267,0.199418,1,1,0,0,1,0.255577
13.431448856474544,33,11,0.267,0.255577,0,1,0,0,1,0.019745
13.45119416009649,34,12,0.267,0.019745,1,1,0,0,1,-0.17911
13.272084546145217,35,13,0.267,-0.17911,1,1,0,0,1,0.024192
13.296276245060342,36,14,0.267,0.024192,1,1,0,0,1,-0.02798
13.268295993681042,37,15,0.267,-0.02798,1,1,0,0,1,-0.038236
13.230059779010036,38,16,0.267,-0.038236,1,1,0,0,1,0.042539
13.27259869850461,39,17,0.267,0.042539,1,1,0,0,1,0.095042
13.367640234037179,40,18,0.267,0.095042,1,1,0,0,1,0.126984
13.494624388214541,41,19,0.267,0.126984,1,1,0,0,1,0.363519
14.644115010736384,34,12,0.1558,0.0,1,1,0,0,0,0.025688
14.669802854343455,35,13,0.1558,0.025688,3,1,0,0,0,-0.029734
14.640068774467698,36,14,0.1558,-0.029734,5,1,0,0,0,-0.167343
14.472725976361108,37,15,0.1558,-0.167343,7,1,0,0,0,-0.189958
14.282767861757435,38,16,0.1558,-0.189958,9,1,0,0,0,0.296818
14.579586350916868,39,17,0.1558,0.296818,11,1,0,0,0,0.191852
14.77143872202854,40,18,0.1558,0.191852,13,1,0,0,0,0.285874
15.057312972815685,41,19,0.1558,0.285874,0,1,0,0,0,0.202502
15.259814827836578,42,20,0.1558,0.202502,2,1,0,0,0,0.377172
15.636986847974477,43,21,0.1558,0.377172,4,1,0,0,0,0.265451
15.902437710715093,44,22,0.1558,0.265451,6,1,0,0,0,0.165436
16.067874201607175,45,23,0.1558,0.165436,8,1,0,0,0,0.297287
16.365161653039678,46,24,0.1558,0.297287,10,1,0,0,0,0.358292
16.723453734412303,47,25,0.1558,0.358292,0,1,0,0,0,0.283351
17.006804912863956,48,26,0.1558,0.283351,2,1,0,0,0,-0.159468
16.847336602111344,49,27,0.1558,-0.159468,0,1,0,0,0,0.070334
13.619753341404778,34,12,0.4658,0.0,1,0,1,0,1,0.016536
13.636289516864203,35,13,0.4658,0.016536,3,0,1,0,1,-0.399746
13.236543264043899,36,14,0.4658,-0.399746,5,0,1,0,1,-0.675307
12.561236755487034,37,15,0.4658,-0.675307,7,0,1,0,1,-0.388938
12.172298758703715,38,16,0.4658,-0.388938,9,0,1,0,1,-0.161857
12.0104413703699,39,17,0.4658,-0.161857,11,0,1,0,1,0.116912
12.1273533208557,40,18,0.4658,0.116912,13,0,1,0,1,-0.368791
11.758562139985777,41,19,0.4658,-0.368791,15,0,1,0,1,-0.630636
11.127926170063525,42,20,0.4658,-0.630636,0,0,1,0,1,-0.125826
11.002099841204238,43,21,0.4658,-0.125826,2,0,1,0,1,0.0
11.002099841204238,44,22,0.4658,0.0,4,0,1,0,1,0.0
11.002099841204238,45,23,0.4658,0.0,6,0,1,0,1,0.706142
11.708242181845891,46,24,0.4658,0.706142,8,0,1,0,1,0.427035
12.13527688374578,47,25,0.4658,0.427035,10,0,1,0,1,0.770785
12.906061429981904,48,26,0.4658,0.770785,12,0,1,0,1,-0.0343
12.871761845513092,49,27,0.4658,-0.0343,14,0,1,0,1,0.612176
11.229427581600198,28,6,0.2948,0.0,1,1,0,0,1,0.16935
11.398777364322614,29,7,0.2948,0.16935,3,1,0,0,1,-0.039167
11.359610689459549,30,8,0.2948,-0.039167,5,1,0,0,1,-0.074706
11.284905165762183,31,9,0.2948,-0.074706,7,1,0,0,1,0.271193
11.556097741985065,32,10,0.2948,0.271193,9,1,0,0,1,0.940932
12.497029278050649,33,11,0.2948,0.940932,0,1,0,0,1,0.135428
12.632456974727146,34,12,0.2948,0.135428,2,1,0,0,1,0.429896
13.06235275698828,35,13,0.2948,0.429896,4,1,0,0,1,0.094294
13.156646373637756,36,14,0.2948,0.094294,6,1,0,0,1,0.456298
13.612944509993277,37,15,0.2948,0.456298,8,1,0,0,1,0.175751
13.78869575407652,38,16,0.2948,0.175751,0,1,0,0,1,-0.056997
13.731699145390323,39,17,0.2948,-0.056997,2,1,0,0,1,-0.200203
13.531495911791666,40,18,0.2948,-0.200203,4,1,0,0,1,0.034171
13.565667055856576,41,19,0.2948,0.034171,6,1,0,0,1,-0.048017
13.517649905969124,42,20,0.2948,-0.048017,8,1,0,0,1,0.042322
13.559971928842254,43,21,0.2948,0.042322,10,1,0,0,1,0.150382
16.08163888179738,33,11,0.9142,0.0,1,0,0,1,0,-0.138664
15.942975311064885,34,12,0.9142,-0.138664,3,0,0,1,0,0.202573
16.145547893852374,35,13,0.9142,0.202573,5,0,0,1,0,0.193773
16.33932056092006,36,14,0.9142,0.193773,7,0,0,1,0,-0.327018
16.012302323741274,37,15,0.9142,-0.327018,9,0,0,1,0,-1.135568
14.876734547447802,38,16,0.9142,-1.135568,11,0,0,1,0,-0.038001
14.838733467856715,39,17,0.9142,-0.038001,13,0,0,1,0,-0.930969
13.9077646236288,40,18,0.9142,-0.930969,15,0,0,1,0,-0.489723
13.418041619351838,41,19,0.9142,-0.489723,17,0,0,1,0,-0.348782
13.069259283826323,42,20,0.9142,-0.348782,19,0,0,1,0,-0.328587
12.74067265086748,43,21,0.9142,-0.328587,21,0,0,1,0,0.862398
13.603070737153645,44,22,0.9142,0.862398,0,0,0,1,0,0.807143
14.410213632537566,45,23,0.9142,0.807143,0,0,0,1,0,0.927429
15.337642180874008,46,24,0.9142,0.927429,0,0,0,1,0,-0.446473
14.89116889190049,47,25,0.9142,-0.446473,2,0,0,1,0,-0.157366
14.733803229925927,48,26,0.9142,-0.157366,4,0,0,1,0,0.18403
13.025243028415938,33,11,0.0039,0.0,1,1,0,0,1,0.052631
13.077873630238559,34,12,0.0039,0.052631,3,1,0,0,1,-0.003537
13.074336313079906,35,13,0.0039,-0.003537,5,1,0,0,1,-0.064155
13.010181406814665,36,14,0.0039,-0.064155,7,1,0,0,1,-0.062099
12.948082556498626,37,15,0.0039,-0.062099,9,1,0,0,1,0.035762
12.98384459166049,38,16,0.0039,0.035762,11,1,0,0,1,0.020452
13.004296606532828,39,17,0.0039,0.020452,13,1,0,0,1,0.23266
13.236956248345582,40,18,0.0039,0.23266,0,1,0,0,1,0.083735
13.320690984331602,41,19,0.0039,0.083735,2,1,0,0,1,0.110569
13.431260088286802,42,20,0.0039,0.110569,4,1,0,0,1,0.403529
13.834788606558977,43,21,0.0039,0.403529,0,1,0,0,1,-0.213996
13.620792335817972,44,22,0.0039,-0.213996,2,1,0,0,1,0.1119
13.732691865025865,45,23,0.0039,0.1119,4,1,0,0,1,0.03801
13.770701418168324,46,24,0.0039,0.03801,6,1,0,0,1,-0.072125
13.698576410979337,47,25,0.0039,-0.072125,8,1,0,0,1,-0.099373
13.599202917982742,48,26,0.0039,-0.099373,10,1,0,0,1,0.096147
11.002099841204238,29,7,0.13,0.0,1,1,0,0,1,0.0
11.002099841204238,30,8,0.13,0.0,1,1,0,0,1,0.0
11.002099841204238,31,9,0.13,0.0,1,1,0,0,1,0.0
11.002099841204238,32,10,0.13,0.0,1,1,0,0,1,0.0
11.002099841204238,33,11,0.13,0.0,1,1,0,0,1,0.080827
11.082927181635046,34,12,0.13,0.080827,1,1,0,0,1,0.298243
11.38117001015593,35,13,0.13,0.298243,0,1,0,0,1,-0.037722
11.343448030067107,36,14,0.13,-0.037722,1,1,0,0,1,0.42526
11.768708412936611,37,15,0.13,0.42526,1,1,0,0,1,-0.106712
11.661996083875254,38,16,0.13,-0.106712,0,1,0,0,1,-0.052824
11.60917207889458,39,17,0.13,-0.052824,1,1,0,0,1,-0.049285
11.559887435033911,40,18,0.13,-0.049285,1,1,0,0,1,-0.306592
11.253295569648147,41,19,0.13,-0.306592,1,1,0,0,1,-0.108839
11.144456769553733,42,20,0.13,-0.108839,0,1,0,0,1,-0.142357
11.002099841204238,43,21,0.13,-0.142357,1,1,0,0,1,0.072908
11.075008255001274,44,22,0.13,0.072908,1,1,0,0,1,0.245
12.838247475340836,34,12,0.209,0.0,1,1,0,0,0,-0.008989
12.829258651038492,35,13,0.209,-0.008989,3,1,0,0,0,-0.179444
12.649815002708175,36,14,0.209,-0.179444,5,1,0,0,0,0.193305
12.843120297426422,37,15,0.209,0.193305,7,1,0,0,0,-0.242789
12.600331659011077,38,16,0.209,-0.242789,0,1,0,0,0,-0.13688
12.463451791224509,39,17,0.209,-0.13688,2,1,0,0,0,-0.301872
12.161579929878808,40,18,0.209,-0.301872,0,1,0,0,0,-0.139388
12.022191772404144,41,19,0.209,-0.139388,2,1,0,0,0,0.147003
12.169194546749038,42,20,0.209,0.147003,4,1,0,0,0,0.248033
12.41722798920656,43,21,0.209,0.248033,6,1,0,0,0,-0.09559
12.321638440472013,44,22,0.209,-0.09559,8,1,0,0,0,-0.063184
12.258454560806928,45,23,0.209,-0.063184,10,1,0,0,0,-0.363278
11.895176301584737,46,24,0.209,-0.363278,12,1,0,0,0,0.225992
12.121168746825223,47,25,0.209,0.225992,14,1,0,0,0,0.219609
12.340777700835702,48,26,0.209,0.219609,16,1,0,0,0,0.044836
12.385613536210032,49,27,0.209,0.044836,18,1,0,0,0,0.319817
13.06811332696797,28,6,0.377,0.0,1,0,0,1,0,1.012934
14.081047390390998,29,7,0.377,1.012934,1,0,0,1,0,0.469914
14.550961004889038,30,8,0.377,0.469914,1,0,0,1,0,-0.271008
14.27995254799001,31,9,0.377,-0.271008,1,0,0,1,0,-0.752466
13.527486945308356,32,10,0.377,-0.752466,1,0,0,1,0,0.078462
13.605948971362649,33,11,0.377,0.078462,1,0,0,1,0,-0.404245
13.201703878309473,34,12,0.377,-0.404245,1,0,0,1,0,-0.165681
13.036022965524111,35,13,0.377,-0.165681,1,0,0,1,0,-0.201718
12.834305019547664,36,14,0.377,-0.201718,0,0,0,1,0,-1.631769
11.202535690594543,37,15,0.377,-1.631769,1,0,0,1,0,-0.200436
11.002099841204238,38,16,0.377,-0.200436,1,0,0,1,0,0.0
11.002099841204238,39,17,0.377,0.0,1,0,0,1,0,0.0
11.002099841204238,40,18,0.377,0.0,1,0,0,1,0,0.0
11.002099841204238,41,19,0.377,0.0,1,0,0,1,0,0.0
11.002099841204238,42,20,0.377,0.0,1,0,0,1,0,0.0
11.002099841204238,43,21,0.377,0.0,1,0,0,1,0,0.0
12.12891752332682,25,3,0.3984,0.0,1,1,0,0,1,0.109816
12.238733459108076,26,4,0.3984,0.109816,3,1,0,0,1,0.091309
12.330042574059677,27,5,0.3984,0.091309,5,1,0,0,1,0.140978
12.471020756308802,28,6,0.3984,0.140978,7,1,0,0,1,0.379132
12.850152449642408,29,7,0.3984,0.379132,0,1,0,0,1,-0.17054
12.679612617726635,30,8,0.3984,-0.17054,2,1,0,0,1,0.032423
12.712035919317348,31,9,0.3984,0.032423,4,1,0,0,1,0.02815
12.74018626799738,32,10,0.3984,0.02815,6,1,0,0,1,0.012988
12.753174115020109,33,11,0.3984,0.012988,8,1,0,0,1,0.154647
12.907820727620257,34,12,0.3984,0.154647,10,1,0,0,1,-0.127408
12.78041235466993,35,13,0.3984,-0.127408,12,1,0,0,1,-0.188442
12.59197026955138,36,14,0.3984,-0.188442,14,1,0,0,1,0.118353
12.710323109989211,37,15,0.3984,0.118353,0,1,0,0,1,-0.091127
12.619196193090717,38,16,0.3984,-0.091127,2,1,0,0,1,-0.114023
12.505172963600705,39,17,0.3984,-0.114023,0,1,0,0,1,0.634637
13.139810011832365,40,18,0.3984,0.634637,0,1,0,0,1,-0.098046
14.965916305556823,31,9,0.1516,0.0,1,1,0,0,1,0.153508
15.119424545722952,32,10,0.1516,0.153508,3,1,0,0,1,0.239404
15.358828505812685,33,11,0.1516,0.239404,5,1,0,0,1,-0.081749
15.277079210619997,34,12,0.1516,-0.081749,7,1,0,0,1,-0.219115
15.057964127167038,35,13,0.1516,-0.219115,9,1,0,0,1,0.001892
15.059856005251959,36,14,0.1516,0.001892,11,1,0,0,1,0.138827
15.198683202667423,37,15,0.1516,0.138827,13,1,0,0,1,0.008787
15.207469759510703,38,16,0.1516,0.008787,15,1,0,0,1,0.050877
15.258346419767701,39,17,0.1516,0.050877,17,1,0,0,1,0.27416
15.532506240873383,40,18,0.1516,0.27416,19,1,0,0,1,0.360674
15.893180601343733,41,19,0.1516,0.360674,0,1,0,0,1,0.107088
16.000268518165104,42,20,0.1516,0.107088,2,1,0,0,1,-0.084007
15.916261281367863,43,21,0.1516,-0.084007,0,1,0,0,1,-0.068229
15.848031827897014,44,22,0.1516,-0.068229,2,1,0,0,1,0.115303
15.963335206139988,45,23,0.1516,0.115303,4,1,0,0,1,-0.010581
15.952754340461668,46,24,0.1516,-0.010581,6,1,0,0,1,-0.012503
11.37084898089549,30,8,0.6277,0.0,1,0,1,0,0,0.409599
11.780448159654075,31,9,0.6277,0.409599,1,0,1,0,0,0.698995
12.479443421994114,32,10,0.6277,0.698995,1,0,1,0,0,0.570014
13.049457258973572,33,11,0.6277,0.570014,1,0,1,0,0,0.384998
13.434454908577136,34,12,0.6277,0.384998,1,0,1,0,0,0.348087
13.782541591824229,35,13,0.6277,0.348087,1,0,1,0,0,0.462677
14.24521900180037,36,14,0.6277,0.462677,1,0,1,0,0,-0.168223
14.07699634309796,37,15,0.6277,-0.168223,1,0,1,0,0,0.040853
14.117849067178806,38,16,0.6277,0.040853,1,0,1,0,0,0.206997
14.324846447160919,39,17,0.6277,0.206997,1,0,1,0,0,0.560852
14.885698869268438,40,18,0.6277,0.560852,1,0,1,0,0,-0.229231
14.656467615551264,41,19,0.6277,-0.229231,1,0,1,0,0,-0.380979
14.275488853152645,42,20,0.6277,-0.380979,1,0,1,0,0,0.280024
14.55551309816434,43,21,0.6277,0.280024,0,0,1,0,0,-0.035003
14.520510561807212,44,22,0.6277,-0.035003,1,0,1,0,0,-0.328723
14.191787173835436,45,23,0.6277,-0.328723,1,0,1,0,0,0.379477
12.100729427943836,27,5,0.5778,0.0,1,1,0,0,1,-0.071694
12.029035597283096,28,6,0.5778,-0.071694,3,1,0,0,1,0.373053
12.402088391065178,29,7,0.5778,0.373053,5,1,0,0,1,0.243416
12.645504777203328,30,8,0.5778,0.243416,7,1,0,0,1,0.102161
12.747665993239172,31,9,0.5778,0.102161,9,1,0,0,1,0.237967
12.985632974562227,32,10,0.5778,0.237967,11,1,0,0,1,0.24053
13.226162540852842,33,11,0.5778,0.24053,13,1,0,0,1,0.260792
13.486954358849022,34,12,0.5778,0.260792,15,1,0,0,1,0.081233
13.56818700046163,35,13,0.5778,0.081233,17,1,0,0,1,0.057718
13.625904919677515,36,14,0.5778,0.057718,19,1,0,0,1,0.251305
13.877209743921444,37,15,0.5778,0.251305,0,1,0,0,1,-0.126585
13.750624814700044,38,16,0.5778,-0.126585,2,1,0,0,1,-0.123396
13.62722874655549,39,17,0.5778,-0.123396,4,1,0,0,1,0.003864
13.631093036644195,40,18,0.5778,0.003864,6,1,0,0,1,0.352921
13.984013920970588,41,19,0.5778,0.352921,0,1,0,0,1,0.086252
14.070266022704676,42,20,0.5778,0.086252,2,1,0,0,1,0.25157
11.78767925417586,25,3,0.0836,0.0,1,1,0,0,0,0.446433
12.234112493345613,26,4,0.0836,0.446433,3,1,0,0,0,-0.128474
12.105638536128332,27,5,0.0836,-0.128474,5,1,0,0,0,-0.038845
12.06679317889228,28,6,0.0836,-0.038845,7,1,0,0,0,0.178668
12.245461410552016,29,7,0.0836,0.178668,9,1,0,0,0,0.150356
12.395817800796827,30,8,0.0836,0.150356,11,1,0,0,0,0.245883
12.641700465109093,31,9,0.0836,0.245883,13,1,0,0,0,0.236455
12.878155688567958,32,10,0.0836,0.236455,15,1,0,0,0,0.73628
13.614435970722125,33,11,0.0836,0.73628,0,1,0,0,0,0.191991
13.806426537100641,34,12,0.0836,0.191991,2,1,0,0,0,0.162573
13.968999116436093,35,13,0.0836,0.162573,4,1,0,0,0,-0.035439
13.933559789346948,36,14,0.0836,-0.035439,6,1,0,0,0,0.180205
14.11376522829125,37,15,0.0836,0.180205,8,1,0,0,0,0.253882
14.367647036389494,38,16,0.0836,0.253882,10,1,0,0,0,0.7093
15.076947021700764,39,17,0.0836,0.7093,0,1,0,0,0,0.19792
15.274866663553828,40,18,0.0836,0.19792,2,1,0,0,0,0.10919
12.619379540492172,23,1,0.0996,0.0,1,1,0,0,1,0.283422
12.902801934947645,24,2,0.0996,0.283422,3,1,0,0,1,0.115269
13.018071191519066,25,3,0.0996,0.115269,5,1,0,0,1,0.257919
13.275990092340036,26,4,0.0996,0.257919,7,1,0,0,1,-0.081453
13.194536793762301,27,5,0.0996,-0.081453,0,1,0,0,1,0.304513
13.499049604215372,28,6,0.0996,0.304513,2,1,0,0,1,0.011555
13.510604748677952,29,7,0.0996,0.011555,4,1,0,0,1,0.013782
13.524386989987251,30,8,0.0996,0.013782,6,1,0,0,1,-0.008692
13.515694701414091,31,9,0.0996,-0.008692,8,1,0,0,1,0.170844
13.68653900912835,32,10,0.0996,0.170844,10,1,0,0,1,0.242743
13.92928193842333,33,11,0.0996,0.242743,12,1,0,0,1,0.258265
14.18754704270089,34,12,0.0996,0.258265,14,1,0,0,1,0.25982
14.447367003988527,35,13,0.0996,0.25982,0,1,0,0,1,0.063076
14.51044280184715,36,14,0.0996,0.063076,2,1,0,0,1,0.313211
14.823653418330956,37,15,0.0996,0.313211,4,1,0,0,1,0.583557
15.407210841421698,38,16,0.0996,0.583557,0,1,0,0,1,-0.062858
11.002099841204238,32,10,0.6382,0.0,1,0,0,1,0,0.0
11.002099841204238,33,11,0.6382,0.0,3,0,0,1,0,0.0
11.002099841204238,34,12,0.6382,0.0,5,0,0,1,0,0.0
11.002099841204238,35,13,0.6382,0.0,7,0,0,1,0,0.0
11.002099841204238,36,14,0.6382,0.0,9,0,0,1,0,0.0
11.002099841204238,37,15,0.6382,0.0,11,0,0,1,0,0.0
11.002099841204238,38,16,0.6382,0.0,13,0,0,1,0,0.839543
11.841642611989666,39,17,0.6382,0.839543,15,0,0,1,0,0.655957
12.497599670471466,40,18,0.6382,0.655957,17,0,0,1,0,1.003111
13.500710928785137,41,19,0.6382,1.003111,19,0,0,1,0,0.103896
13.604606579776922,42,20,0.6382,0.103896,21,0,0,1,0,0.394604
13.999210994551238,43,21,0.6382,0.394604,23,0,0,1,0,0.337871
14.33708175745426,44,22,0.6382,0.337871,25,0,0,1,0,-0.373925
13.963156751205599,45,23,0.6382,-0.373925,27,0,0,1,0,-1.070006
12.893150495367346,46,24,0.6382,-1.070006,0,0,0,1,0,-0.016182
12.876968185816535,47,25,0.6382,-0.016182,2,0,0,1,0,0.089241
14.581344145295326,26,4,0.1543,0.0,1,1,0,0,0,0.275758
14.857102320722268,27,5,0.1543,0.275758,3,1,0,0,0,0.157894
15.014996587354734,28,6,0.1543,0.157894,5,1,0,0,0,-0.076557
14.938439581323605,29,7,0.1543,-0.076557,0,1,0,0,0,0.079749
15.018188673714192,30,8,0.1543,0.079749,0,1,0,0,0,0.019913
15.038101813944062,31,9,0.1543,0.019913,2,1,0,0,0,0.013919
15.052021035296153,32,10,0.1543,0.013919,4,1,0,0,0,0.120611
15.172632056978058,33,11,0.1543,0.120611,6,1,0,0,0,0.170204
15.342836383828452,34,12,0.1543,0.170204,8,1,0,0,0,-0.009124
15.333711887863593,35,13,0.1543,-0.009124,10,1,0,0,0,0.025451
15.359163284967865,36,14,0.1543,0.025451,12,1,0,0,0,-0.132524
15.226638911704281,37,15,0.1543,-0.132524,14,1,0,0,0,-0.195715
15.030923970298916,38,16,0.1543,-0.195715,16,1,0,0,0,-0.120251
14.910673065595983,39,17,0.1543,-0.120251,18,1,0,0,0,-0.17427
14.736402981380804,40,18,0.1543,-0.17427,20,1,0,0,0,-0.09424
14.642163275893235,41,19,0.1543,-0.09424,22,1,0,0,0,0.228881
13.561297455875142,30,8,0.1142,0.0,1,1,0,0,1,-0.16152
13.399777685882055,31,9,0.1142,-0.16152,3,1,0,0,1,0.138722
13.538499206315974,32,10,0.1142,0.138722,5,1,0,0,1,0.013175
13.551673781684356,33,11,0.1142,0.013175,7,1,0,0,1,-0.025938
13.525735736132287,34,12,0.1142,-0.025938,9,1,0,0,1,0.144071
13.66980702271668,35,13,0.1142,0.144071,0,1,0,0,1,0.133932
13.80373929584838,36,14,0.1142,0.133932,2,1,0,0,1,0.059554
13.863293422145963,37,15,0.1142,0.059554,4,1,0,0,1,-0.053817
13.809476775214268,38,16,0.1142,-0.053817,6,1,0,0,1,-0.069846
13.739630921486297,39,17,0.1142,-0.069846,8,1,0,0,1,0.017686
13.757317043414089,40,18,0.1142,0.017686,10,1,0,0,1,0.137754
13.895070817039036,41,19,0.1142,0.137754,0,1,0,0,1,0.103792
13.998862816419516,42,20,0.1142,0.103792,2,1,0,0,1,-0.095821
13.903041895648231,43,21,0.1142,-0.095821,4,1,0,0,1,-0.253679
13.64936315138931,44,22,0.1142,-0.253679,6,1,0,0,1,-0.066706
13.582657640241436,45,23,0.1142,-0.066706,8,1,0,0,1,0.102139
11.002099841204238,30,8,0.271,0.0,1,1,0,0,1,0.0
11.002099841204238,31,9,0.271,0.0,3,1,0,0,1,0.0
11.002099841204238,32,10,0.271,0.0,0,1,0,0,1,0.0
11.002099841204238,33,11,0.271,0.0,0,1,0,0,1,0.0
11.002099841204238,34,12,0.271,0.0,0,1,0,0,1,0.0
11.002099841204238,35,13,0.271,0.0,2,1,0,0,1,0.093186
11.095285916781242,36,14,0.271,0.093186,4,1,0,0,1,-0.031393
11.063893113638066,37,15,0.271,-0.031393,6,1,0,0,1,0.257244
11.321137569126371,38,16,0.271,0.257244,8,1,0,0,1,0.208406
11.529543802167085,39,17,0.271,0.208406,10,1,0,0,1,-0.334223
11.195321012602118,40,18,0.271,-0.334223,12,1,0,0,1,0.067208
11.262529476154585,41,19,0.271,0.067208,14,1,0,0,1,0.144437
11.40696651798606,42,20,0.271,0.144437,16,1,0,0,1,0.265843
11.672809179943739,43,21,0.271,0.265843,18,1,0,0,1,0.088526
11.761335309246384,44,22,0.271,0.088526,20,1,0,0,1,0.63499
12.396324884683015,45,23,0.271,0.63499,0,1,0,0,1,-0.133715
12.70000264117609,23,1,0.0557,0.0,1,1,0,0,0,0.136923
12.836925485502023,24,2,0.0557,0.136923,3,1,0,0,0,-0.016513
12.82041203140689,25,3,0.0557,-0.016513,5,1,0,0,0,-0.172067
12.648344768058905,26,4,0.0557,-0.172067,7,1,0,0,0,0.10497
12.753314512423188,27,5,0.0557,0.10497,9,1,0,0,0,0.046131
12.799445757966405,28,6,0.0557,0.046131,11,1,0,0,0,-0.02019
12.779256230914395,29,7,0.0557,-0.02019,13,1,0,0,0,0.376507
13.155763686110594,30,8,0.0557,0.376507,15,1,0,0,0,0.252711
13.4084743742919,31,9,0.0557,0.252711,17,1,0,0,0,0.336658
13.74513225844876,32,10,0.0557,0.336658,19,1,0,0,0,-0.04962
13.69551270647667,33,11,0.0557,-0.04962,21,1,0,0,0,-0.083473
13.612040040903198,34,12,0.0557,-0.083473,0,1,0,0,0,0.13158
13.743620190002312,35,13,0.0557,0.13158,2,1,0,0,0,-0.003324
13.740295778137632,36,14,0.0557,-0.003324,4,1,0,0,0,0.291313
14.03160907411901,37,15,0.0557,0.291313,6,1,0,0,0,0.287599
14.319208412021366,38,16,0.0557,0.287599,8,1,0,0,0,0.14864
11.600166150682817,32,10,0.35,0.0,1,0,1,0,1,0.248107
11.848273109926577,33,11,0.35,0.248107,3,0,1,0,1,0.024423
11.872696287035279,34,12,0.35,0.024423,5,0,1,0,1,0.379428
12.252124161129013,35,13,0.35,0.379428,7,0,1,0,1,0.967742
13.21986621249121,36,14,0.35,0.967742,0,0,1,0,1,0.580706
13.800572563016988,37,15,0.35,0.580706,2,0,1,0,1,0.455053
14.255625916464291,38,16,0.35,0.455053,4,0,1,0,1,0.016449
14.272074611267946,39,17,0.35,0.016449,6,0,1,0,1,-0.453147
13.818927545916988,40,18,0.35,-0.453147,8,0,1,0,1,-0.217987
13.60094020055965,41,19,0.35,-0.217987,10,0,1,0,1,-0.258688
13.342252575690706,42,20,0.35,-0.258688,12,0,1,0,1,0.13174
13.47399298869349,43,21,0.35,0.13174,0,0,1,0,1,0.298386
13.772378891994473,44,22,0.35,0.298386,2,0,1,0,1,0.677299
14.449677521799618,45,23,0.35,0.677299,4,0,1,0,1,0.162615
14.61229222306443,46,24,0.35,0.162615,0,0,1,0,1,0.226726
14.839018039910327,47,25,0.35,0.226726,2,0,1,0,1,0.346761
13.939586589057438,31,9,0.0633,0.0,1,1,0,0,1,0.195819
14.13540590414504,32,10,0.0633,0.195819,3,1,0,0,1,0.408884
14.54429012640727,33,11,0.0633,0.408884,5,1,0,0,1,0.363605
14.90789560731107,34,12,0.0633,0.363605,7,1,0,0,1,0.201204
15.109099945718752,35,13,0.0633,0.201204,9,1,0,0,1,0.145108
15.25420793089574,36,14,0.0633,0.145108,11,1,0,0,1,0.052724
15.30693210690202,37,15,0.0633,0.052724,0,1,0,0,1,0.069549
15.376481283650506,38,16,0.0633,0.069549,2,1,0,0,1,-0.111166
15.265315234147927,39,17,0.0633,-0.111166,0,1,0,0,1,0.231107
15.496422688417365,40,18,0.0633,0.231107,2,1,0,0,1,-0.300475
15.195947849278216,41,19,0.0633,-0.300475,0,1,0,0,1,0.135149
15.331096552932241,42,20,0.0633,0.135149,2,1,0,0,1,0.348797
15.67989381432246,43,21,0.0633,0.348797,0,1,0,0,1,0.084825
15.764718358634244,44,22,0.0633,0.084825,2,1,0,0,1,-0.001749
15.762969292680356,45,23,0.0633,-0.001749,4,1,0,0,1,0.177049
15.94001863711295,46,24,0.0633,0.177049,0,1,0,0,1,-0.130465
11.002099841204238,22,0,0.0727,0.0,1,1,0,0,0,0.0
11.002099841204238,23,1,0.0727,0.0,3,1,0,0,0,0.0
11.002099841204238,24,2,0.0727,0.0,0,1,0,0,0,0.0
11.002099841204238,25,3,0.0727,0.0,2,1,0,0,0,0.0
11.002099841204238,26,4,0.0727,0.0,4,1,0,0,0,0.0
11.002099841204238,27,5,0.0727,0.0,6,1,0,0,0,0.0
11.002099841204238,28,6,0.0727,0.0,8,1,0,0,0,0.177176
11.179275626518844,29,7,0.0727,0.177176,10,1,0,0,0,0.141269
11.320545042098805,30,8,0.0727,0.141269,12,1,0,0,0,0.137591
11.45813595673138,31,9,0.0727,0.137591,14,1,0,0,0,0.212403
11.670538739701835,32,10,0.0727,0.212403,16,1,0,0,0,-0.05219
11.618348812740974,33,11,0.0727,-0.05219,18,1,0,0,0,-0.089129
11.529220013640721,34,12,0.0727,-0.089129,20,1,0,0,0,0.159801
11.689021401205874,35,13,0.0727,0.159801,22,1,0,0,0,0.177189
11.866210213124116,36,14,0.0727,0.177189,24,1,0,0,0,0.329044
12.1952538928931,37,15,0.0727,0.329044,26,1,0,0,0,0.241921
12.699450657402215,31,9,0.2949,0.0,1,1,0,0,0,0.024704
12.724154519880237,32,10,0.2949,0.024704,3,1,0,0,0,0.04757
12.77172415349431,33,11,0.2949,0.04757,5,1,0,0,0,0.048369
12.8200932540077,34,12,0.2949,0.048369,7,1,0,0,0,0.218151
13.038244094531358,35,13,0.2949,0.218151,0,1,0,0,0,0.005949
13.044193182364348,36,14,0.2949,0.005949,2,1,0,0,0,0.186632
13.230825561999689,37,15,0.2949,0.186632,4,1,0,0,0,0.148478
13.37930373300074,38,16,0.2949,0.148478,6,1,0,0,0,0.237445
13.616748657257338,39,17,0.2949,0.237445,8,1,0,0,0,0.064287
13.681036087893034,40,18,0.2949,0.064287,10,1,0,0,0,0.342159
14.023195386861836,41,19,0.2949,0.342159,0,1,0,0,0,0.260966
14.284161310498513,42,20,0.2949,0.260966,2,1,0,0,0,-0.100122
14.184039157767065,43,21,0.2949,-0.100122,4,1,0,0,0,0.004719
14.18875793028231,44,22,0.2949,0.004719,6,1,0,0,0,0.413229
14.601986799365916,45,23,0.2949,0.413229,8,1,0,0,0,0.118275
14.720261991134555,46,24,0.2949,0.118275,10,1,0,0,0,0.102776
11.002099841204238,34,12,0.4312,0.0,1,0,1,0,0,0.0
11.002099841204238,35,13,0.4312,0.0,1,0,1,0,0,0.0
11.002099841204238,36,14,0.4312,0.0,0,0,1,0,0,0.0
11.002099841204238,37,15,0.4312,0.0,0,0,1,0,0,0.0
11.002099841204238,38,16,0.4312,0.0,1,0,1,0,0,0.0
11.002099841204238,39,17,0.4312,0.0,0,0,1,0,0,0.273503
11.275602846058701,40,18,0.4312,0.273503,1,0,1,0,0,0.109316
11.384918939754213,41,19,0.4312,0.109316,1,0,1,0,0,-0.149312
11.235606881588287,42,20,0.4312,-0.149312,1,0,1,0,0,0.096573
11.332179541973106,43,21,0.4312,0.096573,1,0,1,0,0,0.879806
12.211985600050852,44,22,0.4312,0.879806,1,0,1,0,0,0.316543
12.528528410999638,45,23,0.4312,0.316543,1,0,1,0,0,0.453293
12.981821141379049,46,24,0.4312,0.453293,1,0,1,0,0,-0.501812
12.48000892225821,47,25,0.4312,-0.501812,1,0,1,0,0,-0.144768
12.335240965993062,48,26,0.4312,-0.144768,1,0,1,0,0,-0.027511
12.307729523474878,49,27,0.4312,-0.027511,1,0,1,0,0,0.107986
13.231347189638198,28,6,0.6696,0.0,1,1,0,0,0,0.153868
13.385215127527092,29,7,0.6696,0.153868,3,1,0,0,0,0.039867
13.425082020601725,30,8,0.6696,0.039867,5,1,0,0,0,0.085299
13.51038134363517,31,9,0.6696,0.085299,7,1,0,0,0,0.13994
13.65032160365094,32,10,0.6696,0.13994,0,1,0,0,0,-0.024173
13.626148651187176,33,11,0.6696,-0.024173,2,1,0,0,0,-0.190931
13.435217473958268,34,12,0.6696,-0.190931,4,1,0,0,0,-0.013527
13.42169030752278,35,13,0.6696,-0.013527,6,1,0,0,0,-0.141292
13.280397809068765,36,14,0.6696,-0.141292,8,1,0,0,0,0.00926
13.289657384047404,37,15,0.6696,0.00926,10,1,0,0,0,-0.139777
13.149880038229842,38,16,0.6696,-0.139777,12,1,0,0,0,0.045829
13.19570884300294,39,17,0.6696,0.045829,14,1,0,0,0,0.137681
13.333389485457449,40,18,0.6696,0.137681,16,1,0,0,0,0.113899
13.4472881896679,41,19,0.6696,0.113899,18,1,0,0,0,0.299734
13.747022557127424,42,20,0.6696,0.299734,20,1,0,0,0,0.123966
13.870988768393154,43,21,0.6696,0.123966,22,1,0,0,0,0.058595
12.694620334071528,25,3,0.3107,0.0,1,1,0,0,1,0.050036
12.744655973269719,26,4,0.3107,0.050036,3,1,0,0,1,0.166975
12.91163084441063,27,5,0.3107,0.166975,5,1,0,0,1,0.371034
13.282664914169969,28,6,0.3107,0.371034,0,1,0,0,1,-0.257189
13.025475781917326,29,7,0.3107,-0.257189,2,1,0,0,1,-0.178314
12.847162107982069,30,8,0.3107,-0.178314,4,1,0,0,1,0.064818
12.91198034908399,31,9,0.3107,0.064818,6,1,0,0,1,0.210259
13.122239123516678,32,10,0.3107,0.210259,8,1,0,0,1,0.331841
13.45408037279834,33,11,0.3107,0.331841,10,1,0,0,1,0.309631
13.763711671011261,34,12,0.3107,0.309631,12,1,0,0,1,0.235472
13.999183801760955,35,13,0.3107,0.235472,14,1,0,0,1,0.118587
14.117770989608797,36,14,0.3107,0.118587,16,1,0,0,1,0.065682
14.183452598210314,37,15,0.3107,0.065682,0,1,0,0,1,0.06088
14.244332336974097,38,16,0.3107,0.06088,2,1,0,0,1,0.173455
14.417787058905178,39,17,0.3107,0.173455,4,1,0,0,1,0.059272
14.47705895638869,40,18,0.3107,0.059272,6,1,0,0,1,-0.414767
12.855473882474557,23,1,0.6724,0.0,1,0,0,1,0,-0.47829
12.377184097074727,24,2,0.6724,-0.47829,3,0,0,1,0,0.595873
12.973056811646112,25,3,0.6724,0.595873,5,0,0,1,0,-0.246693
12.72636400243067,26,4,0.6724,-0.246693,7,0,0,1,0,0.16812
12.894484372117226,27,5,0.6724,0.16812,0,0,0,1,0,-0.164493
12.729990970753391,28,6,0.6724,-0.164493,0,0,0,1,0,0.27251
13.002500984007392,29,7,0.6724,0.27251,2,0,0,1,0,0.12593
13.1284307375719,30,8,0.6724,0.12593,4,0,0,1,0,0.255047
13.383477655770092,31,9,0.6724,0.255047,0,0,0,1,0,-0.04882
13.334657546026026,32,10,0.6724,-0.04882,2,0,0,1,0,-0.468247
12.866410567265781,33,11,0.6724,-0.468247,4,0,0,1,0,-0.435716
12.430694993836433,34,12,0.6724,-0.435716,6,0,0,1,0,-0.495023
11.935671568947205,35,13,0.6724,-0.495023,8,0,0,1,0,-0.356639
11.579032950123459,36,14,0.6724,-0.356639,0,0,0,1,0,-0.37315
11.205882556981685,37,15,0.6724,-0.37315,2,0,0,1,0,-0.203783
11.002099841204238,38,16,0.6724,-0.203783,4,0,0,1,0,0.0
14.361771918547992,31,9,0.5062,0.0,1,0,1,0,1,0.813351
15.175122822860397,32,10,0.5062,0.813351,3,0,1,0,1,0.403694
15.578816593417352,33,11,0.5062,0.403694,5,0,1,0,1,0.402803
15.981619852488912,34,12,0.5062,0.402803,7,0,1,0,1,-0.385617
15.596003204779358,35,13,0.5062,-0.385617,9,0,1,0,1,-0.069409
15.52659450795867,36,14,0.5062,-0.069409,11,0,1,0,1,-0.798435
14.72815920111582,37,15,0.5062,-0.798435,13,0,1,0,1,-0.096227
14.631931971556574,38,16,0.5062,-0.096227,15,0,1,0,1,-0.278506
14.353425784153188,39,17,0.5062,-0.278506,17,0,1,0,1,-0.369567
13.98385904819134,40,18,0.5062,-0.369567,0,0,1,0,1,0.491185
14.475043676805859,41,19,0.5062,0.491185,2,0,1,0,1,0.784127
15.259170513736347,42,20,0.5062,0.784127,0,0,1,0,1,0.268733
15.527903350278766,43,21,0.5062,0.268733,0,0,1,0,1,0.330334
15.858236974454968,44,22,0.5062,0.330334,0,0,1,0,1,-0.822126
15.036110554921514,45,23,0.5062,-0.822126,2,0,1,0,1,-0.084199
14.951911412549611,46,24,0.5062,-0.084199,4,0,1,0,1,0.560214
11.829472223380835,34,12,0.6813,0.0,1,0,1,0,0,0.592636
12.42210801078,35,13,0.6813,0.592636,0,0,1,0,0,0.183903
12.606011218852453,36,14,0.6813,0.183903,2,0,1,0,0,-0.184798
12.421212809877076,37,15,0.6813,-0.184798,4,0,1,0,0,0.090736
12.511948398596736,38,16,0.6813,0.090736,6,0,1,0,0,-0.022885
12.489063206287733,39,17,0.6813,-0.022885,8,0,1,0,0,0.490173
12.979236660386015,40,18,0.6813,0.490173,10,0,1,0,0,0.341201
13.32043743803393,41,19,0.6813,0.341201,12,0,1,0,0,0.249401
13.569838256080743,42,20,0.6813,0.249401,14,0,1,0,0,0.421554
13.991392696404565,43,21,0.6813,0.421554,0,0,1,0,0,0.253668
14.245060352123595,44,22,0.6813,0.253668,2,0,1,0,0,-0.30842
13.936640307446751,45,23,0.6813,-0.30842,0,0,1,0,0,-0.145353
13.7912870574399,46,24,0.6813,-0.145353,2,0,1,0,0,-0.508597
13.282689633237643,47,25,0.6813,-0.508597,4,0,1,0,0,0.432434
13.715123404942483,48,26,0.6813,0.432434,6,0,1,0,0,1.134127
14.849250492347258,49,27,0.6813,1.134127,8,0,1,0,0,0.556316
11.02636347125047,31,9,0.2139,0.0,1,1,0,0,1,0.14974
11.176103100249595,32,10,0.2139,0.14974,3,1,0,0,1,0.21941
11.395513312899057,33,11,0.2139,0.21941,5,1,0,0,1,0.471382
11.866895210389988,34,12,0.2139,0.471382,7,1,0,0,1,0.135579
12.00247385603556,35,13,0.2139,0.135579,9,1,0,0,1,0.201357
12.203830613201472,36,14,0.2139,0.201357,11,1,0,0,1,0.403056
12.606886670159009,37,15,0.2139,0.403056,0,1,0,0,1,0.309213
12.916099885401927,38,16,0.2139,0.309213,2,1,0,0,1,0.682606
13.598706283683256,39,17,0.2139,0.682606,0,1,0,0,1,0.236031
13.834737133580864,40,18,0.2139,0.236031,2,1,0,0,1,0.113551
13.948288130173852,41,19,0.2139,0.113551,4,1,0,0,1,0.167266
14.11555402091397,42,20,0.2139,0.167266,6,1,0,0,1,0.124533
14.24008741932942,43,21,0.2139,0.124533,8,1,0,0,1,0.060767
14.300854091662154,44,22,0.2139,0.060767,10,1,0,0,1,-0.133489
14.167365542460749,45,23,0.2139,-0.133489,12,1,0,0,1,-0.045089
14.122276117275643,46,24,0.2139,-0.045089,14,1,0,0,1,-0.107951
12.0410528557847,31,9,0.1198,0.0,1,1,0,0,0,0.484756
12.525808902191525,32,10,0.1198,0.484756,0,1,0,0,0,0.064671
12.590479926407944,33,11,0.1198,0.064671,2,1,0,0,0,0.122851
12.713330821577205,34,12,0.1198,0.122851,4,1,0,0,0,-0.049554
12.663776801612537,35,13,0.1198,-0.049554,6,1,0,0,0,-0.021333
12.642443365235104,36,14,0.1198,-0.021333,8,1,0,0,0,-0.045734
12.596709282617896,37,15,0.1198,-0.045734,0,1,0,0,0,0.090774
12.687483160113361,38,16,0.1198,0.090774,2,1,0,0,0,0.531237
13.218720103371346,39,17,0.1198,0.531237,0,1,0,0,0,0.023858
13.242577992527732,40,18,0.1198,0.023858,2,1,0,0,0,0.060266
13.302844437069412,41,19,0.1198,0.060266,4,1,0,0,0,0.282325
13.585169361257353,42,20,0.1198,0.282325,0,1,0,0,0,-0.03332
13.55184956347004,43,21,0.1198,-0.03332,2,1,0,0,0,-0.023005
13.528844305720817,44,22,0.1198,-0.023005,4,1,0,0,0,0.117824
13.646668240012858,45,23,0.1198,0.117824,6,1,0,0,0,0.181561
13.828229318699922,46,24,0.1198,0.181561,8,1,0,0,0,0.229988
11.769166703221922,24,2,0.1581,0.0,1,1,0,0,0,0.251295
12.020461845898758,25,3,0.1581,0.251295,1,1,0,0,0,0.281005
12.301467105110019,26,4,0.1581,0.281005,1,1,0,0,0,0.255022
12.556489584627082,27,5,0.1581,0.255022,0,1,0,0,0,0.067492
12.623981196810892,28,6,0.1581,0.067492,1,1,0,0,0,0.151961
12.775942470681136,29,7,0.1581,0.151961,1,1,0,0,0,0.185903
12.961845629018912,30,8,0.1581,0.185903,0,1,0,0,0,0.177696
13.139541239213031,31,9,0.1581,0.177696,1,1,0,0,0,0.349552
13.489092874876729,32,10,0.1581,0.349552,0,1,0,0,0,0.018243
13.50733601067222,33,11,0.1581,0.018243,1,1,0,0,0,0.055132
13.56246793801233,34,12,0.1581,0.055132,1,1,0,0,0,0.063444
13.625911635454914,35,13,0.1581,0.063444,1,1,0,0,0,0.237356
13.863267239268168,36,14,0.1581,0.237356,1,1,0,0,0,0.613222
14.476489357468624,37,15,0.1581,0.613222,0,1,0,0,0,0.35074
14.827229173989114,38,16,0.1581,0.35074,1,1,0,0,0,0.215282
15.042510945094342,39,17,0.1581,0.215282,1,1,0,0,0,0.432719
11.593135997814064,33,11,0.2437,0.0,1,1,0,0,1,0.17115
11.764285986680594,34,12,0.2437,0.17115,3,1,0,0,1,0.183868
11.948153605576397,35,13,0.2437,0.183868,5,1,0,0,1,0.054867
12.003020881158516,36,14,0.2437,0.054867,7,1,0,0,1,0.097656
12.100676584859725,37,15,0.2437,0.097656,9,1,0,0,1,0.13326
12.233936415456343,38,16,0.2437,0.13326,11,1,0,0,1,0.074676
12.308612171703789,39,17,0.2437,0.074676,13,1,0,0,1,0.627241
12.935853341553846,40,18,0.2437,0.627241,0,1,0,0,1,0.217627
13.15348034821823,41,19,0.2437,0.217627,2,1,0,0,1,0.411058
13.564538788900922,42,20,0.2437,0.411058,4,1,0,0,1,0.447197
14.011736233897826,43,21,0.2437,0.447197,6,1,0,0,1,0.10911
14.120846641413726,44,22,0.2437,0.10911,8,1,0,0,1,-0.023667
14.097179760615397,45,23,0.2437,-0.023667,10,1,0,0,1,0.066593
14.163773241784154,46,24,0.2437,0.066593,12,1,0,0,1,0.336523
14.500296108701718,47,25,0.2437,0.336523,14,1,0,0,1,-0.18267
14.317626182007121,48,26,0.2437,-0.18267,16,1,0,0,1,-0.061378
13.362794405975478,24,2,0.1945,0.0,1,1,0,0,1,-0.065966
13.296828421365873,25,3,0.1945,-0.065966,3,1,0,0,1,-0.193245
13.103583766420755,26,4,0.1945,-0.193245,5,1,0,0,1,-0.000917
13.102666922974297,27,5,0.1945,-0.000917,7,1,0,0,1,0.331302
13.433968545640148,28,6,0.1945,0.331302,9,1,0,0,1,-0.049413
13.384555703318119,29,7,0.1945,-0.049413,11,1,0,0,1,-0.070162
13.314393267225627,30,8,0.1945,-0.070162,13,1,0,0,1,-0.080183
13.234210287262208,31,9,0.1945,-0.080183,15,1,0,0,1,-0.078439
13.155771594781335,32,10,0.1945,-0.078439,0,1,0,0,1,0.104462
13.26023338791652,33,11,0.1945,0.104462,2,1,0,0,1,0.118179
13.378412552507754,34,12,0.1945,0.118179,4,1,0,0,1,-0.154286
13.22412610014211,35,13,0.1945,-0.154286,6,1,0,0,1,-0.00163
13.222495902568275,36,14,0.1945,-0.00163,8,1,0,0,1,0.177553
13.400048532752008,37,15,0.1945,0.177553,10,1,0,0,1,0.148838
13.548886052020515,38,16,0.1945,0.148838,12,1,0,0,1,0.41855
13.96743584825313,39,17,0.1945,0.41855,14,1,0,0,1,-0.052498
14.21444138851691,25,3,0.8518,0.0,1,0,1,0,0,0.514299
14.728740603590685,26,4,0.8518,0.514299,3,0,1,0,0,-0.759249
13.969492055722473,27,5,0.8518,-0.759249,5,0,1,0,0,-0.812099
13.157393162044615,28,6,0.8518,-0.812099,7,0,1,0,0,-0.044121
13.113271876906776,29,7,0.8518,-0.044121,9,0,1,0,0,0.209415
13.32268681454172,30,8,0.8518,0.209415,11,0,1,0,0,-0.249382
13.073305119030085,31,9,0.8518,-0.249382,13,0,1,0,0,0.25423
13.327534988471683,32,10,0.8518,0.25423,15,0,1,0,0,0.019461
13.346995936729304,33,11,0.8518,0.019461,17,0,1,0,0,0.183219
13.530215221296784,34,12,0.8518,0.183219,19,0,1,0,0,0.950191
14.48040659478761,35,13,0.8518,0.950191,21,0,1,0,0,0.297724
14.77813068351804,36,14,0.8518,0.297724,23,0,1,0,0,1.142091
15.920221924117085,37,15,0.8518,1.142091,0,0,1,0,0,0.041763
15.961984620242726,38,16,0.8518,0.041763,0,0,1,0,0,-0.329093
15.632891488092346,39,17,0.8518,-0.329093,2,0,1,0,0,0.629291
16.26218248659301,40,18,0.8518,0.629291,0,0,1,0,0,-0.183249
11.002099841204238,23,1,0.4355,0.0,1,1,0,0,0,0.0
11.002099841204238,24,2,0.4355,0.0,1,1,0,0,0,0.0
11.002099841204238,25,3,0.4355,0.0,1,1,0,0,0,0.0
11.002099841204238,26,4,0.4355,0.0,1,1,0,0,0,0.0
11.002099841204238,27,5,0.4355,0.0,1,1,0,0,0,0.0
11.002099841204238,28,6,0.4355,0.0,0,1,0,0,0,0.0
11.002099841204238,29,7,0.4355,0.0,1,1,0,0,0,0.011532
11.013632066944327,30,8,0.4355,0.011532,1,1,0,0,0,0.055379
11.069010754029083,31,9,0.4355,0.055379,1,1,0,0,0,0.023238
11.092248381046536,32,10,0.4355,0.023238,1,1,0,0,0,0.042223
11.134470900906488,33,11,0.4355,0.042223,1,1,0,0,0,-0.000695
11.133776037943722,34,12,0.4355,-0.000695,1,1,0,0,0,0.135489
11.269265008864288,35,13,0.4355,0.135489,1,1,0,0,0,0.389047
11.658311695103649,36,14,0.4355,0.389047,1,1,0,0,0,0.233244
11.891556155510852,37,15,0.4355,0.233244,1,1,0,0,0,0.264713
12.15626930165354,38,16,0.4355,0.264713,1,1,0,0,0,0.403675
12.18048162812346,32,10,0.2446,0.0,1,1,0,0,1,0.245182
12.425663398231812,33,11,0.2446,0.245182,3,1,0,0,1,0.318299
12.743962107343112,34,12,0.2446,0.318299,5,1,0,0,1,-0.018249
12.725713492357013,35,13,0.2446,-0.018249,7,1,0,0,1,0.108118
12.833831804273956,36,14,0.2446,0.108118,9,1,0,0,1,0.446921
13.280752977311984,37,15,0.2446,0.446921,11,1,0,0,1,-0.025031
13.255721540606471,38,16,0.2446,-0.025031,13,1,0,0,1,0.018727
13.27444861390171,39,17,0.2446,0.018727,15,1,0,0,1,0.14319
13.417638396557736,40,18,0.2446,0.14319,17,1,0,0,1,-0.306925
13.110713522963529,41,19,0.2446,-0.306925,19,1,0,0,1,0.098607
13.209320023139506,42,20,0.2446,0.098607,21,1,0,0,1,0.111412
13.320731583593282,43,21,0.2446,0.111412,23,1,0,0,1,-0.140233
13.180498130150694,44,22,0.2446,-0.140233,25,1,0,0,1,-0.150424
13.030073631808062,45,23,0.2446,-0.150424,27,1,0,0,1,0.217637
13.247710563612468,46,24,0.2446,0.217637,29,1,0,0,1,-0.05439
13.193320362915692,47,25,0.2446,-0.05439,31,1,0,0,1,0.028406
13.90168380792136,26,4,0.5217,0.0,1,0,0,1,0,0.451946
14.35363024657772,27,5,0.5217,0.451946,0,0,0,1,0,0.259433
14.613063716000678,28,6,0.5217,0.259433,0,0,0,1,0,-0.207838
14.405226125423823,29,7,0.5217,-0.207838,2,0,0,1,0,0.408971
14.814197074906383,30,8,0.5217,0.408971,4,0,0,1,0,0.6504
15.464596877421346,31,9,0.5217,0.6504,6,0,0,1,0,-0.391592
15.073005052627877,32,10,0.5217,-0.391592,8,0,0,1,0,0.034388
15.10739311705183,33,11,0.5217,0.034388,10,0,0,1,0,-0.411954
14.69543875301201,34,12,0.5217,-0.411954,12,0,0,1,0,0.496324
15.19176277484311,35,13,0.5217,0.496324,14,0,0,1,0,-0.533389
14.658373487707188,36,14,0.5217,-0.533389,16,0,0,1,0,0.01287
14.671243700313072,37,15,0.5217,0.01287,18,0,0,1,0,0.135839
14.807082974994097,38,16,0.5217,0.135839,20,0,0,1,0,0.09256
14.89964260175919,39,17,0.5217,0.09256,22,0,0,1,0,0.187085
15.086727390417394,40,18,0.5217,0.187085,24,0,0,1,0,-0.393317
14.6934106000855,41,19,0.5217,-0.393317,26,0,0,1,0,-0.108321
16.105590632720812,24,2,0.8374,0.0,1,0,1,0,1,-0.705035
15.400555767694264,25,3,0.8374,-0.705035,3,0,1,0,1,-0.202151
15.198404457359745,26,4,0.8374,-0.202151,0,0,1,0,1,-0.008589
15.189815563252699,27,5,0.8374,-0.008589,2,0,1,0,1,-0.199887
14.989928971122845,28,6,0.8374,-0.199887,4,0,1,0,1,0.405324
15.395252471961198,29,7,0.8374,0.405324,6,0,1,0,1,0.702808
16.098060186374138,30,8,0.8374,0.702808,8,0,1,0,1,-0.325871
15.772189319804143,31,9,0.8374,-0.325871,10,0,1,0,1,-0.420098
15.352091359050146,32,10,0.8374,-0.420098,12,0,1,0,1,-0.783982
14.568109304620632,33,11,0.8374,-0.783982,14,0,1,0,1,-0.030065
14.538044304312454,34,12,0.8374,-0.030065,16,0,1,0,1,0.039475
14.577519223770851,35,13,0.8374,0.039475,0,0,1,0,1,0.383529
14.961048490929734,36,14,0.8374,0.383529,0,0,1,0,1,0.579727
15.540775039749882,37,15,0.8374,0.579727,2,0,1,0,1,0.869203
16.40997831903948,38,16,0.8374,0.869203,4,0,1,0,1,0.518077
16.92805555424255,39,17,0.8374,0.518077,0,0,1,0,1,-0.04625
11.648618955744421,34,12,0.0766,0.0,1,1,0,0,1,0.093579
11.742197770378702,35,13,0.0766,0.093579,3,1,0,0,1,0.198577
11.940774468924698,36,14,0.0766,0.198577,5,1,0,0,1,0.17123
12.112004124180011,37,15,0.0766,0.17123,7,1,0,0,1,0.308848
12.42085163085171,38,16,0.0766,0.308848,9,1,0,0,1,0.413794
12.834645310586662,39,17,0.0766,0.413794,11,1,0,0,1,0.264689
13.099334576963118,40,18,0.0766,0.264689,13,1,0,0,1,0.26875
13.368084169262358,41,19,0.0766,0.26875,15,1,0,0,1,0.218564
13.58664848718725,42,20,0.0766,0.218564,17,1,0,0,1,0.228554
13.815202660197626,43,21,0.0766,0.228554,0,1,0,0,1,0.250467
14.06566943419289,44,22,0.0766,0.250467,0,1,0,0,1,0.017577
14.083246246101456,45,23,0.0766,0.017577,2,1,0,0,1,0.097983
14.181229251582696,46,24,0.0766,0.097983,4,1,0,0,1,0.040166
14.221395400738595,47,25,0.0766,0.040166,6,1,0,0,1,-0.04876
14.172635823498362,48,26,0.0766,-0.04876,8,1,0,0,1,-0.105395
14.067241177745862,49,27,0.0766,-0.105395,10,1,0,0,1,-0.025164
12.000844122989186,32,10,0.3053,0.0,1,1,0,0,1,-0.072783
11.928061023351935,33,11,0.3053,-0.072783,3,1,0,0,1,0.595212
12.523273361992286,34,12,0.3053,0.595212,0,1,0,0,1,0.31082
12.83409286981099,35,13,0.3053,0.31082,2,1,0,0,1,0.275311
13.109403397165021,36,14,0.3053,0.275311,4,1,0,0,1,0.117289
13.226692103973983,37,15,0.3053,0.117289,6,1,0,0,1,0.16848
13.39517226576252,38,16,0.3053,0.16848,8,1,0,0,1,0.250003
13.645175158072572,39,17,0.3053,0.250003,10,1,0,0,1,0.081213
13.726387986414492,40,18,0.3053,0.081213,12,1,0,0,1,0.054095
13.780483256165251,41,19,0.3053,0.054095,14,1,0,0,1,0.099103
13.8795861559643,42,20,0.3053,0.099103,16,1,0,0,1,0.234547
14.114133255051488,43,21,0.3053,0.234547,18,1,0,0,1,-0.148618
13.965515743192576,44,22,0.3053,-0.148618,20,1,0,0,1,-0.015089
13.950426720686746,45,23,0.3053,-0.015089,22,1,0,0,1,-0.180748
13.769678478211205,46,24,0.3053,-0.180748,24,1,0,0,1,0.077559
13.847237560088821,47,25,0.3053,0.077559,26,1,0,0,1,0.482121
11.090079202105011,23,1,0.5438,0.0,1,0,1,0,1,0.196411
11.286489731587912,24,2,0.5438,0.196411,3,0,1,0,1,0.202813
11.489302956490308,25,3,0.5438,0.202813,5,0,1,0,1,-0.022929
11.466373717859177,26,4,0.5438,-0.022929,0,0,1,0,1,0.110909
11.577283120385768,27,5,0.5438,0.110909,0,0,1,0,1,0.514395
12.091678512504306,28,6,0.5438,0.514395,2,0,1,0,1,0.551518
12.643196247619866,29,7,0.5438,0.551518,0,0,1,0,1,0.649641
13.292836784809722,30,8,0.5438,0.649641,2,0,1,0,1,-0.121635
13.171201772139401,31,9,0.5438,-0.121635,4,0,1,0,1,0.327642
13.498843974682583,32,10,0.5438,0.327642,0,0,1,0,1,0.546558
14.045402005457278,33,11,0.5438,0.546558,2,0,1,0,1,0.362961
14.408363494607917,34,12,0.5438,0.362961,4,0,1,0,1,0.15773
14.5660933028493,35,13,0.5438,0.15773,6,0,1,0,1,0.441189
15.007282747994577,36,14,0.5438,0.441189,8,0,1,0,1,0.185494
15.192776270275202,37,15,0.5438,0.185494,10,0,1,0,1,0.363082
15.555857819220508,38,16,0.5438,0.363082,12,0,1,0,1,-0.469276
12.1362684102316,26,4,0.4606,0.0,1,1,0,0,0,-0.050439
12.08582979420224,27,5,0.4606,-0.050439,3,1,0,0,0,0.026937
12.112766727204987,28,6,0.4606,0.026937,5,1,0,0,0,0.048528
12.161294936014693,29,7,0.4606,0.048528,7,1,0,0,0,0.319706
12.48100124514267,30,8,0.4606,0.319706,9,1,0,0,0,0.069129
12.550130075874941,31,9,0.4606,0.069129,11,1,0,0,0,0.236231
12.786361203968722,32,10,0.4606,0.236231,13,1,0,0,0,0.182426
12.968787485793623,33,11,0.4606,0.182426,0,1,0,0,0,0.070088
13.038875124882034,34,12,0.4606,0.070088,2,1,0,0,0,0.274917
13.313792546910326,35,13,0.4606,0.274917,4,1,0,0,0,0.113088
13.426880919944898,36,14,0.4606,0.113088,6,1,0,0,0,-0.054636
13.372244960254367,37,15,0.4606,-0.054636,0,1,0,0,0,-0.04533
13.326915268369367,38,16,0.4606,-0.04533,2,1,0,0,0,0.065456
13.392371100240515,39,17,0.4606,0.065456,4,1,0,0,0,-0.096594
13.2957773468056,40,18,0.4606,-0.096594,6,1,0,0,0,-0.173186
13.122591226634999,41,19,0.4606,-0.173186,8,1,0,0,0,-0.339606
13.119017116602054,23,1,0.0033,0.0,1,1,0,0,1,0.048678
13.16769507330058,24,2,0.0033,0.048678,3,1,0,0,1,0.066954
13.234649105066694,25,3,0.0033,0.066954,5,1,0,0,1,0.16868
13.40332876639566,26,4,0.0033,0.16868,7,1,0,0,1,0.778924
14.182252973551163,27,5,0.0033,0.778924,0,1,0,0,1,-0.071336
14.110917174062081,28,6,0.0033,-0.071336,2,1,0,0,1,-0.066098
14.044819455526435,29,7,0.0033,-0.066098,4,1,0,0,1,0.04522
14.09003903255781,30,8,0.0033,0.04522,0,1,0,0,1,0.546911
14.63695018962642,31,9,0.0033,0.546911,0,1,0,0,1,-0.214252
14.422698116523335,32,10,0.0033,-0.214252,0,1,0,0,1,-0.067586
14.355112042953849,33,11,0.0033,-0.067586,2,1,0,0,1,0.074403
14.429515388460437,34,12,0.0033,0.074403,4,1,0,0,1,0.162498
14.592013090237979,35,13,0.0033,0.162498,6,1,0,0,1,0.197879
14.789891929533857,36,14,0.0033,0.197879,8,1,0,0,1,0.152917
14.942808764402065,37,15,0.0033,0.152917,10,1,0,0,1,-0.074651
14.868158068539914,38,16,0.0033,-0.074651,12,1,0,0,1,0.014348
12.205764358743355,23,1,0.3101,0.0,1,1,0,0,1,0.315669
12.521433652622699,24,2,0.3101,0.315669,3,1,0,0,1,0.149608
12.671041189726377,25,3,0.3101,0.149608,5,1,0,0,1,0.086126
12.757167399861974,26,4,0.3101,0.086126,7,1,0,0,1,0.320792
13.077959109096755,27,5,0.3101,0.320792,9,1,0,0,1,0.27915
13.357109007154175,28,6,0.3101,0.27915,11,1,0,0,1,0.09921
13.4563187896196,29,7,0.3101,0.09921,13,1,0,0,1,0.321976
13.778294984020196,30,8,0.3101,0.321976,15,1,0,0,1,0.162975
13.941269629684752,31,9,0.3101,0.162975,17,1,0,0,1,0.042036
13.983305160477904,32,10,0.3101,0.042036,19,1,0,0,1,0.086362
14.069667058128218,33,11,0.3101,0.086362,21,1,0,0,1,-0.07423
13.995437042693045,34,12,0.3101,-0.07423,23,1,0,0,1,0.334941
14.33037849277745,35,13,0.3101,0.334941,0,1,0,0,1,0.257744
14.588122673572482,36,14,0.3101,0.257744,0,1,0,0,1,0.144794
14.732916903078904,37,15,0.3101,0.144794,2,1,0,0,1,0.095389
14.828306229137487,38,16,0.3101,0.095389,4,1,0,0,1,0.08612
13.535833584926909,24,2,0.3743,0.0,1,1,0,0,1,-0.103802
13.43203198962749,25,3,0.3743,-0.103802,3,1,0,0,1,-0.357529
13.074502597892987,26,4,0.3743,-0.357529,5,1,0,0,1,-0.386592
12.687910322057773,27,5,0.3743,-0.386592,7,1,0,0,1,-0.050274
12.637636645989028,28,6,0.3743,-0.050274,9,1,0,0,1,0.101872
12.739509008671122,29,7,0.3743,0.101872,11,1,0,0,1,0.229041
12.968549620955146,30,8,0.3743,0.229041,13,1,0,0,1,0.191561
13.160110355871263,31,9,0.3743,0.191561,15,1,0,0,1,0.088029
13.248139476290278,32,10,0.3743,0.088029,17,1,0,0,1,0.050929
13.29906875103837,33,11,0.3743,0.050929,19,1,0,0,1,-0.029853
13.269215254390001,34,12,0.3743,-0.029853,21,1,0,0,1,-0.029921
13.239294599510782,35,13,0.3743,-0.029921,23,1,0,0,1,-0.083227
13.156067691668643,36,14,0.3743,-0.083227,0,1,0,0,1,-0.334615
12.821453120658154,37,15,0.3743,-0.334615,2,1,0,0,1,-0.393979
12.427474417128836,38,16,0.3743,-0.393979,4,1,0,0,1,-0.235573
12.19190129361357,39,17,0.3743,-0.235573,6,1,0,0,1,-0.248175
13.882841726080057,24,2,0.2747,0.0,1,1,0,0,0,-0.085586
13.797255874749181,25,3,0.2747,-0.085586,1,1,0,0,0,0.334541
14.131796472708308,26,4,0.2747,0.334541,0,1,0,0,0,0.306859
14.438655800935093,27,5,0.2747,0.306859,1,1,0,0,0,-0.146826
14.291829979842593,28,6,0.2747,-0.146826,1,1,0,0,0,-0.203198
14.088631845013703,29,7,0.2747,-0.203198,1,1,0,0,0,0.221672
14.31030342214648,30,8,0.2747,0.221672,0,1,0,0,0,-0.051072
14.259231778552115,31,9,0.2747,-0.051072,1,1,0,0,0,0.308995
14.56822647929639,32,10,0.2747,0.308995,1,1,0,0,0,-0.211533
14.356693340323117,33,11,0.2747,-0.211533,1,1,0,0,0,-0.024288
14.332405084940547,34,12,0.2747,-0.024288,1,1,0,0,0,0.148336
14.480740928810588,35,13,0.2747,0.148336,1,1,0,0,0,-0.176631
14.304109864500655,36,14,0.2747,-0.176631,1,1,0,0,0,0.127072
14.431181429948253,37,15,0.2747,0.127072,1,1,0,0,0,0.287472
14.718653622447087,38,16,0.2747,0.287472,1,1,0,0,0,0.216052
14.934705865901643,39,17,0.2747,0.216052,1,1,0,0,0,0.541849
12.144312246825207,25,3,0.2597,0.0,1,1,0,0,0,-0.009797
12.134514915232781,26,4,0.2597,-0.009797,3,1,0,0,0,0.010138
12.144653199347987,27,5,0.2597,0.010138,5,1,0,0,0,0.298834
12.443487438634586,28,6,0.2597,0.298834,7,1,0,0,0,0.205503
12.648990783379576,29,7,0.2597,0.205503,9,1,0,0,0,-0.020027
12.62896331946258,30,8,0.2597,-0.020027,11,1,0,0,0,0.344252
12.973215261134639,31,9,0.2597,0.344252,0,1,0,0,0,0.203082
13.17629728891173,32,10,0.2597,0.203082,2,1,0,0,0,0.276534
13.452831435732941,33,11,0.2597,0.276534,0,1,0,0,0,0.213984
13.666815174047024,34,12,0.2597,0.213984,2,1,0,0,0,0.078132
13.7449472096589,35,13,0.2597,0.078132,4,1,0,0,0,-0.166988
13.577959570245657,36,14,0.2597,-0.166988,6,1,0,0,0,0.181692
13.759651701330627,37,15,0.2597,0.181692,0,1,0,0,0,-0.04147
13.718181861999735,38,16,0.2597,-0.04147,2,1,0,0,0,0.175611
13.893792929825102,39,17,0.2597,0.175611,0,1,0,0,0,0.242743
14.136536340696237,40,18,0.2597,0.242743,0,1,0,0,0,0.256571
11.66769952144182,34,12,0.22,0.0,1,1,0,0,1,0.129257
11.796956841462869,35,13,0.22,0.129257,3,1,0,0,1,0.122392
11.919349043046617,36,14,0.22,0.122392,0,1,0,0,1,-0.113824
11.805525531224736,37,15,0.22,-0.113824,2,1,0,0,1,0.226021
12.031546674602573,38,16,0.22,0.226021,4,1,0,0,1,0.038722
12.070269027809971,39,17,0.22,0.038722,6,1,0,0,1,0.239783
12.31005223827397,40,18,0.22,0.239783,8,1,0,0,1,0.239347
12.549399302709732,41,19,0.22,0.239347,10,1,0,0,1,0.010659
12.560057935540348,42,20,0.22,0.010659,12,1,0,0,1,0.049767
12.609824578289532,43,21,0.22,0.049767,14,1,0,0,1,0.327518
12.937343077606087,44,22,0.22,0.327518,16,1,0,0,1,0.339109
13.276451678091915,45,23,0.22,0.339109,18,1,0,0,1,0.263961
13.540413166942974,46,24,0.22,0.263961,20,1,0,0,1,0.103974
13.6443871153138,47,25,0.22,0.103974,22,1,0,0,1,0.426114
14.070501196648124,48,26,0.22,0.426114,24,1,0,0,1,0.280763
14.351264378854815,49,27,0.22,0.280763,26,1,0,0,1,0.187632
11.002099841204238,22,0,0.4893,0.0,1,0,0,1,0,0.0
11.002099841204238,23,1,0.4893,0.0,1,0,0,1,0,0.370704
11.372803844453616,24,2,0.4893,0.370704,1,0,0,1,0,0.334583
11.707386577117052,25,3,0.4893,0.334583,1,0,0,1,0,0.033426
11.74081300542261,26,4,0.4893,0.033426,1,0,0,1,0,0.018806
11.759618917661308,27,5,0.4893,0.018806,1,0,0,1,0,0.89598
12.655599095798646,28,6,0.4893,0.89598,1,0,0,1,0,0.498117
13.153716190998866,29,7,0.4893,0.498117,1,0,0,1,0,0.374171
13.52788725435923,30,8,0.4893,0.374171,1,0,0,1,0,-0.227939
13.299948102325258,31,9,0.4893,-0.227939,0,0,0,1,0,-0.129391
13.170556896318848,32,10,0.4893,-0.129391,1,0,0,1,0,0.273338
13.443894790652214,33,11,0.4893,0.273338,1,0,0,1,0,0.180332
13.624226995062394,34,12,0.4893,0.180332,1,0,0,1,0,0.363275
13.987502074595294,35,13,0.4893,0.363275,1,0,0,1,0,-0.370986
13.616516480645373,36,14,0.4893,-0.370986,1,0,0,1,0,0.274076
13.890592307788099,37,15,0.4893,0.274076,0,0,0,1,0,-0.453196
11.002099841204238,32,10,0.2181,0.0,1,1,0,0,0,0.0
11.002099841204238,33,11,0.2181,0.0,3,1,0,0,0,0.0
11.002099841204238,34,12,0.2181,0.0,5,1,0,0,0,0.0
11.002099841204238,35,13,0.2181,0.0,7,1,0,0,0,0.121913
11.124012697771684,36,14,0.2181,0.121913,9,1,0,0,0,0.028086
11.152098648554972,37,15,0.2181,0.028086,11,1,0,0,0,0.322396
11.47449419487564,38,16,0.2181,0.322396,0,1,0,0,0,0.098946
11.573440689032655,39,17,0.2181,0.098946,2,1,0,0,0,0.059038
11.632479181775071,40,18,0.2181,0.059038,4,1,0,0,0,0.159941
11.792419852634367,41,19,0.2181,0.159941,6,1,0,0,0,0.006859
11.79927866389414,42,20,0.2181,0.006859,8,1,0,0,0,0.254865
12.054143971490022,43,21,0.2181,0.254865,10,1,0,0,0,0.228634
12.282777844382037,44,22,0.2181,0.228634,12,1,0,0,0,0.388399
12.671176467439464,45,23,0.2181,0.388399,14,1,0,0,0,-0.015909
12.655266970070297,46,24,0.2181,-0.015909,16,1,0,0,0,0.105192
12.760459388952006,47,25,0.2181,0.105192,18,1,0,0,0,-0.019989
14.250756631167178,23,1,0.5752,0.0,1,0,1,0,1,0.131298
14.382055023132498,24,2,0.5752,0.131298,3,0,1,0,1,0.284191
14.666246133718689,25,3,0.5752,0.284191,5,0,1,0,1,-0.361041
14.305204647105592,26,4,0.5752,-0.361041,7,0,1,0,1,0.445513
14.750717526643962,27,5,0.5752,0.445513,9,0,1,0,1,-0.188717
14.562001007500845,28,6,0.5752,-0.188717,11,0,1,0,1,0.354354
14.916355053842526,29,7,0.5752,0.354354,0,0,1,0,1,0.399351
15.315706218494467,30,8,0.5752,0.399351,0,0,1,0,1,0.262456
15.57816177420133,31,9,0.5752,0.262456,0,0,1,0,1,-0.243922
15.334239739643335,32,10,0.5752,-0.243922,2,0,1,0,1,-0.157727
15.176512863525828,33,11,0.5752,-0.157727,4,0,1,0,1,-0.258778
14.917735352710578,34,12,0.5752,-0.258778,6,0,1,0,1,-0.258688
14.659047779641632,35,13,0.5752,-0.258688,8,0,1,0,1,0.249929
14.908976657468857,36,14,0.5752,0.249929,10,0,1,0,1,0.008298
14.917275105435088,37,15,0.5752,0.008298,12,0,1,0,1,0.245394
15.162669345991468,38,16,0.5752,0.245394,14,0,1,0,1,-0.2629
17.74712467667521,27,5,0.6006,0.0,1,0,0,1,1,-0.039673
17.70745142715941,28,6,0.6006,-0.039673,1,0,0,1,1,-0.056587
17.65086411579597,29,7,0.6006,-0.056587,1,0,0,1,1,-0.17477
17.476093707174073,30,8,0.6006,-0.17477,1,0,0,1,1,-1.268773
16.207320421027955,31,9,0.6006,-1.268773,1,0,0,1,1,-1.034599
15.17272189669213,32,10,0.6006,-1.034599,1,0,0,1,1,-0.376063
14.796658930856129,33,11,0.6006,-0.376063,1,0,0,1,1,0.103181
14.899840422193662,34,12,0.6006,0.103181,1,0,0,1,1,-0.43207
14.467770412991698,35,13,0.6006,-0.43207,1,0,0,1,1,-0.15907
14.308700534576806,36,14,0.6006,-0.15907,1,0,0,1,1,0.866586
15.175286706411262,37,15,0.6006,0.866586,1,0,0,1,1,-0.433775
14.741512131025969,38,16,0.6006,-0.433775,0,0,0,1,1,-0.52849
14.213021958758544,39,17,0.6006,-0.52849,0,0,0,1,1,-0.644682
13.568340123384512,40,18,0.6006,-0.644682,1,0,0,1,1,-0.408366
13.159974147180018,41,19,0.6006,-0.408366,1,0,0,1,1,0.375137
13.535111383275336,42,20,0.6006,0.375137,1,0,0,1,1,-0.124709
13.506423197134277,24,2,0.265,0.0,1,1,0,0,1,0.067761
13.574183764729383,25,3,0.265,0.067761,3,1,0,0,1,0.057882
13.63206527528826,26,4,0.265,0.057882,5,1,0,0,1,0.398997
14.031062683528873,27,5,0.265,0.398997,7,1,0,0,1,0.295395
14.326458102690086,28,6,0.265,0.295395,9,1,0,0,1,0.082287
14.408744919820995,29,7,0.265,0.082287,11,1,0,0,1,0.210821
14.619566155591391,30,8,0.265,0.210821,13,1,0,0,1,-0.027739
14.59182684693674,31,9,0.265,-0.027739,15,1,0,0,1,0.667604
15.259431225014609,32,10,0.265,0.667604,0,1,0,0,1,0.123302
15.382732760546691,33,11,0.265,0.123302,2,1,0,0,1,-0.013573
15.369160130582642,34,12,0.265,-0.013573,4,1,0,0,1,-0.0956
15.273560460439713,35,13,0.265,-0.0956,6,1,0,0,1,0.092483
15.366043853642177,36,14,0.265,0.092483,8,1,0,0,1,0.158954
15.524997702477618,37,15,0.265,0.158954,10,1,0,0,1,0.281761
15.806759037550732,38,16,0.265,0.281761,12,1,0,0,1,0.070954
15.877713432953126,39,17,0.265,0.070954,14,1,0,0,1,-0.049992
11.575346236829303,23,1,0.0,0.0,1,1,0,0,1,0.147929
11.723275197269567,24,2,0.0,0.147929,3,1,0,0,1,0.203331
11.926606414490283,25,3,0.0,0.203331,5,1,0,0,1,-0.010678
11.915928464538947,26,4,0.0,-0.010678,7,1,0,0,1,0.047999
11.963927815547258,27,5,0.0,0.047999,9,1,0,0,1,0.197568
12.161495736386064,28,6,0.0,0.197568,11,1,0,0,1,-0.068244
12.09325156002703,29,7,0.0,-0.068244,13,1,0,0,1,-0.041936
12.051315635370814,30,8,0.0,-0.041936,15,1,0,0,1,-0.292866
11.75845001065641,31,9,0.0,-0.292866,17,1,0,0,1,0.010107
11.768557210666936,32,10,0.0,0.010107,19,1,0,0,1,0.191736
11.960293214958424,33,11,0.0,0.191736,21,1,0,0,1,0.039311
11.999604474011159,34,12,0.0,0.039311,23,1,0,0,1,0.103734
12.103338140036644,35,13,0.0,0.103734,25,1,0,0,1,0.008279
12.111617042605669,36,14,0.0,0.008279,27,1,0,0,1,0.155285
12.266902360774438,37,15,0.0,0.155285,0,1,0,0,1,-0.03377
12.233132176891806,38,16,0.0,-0.03377,2,1,0,0,1,0.187755
15.0438675502939,27,5,0.0586,0.0,1,1,0,0,0,-0.012731
15.031136946328228,28,6,0.0586,-0.012731,1,1,0,0,0,0.053992
15.085129013280303,29,7,0.0586,0.053992,1,1,0,0,0,0.038018
15.12314705775965,30,8,0.0586,0.038018,0,1,0,0,0,-0.050636
15.072510863146075,31,9,0.0586,-0.050636,1,1,0,0,0,0.139315
15.211826246991645,32,10,0.0586,0.139315,1,1,0,0,0,-0.08224
15.12958602351728,33,11,0.0586,-0.08224,1,1,0,0,0,-0.035101
15.094484803260174,34,12,0.0586,-0.035101,1,1,0,0,0,0.215501
15.30998578661696,35,13,0.0586,0.215501,1,1,0,0,0,0.17427
15.484256193056424,36,14,0.0586,0.17427,1,1,0,0,0,0.152056
15.636312489527274,37,15,0.0586,0.152056,1,1,0,0,0,0.246343
15.882655005303324,38,16,0.0586,0.246343,0,1,0,0,0,0.343665
16.22632050335579,39,17,0.0586,0.343665,0,1,0,0,0,0.076173
16.302493069137814,40,18,0.0586,0.076173,1,1,0,0,0,0.208063
16.510555752558435,41,19,0.0586,0.208063,1,1,0,0,0,0.259182
16.769738178915794,42,20,0.0586,0.259182,1,1,0,0,0,0.611455
11.684305063000346,28,6,0.391,0.0,1,1,0,0,1,-0.299312
11.384992850645054,29,7,0.391,-0.299312,3,1,0,0,1,0.200392
11.58538448790478,30,8,0.391,0.200392,5,1,0,0,1,0.113711
11.699095131186015,31,9,0.391,0.113711,7,1,0,0,1,0.333054
12.032149404860508,32,10,0.391,0.333054,9,1,0,0,1,0.29175
12.323899187961878,33,11,0.391,0.29175,11,1,0,0,1,0.344665
12.668563951259957,34,12,0.391,0.344665,13,1,0,0,1,0.284595
12.953159133505988,35,13,0.391,0.284595,0,1,0,0,1,0.592884
13.546043596956741,36,14,0.391,0.592884,2,1,0,0,1,0.246181
13.792224704629602,37,15,0.391,0.246181,4,1,0,0,1,0.070764
13.8629887379049,38,16,0.391,0.070764,6,1,0,0,1,0.272356
14.135344928920887,39,17,0.391,0.272356,8,1,0,0,1,0.127365
14.262710129919096,40,18,0.391,0.127365,10,1,0,0,1,0.322561
14.585271299377228,41,19,0.391,0.322561,12,1,0,0,1,-0.147181
14.438090736871295,42,20,0.391,-0.147181,14,1,0,0,1,0.130318
14.568408665212944,43,21,0.391,0.130318,16,1,0,0,1,-0.024206
15.60775254279018,28,6,0.8362,0.0,1,0,1,0,1,0.35387
15.961622726882245,29,7,0.8362,0.35387,1,0,1,0,1,0.348311
16.309934142001797,30,8,0.8362,0.348311,1,0,1,0,1,0.183425
16.493358755937248,31,9,0.8362,0.183425,1,0,1,0,1,0.416447
16.90980553944414,32,10,0.8362,0.416447,1,0,1,0,1,-0.406135
16.503670750338365,33,11,0.8362,-0.406135,1,0,1,0,1,-0.591865
15.911805905147528,34,12,0.8362,-0.591865,1,0,1,0,1,-0.018378
15.893428200659523,35,13,0.8362,-0.018378,0,0,1,0,1,-0.515232
15.378195897907549,36,14,0.8362,-0.515232,1,0,1,0,1,-0.321849
15.056346574688511,37,15,0.8362,-0.321849,1,0,1,0,1,0.555602
15.611948638866666,38,16,0.8362,0.555602,1,0,1,0,1,0.568651
16.180599247842093,39,17,0.8362,0.568651,1,0,1,0,1,0.112574
16.29317363808494,40,18,0.8362,0.112574,1,0,1,0,1,0.008727
16.301900297958,41,19,0.8362,0.008727,1,0,1,0,1,-0.148819
16.153081710773733,42,20,0.8362,-0.148819,1,0,1,0,1,-0.275187
15.877894457673595,43,21,0.8362,-0.275187,1,0,1,0,1,1.284902
14.468082634221505,23,1,1.0,0.0,1,0,1,0,1,0.432973
14.901056130318533,24,2,1.0,0.432973,3,0,1,0,1,-0.161977
14.739078828831465,25,3,1.0,-0.161977,5,0,1,0,1,-1.010515
13.728563726392244,26,4,1.0,-1.010515,7,0,1,0,1,0.286019
14.014582949018576,27,5,1.0,0.286019,0,0,1,0,1,-0.507056
13.507526774408227,28,6,1.0,-0.507056,0,0,1,0,1,0.175863
13.683389740487629,29,7,1.0,0.175863,0,0,1,0,1,-0.12501
13.558379944919762,30,8,1.0,-0.12501,2,0,1,0,1,0.243543
13.801923327962387,31,9,1.0,0.243543,0,0,1,0,1,1.059467
14.861390114357759,32,10,1.0,1.059467,2,0,1,0,1,0.062507
14.92389738679123,33,11,1.0,0.062507,0,0,1,0,1,0.24247
15.16636764550554,34,12,1.0,0.24247,2,0,1,0,1,0.902776
16.069143878409236,35,13,1.0,0.902776,0,0,1,0,1,0.538214
16.60735747696322,36,14,1.0,0.538214,2,0,1,0,1,0.61439
17.221747519478594,37,15,1.0,0.61439,4,0,1,0,1,0.041827
17.26357438660702,38,16,1.0,0.041827,6,0,1,0,1,0.072157
12.81564366334447,25,3,0.8863,0.0,1,0,0,1,0,0.132019
12.947662764699263,26,4,0.8863,0.132019,3,0,0,1,0,0.092726
13.040388982655873,27,5,0.8863,0.092726,5,0,0,1,0,1.350899
14.391287836706,28,6,0.8863,1.350899,7,0,0,1,0,-0.335459
14.055828878584345,29,7,0.8863,-0.335459,0,0,0,1,0,-0.4404
13.615429105474918,30,8,0.8863,-0.4404,2,0,0,1,0,0.190349
13.805778558356312,31,9,0.8863,0.190349,4,0,0,1,0,-0.340456
13.465322749923901,32,10,0.8863,-0.340456,6,0,0,1,0,-0.17157
13.293752542518027,33,11,0.8863,-0.17157,8,0,0,1,0,0.667343
13.961095232549072,34,12,0.8863,0.667343,10,0,0,1,0,0.288235
14.24933005335156,35,13,0.8863,0.288235,12,0,0,1,0,0.138141
14.387470803239614,36,14,0.8863,0.138141,14,0,0,1,0,-0.486235
13.901235952052296,37,15,0.8863,-0.486235,16,0,0,1,0,0.969475
14.870710844060254,38,16,0.8863,0.969475,0,0,0,1,0,-0.767293
14.10341828153688,39,17,0.8863,-0.767293,0,0,0,1,0,-1.350503
12.752915715463752,40,18,0.8863,-1.350503,0,0,0,1,0,0.067262
14.22978444988343,33,11,0.2454,0.0,1,1,0,0,0,-0.044481
14.185303620243234,34,12,0.2454,-0.044481,3,1,0,0,0,-0.394704
13.790599646901965,35,13,0.2454,-0.394704,0,1,0,0,0,-0.020298
13.770301269548803,36,14,0.2454,-0.020298,0,1,0,0,0,-0.25878
13.51152140303622,37,15,0.2454,-0.25878,2,1,0,0,0,-0.05345
13.45807147265258,38,16,0.2454,-0.05345,4,1,0,0,0,0.000685
13.458756658027495,39,17,0.2454,0.000685,6,1,0,0,0,0.271873
13.730629852897033,40,18,0.2454,0.271873,8,1,0,0,0,0.082496
13.813125751382419,41,19,0.2454,0.082496,10,1,0,0,0,0.073038
13.886163301679815,42,20,0.2454,0.073038,12,1,0,0,0,0.175488
14.06165149438222,43,21,0.2454,0.175488,0,1,0,0,0,0.096863
14.158514107674426,44,22,0.2454,0.096863,2,1,0,0,0,0.276719
14.435233178391966,45,23,0.2454,0.276719,4,1,0,0,0,-0.027798
14.407435223141254,46,24,0.2454,-0.027798,6,1,0,0,0,-0.112168
14.29526767975285,47,25,0.2454,-0.112168,0,1,0,0,0,0.108909
14.404176355548147,48,26,0.2454,0.108909,2,1,0,0,0,0.165385
11.620085848519615,28,6,0.6872,0.0,1,0,0,1,1,-0.2329
11.38718558222095,29,7,0.6872,-0.2329,3,0,0,1,1,0.368101
11.755286302759425,30,8,0.6872,0.368101,0,0,0,1,1,0.023546
11.778832319600008,31,9,0.6872,0.023546,2,0,0,1,1,0.840026
12.618858674277915,32,10,0.6872,0.840026,4,0,0,1,1,0.533796
13.152654688145066,33,11,0.6872,0.533796,6,0,0,1,1,0.557997
13.710651512255055,34,12,0.6872,0.557997,8,0,0,1,1,-0.152049
13.558602507429782,35,13,0.6872,-0.152049,0,0,0,1,1,-0.229346
13.329256279163479,36,14,0.6872,-0.229346,2,0,0,1,1,-0.288432
13.040824671625437,37,15,0.6872,-0.288432,4,0,0,1,1,0.304839
13.345664098548044,38,16,0.6872,0.304839,6,0,0,1,1,-0.099231
13.246433210014457,39,17,0.6872,-0.099231,8,0,0,1,1,0.250953
13.497386170854563,40,18,0.6872,0.250953,10,0,0,1,1,0.995283
14.492668888536876,41,19,0.6872,0.995283,0,0,0,1,1,0.134341
14.62701005505238,42,20,0.6872,0.134341,0,0,0,1,1,0.547324
15.174334297858483,43,21,0.6872,0.547324,2,0,0,1,1,0.470791
11.5217433057218,23,1,0.0,0.0,1,1,0,0,0,0.253635
11.775377867559756,24,2,0.0,0.253635,0,1,0,0,0,0.560091
12.33546857482824,25,3,0.0,0.560091,0,1,0,0,0,0.863637
13.199105889342395,26,4,0.0,0.863637,0,1,0,0,0,0.230154
13.429260184532673,27,5,0.0,0.230154,0,1,0,0,0,0.109492
13.538752617072676,28,6,0.0,0.109492,2,1,0,0,0,-0.216728
13.32202499953628,29,7,0.0,-0.216728,4,1,0,0,0,0.038286
13.360311159704956,30,8,0.0,0.038286,6,1,0,0,0,-0.149573
13.21073768777303,31,9,0.0,-0.149573,8,1,0,0,0,0.051013
13.261750660036654,32,10,0.0,0.051013,10,1,0,0,0,0.049741
13.311491453271964,33,11,0.0,0.049741,12,1,0,0,0,0.041273
13.35276470580908,34,12,0.0,0.041273,14,1,0,0,0,0.089833
13.442597668241488,35,13,0.0,0.089833,16,1,0,0,0,0.265937
13.708534425968962,36,14,0.0,0.265937,18,1,0,0,0,0.02716
13.735694459152993,37,15,0.0,0.02716,20,1,0,0,0,-0.012849
13.722845946566755,38,16,0.0,-0.012849,22,1,0,0,0,-0.108567
12.267182540903704,29,7,0.6162,0.0,1,1,0,0,0,0.156916
12.424099014376784,30,8,0.6162,0.156916,3,1,0,0,0,0.417805
12.841904140741661,31,9,0.6162,0.417805,0,1,0,0,0,0.320402
13.162306021355816,32,10,0.6162,0.320402,2,1,0,0,0,0.144956
13.30726219739176,33,11,0.6162,0.144956,4,1,0,0,0,0.250591
13.557853628331955,34,12,0.6162,0.250591,6,1,0,0,0,0.1373
13.695154098755053,35,13,0.6162,0.1373,8,1,0,0,0,-0.093133
13.602021268840614,36,14,0.6162,-0.093133,10,1,0,0,0,-0.03866
13.563361758699529,37,15,0.6162,-0.03866,12,1,0,0,0,-0.189254
13.374107978747732,38,16,0.6162,-0.189254,14,1,0,0,0,0.167283
13.541390816079833,39,17,0.6162,0.167283,16,1,0,0,0,0.042877
13.584267680008963,40,18,0.6162,0.042877,18,1,0,0,0,0.01194
13.596207447331723,41,19,0.6162,0.01194,20,1,0,0,0,0.461037
14.057244451076809,42,20,0.6162,0.461037,0,1,0,0,0,-0.237921
13.819323749313115,43,21,0.6162,-0.237921,2,1,0,0,0,0.01775
13.837074162351321,44,22,0.6162,0.01775,4,1,0,0,0,0.179622
12.078738496406192,33,11,0.6953,0.0,1,0,1,0,0,-0.250027
11.828711429818487,34,12,0.6953,-0.250027,1,0,1,0,0,0.319138
12.14784897313155,35,13,0.6953,0.319138,0,0,1,0,0,-0.580676
11.567172740817046,36,14,0.6953,-0.580676,1,0,1,0,0,0.299549
11.866721587885912,37,15,0.6953,0.299549,0,0,1,0,0,-0.019252
11.847469581263203,38,16,0.6953,-0.019252,1,0,1,0,0,0.193464
12.040933608112775,39,17,0.6953,0.193464,1,0,1,0,0,0.648045
12.688978611481286,40,18,0.6953,0.648045,0,0,1,0,0,0.596053
13.285031467196369,41,19,0.6953,0.596053,1,0,1,0,0,-0.550847
12.734183986447817,42,20,0.6953,-0.550847,1,0,1,0,0,-0.278154
12.456029885360918,43,21,0.6953,-0.278154,1,0,1,0,0,-0.595596
11.860434364134713,44,22,0.6953,-0.595596,0,0,1,0,0,0.120081
11.98051547232568,45,23,0.6953,0.120081,1,0,1,0,0,-0.121303
11.859212137837591,46,24,0.6953,-0.121303,1,0,1,0,0,-0.15852
11.700691910043934,47,25,0.6953,-0.15852,1,0,1,0,0,-0.287384
11.413307444159743,48,26,0.6953,-0.287384,1,0,1,0,0,-0.085709
13.668107944013604,31,9,0.1713,0.0,1,1,0,0,1,0.009698
13.67780619570772,32,10,0.1713,0.009698,3,1,0,0,1,-0.05463
13.623176671902236,33,11,0.1713,-0.05463,5,1,0,0,1,0.054771
13.677947599077472,34,12,0.1713,0.054771,7,1,0,0,1,0.286987
13.96493419497564,35,13,0.1713,0.286987,0,1,0,0,1,0.318097
14.283030908255563,36,14,0.1713,0.318097,2,1,0,0,1,0.087678
14.37070906883476,37,15,0.1713,0.087678,4,1,0,0,1,0.162992
14.533701251539851,38,16,0.1713,0.162992,6,1,0,0,1,0.207708
14.741409220630667,39,17,0.1713,0.207708,8,1,0,0,1,0.079097
14.820506043028633,40,18,0.1713,0.079097,10,1,0,0,1,0.004224
14.824729960612236,41,19,0.1713,0.004224,12,1,0,0,1,0.064728
14.889458254747675,42,20,0.1713,0.064728,14,1,0,0,1,-0.236387
14.653071437245176,43,21,0.1713,-0.236387,16,1,0,0,1,0.063625
14.716696720788187,44,22,0.1713,0.063625,18,1,0,0,1,0.195841
14.91253772305379,45,23,0.1713,0.195841,20,1,0,0,1,0.293295
15.205832267171777,46,24,0.1713,0.293295,22,1,0,0,1,0.051638
11.002099841204238,27,5,0.1886,0.0,1,1,0,0,0,0.066823
11.068922768846681,28,6,0.1886,0.066823,0,1,0,0,0,-0.015112
11.053810290548313,29,7,0.1886,-0.015112,2,1,0,0,0,0.477521
11.531330814439032,30,8,0.1886,0.477521,0,1,0,0,0,0.283531
11.814862231276479,31,9,0.1886,0.283531,2,1,0,0,0,0.098776
11.913638252563857,32,10,0.1886,0.098776,0,1,0,0,0,0.081836
11.995474172414912,33,11,0.1886,0.081836,2,1,0,0,0,0.146598
12.142071772468189,34,12,0.1886,0.146598,4,1,0,0,0,0.11812
12.260192218809937,35,13,0.1886,0.11812,6,1,0,0,0,0.285803
12.545995480673149,36,14,0.1886,0.285803,8,1,0,0,0,0.020992
12.566987259190673,37,15,0.1886,0.020992,10,1,0,0,0,-0.076377
12.490610532806143,38,16,0.1886,-0.076377,12,1,0,0,0,0.053123
12.543733298992386,39,17,0.1886,0.053123,14,1,0,0,0,-0.053353
12.490380095159141,40,18,0.1886,-0.053353,16,1,0,0,0,-0.084959
12.405420674832671,41,19,0.1886,-0.084959,18,1,0,0,0,0.075893
12.481314063002076,42,20,0.1886,0.075893,20,1,0,0,0,0.085854
11.002099841204238,31,9,0.5384,0.0,1,0,1,0,0,0.0
11.002099841204238,32,10,0.5384,0.0,0,0,1,0,0,0.0
11.002099841204238,33,11,0.5384,0.0,1,0,1,0,0,0.0
11.002099841204238,34,12,0.5384,0.0,1,0,1,0,0,0.0
11.002099841204238,35,13,0.5384,0.0,1,0,1,0,0,0.831618
11.83371764219012,36,14,0.5384,0.831618,1,0,1,0,0,1.002096
12.835813988132644,37,15,0.5384,1.002096,1,0,1,0,0,0.34793
13.183743707748317,38,16,0.5384,0.34793,1,0,1,0,0,0.225075
13.408819107539255,39,17,0.5384,0.225075,1,0,1,0,0,-0.01895
13.389869201769946,40,18,0.5384,-0.01895,1,0,1,0,0,-0.095609
13.294260127922335,41,19,0.5384,-0.095609,1,0,1,0,0,-0.538967
12.75529309641845,42,20,0.5384,-0.538967,1,0,1,0,0,-0.057125
12.69816821165693,43,21,0.5384,-0.057125,1,0,1,0,0,-0.580284
12.11788390747034,44,22,0.5384,-0.580284,0,0,1,0,0,-0.079426
12.038458117969766,45,23,0.5384,-0.079426,0,0,1,0,0,0.077278
12.115735776741976,46,24,0.5384,0.077278,1,0,1,0,0,-0.071294
13.346170943254595,30,8,0.2022,0.0,1,1,0,0,0,-0.217379
13.12879215319239,31,9,0.2022,-0.217379,3,1,0,0,0,0.026933
13.155725315598364,32,10,0.2022,0.026933,5,1,0,0,0,-0.112737
13.042988432486931,33,11,0.2022,-0.112737,7,1,0,0,0,0.147469
13.190457779620726,34,12,0.2022,0.147469,9,1,0,0,0,0.264941
13.455398431047069,35,13,0.2022,0.264941,11,1,0,0,0,-0.066218
13.389180837182717,36,14,0.2022,-0.066218,13,1,0,0,0,0.105867
13.495047582083094,37,15,0.2022,0.105867,15,1,0,0,0,0.142013
13.637060223258933,38,16,0.2022,0.142013,17,1,0,0,0,0.137014
13.774074217515336,39,17,0.2022,0.137014,19,1,0,0,0,0.1078
13.881874658997841,40,18,0.2022,0.1078,21,1,0,0,0,-0.260792
13.621082884853607,41,19,0.2022,-0.260792,23,1,0,0,0,0.148014
13.769096944563472,42,20,0.2022,0.148014,25,1,0,0,0,0.151741
13.920837552673746,43,21,0.2022,0.151741,27,1,0,0,0,0.136653
14.057490608114021,44,22,0.2022,0.136653,29,1,0,0,0,0.206969
14.264459532478936,45,23,0.2022,0.206969,31,1,0,0,0,0.008712
11.133115268329346,25,3,0.3911,0.0,1,1,0,0,0,0.299518
11.432633528097845,26,4,0.3911,0.299518,3,1,0,0,0,0.284521
11.717154942188829,27,5,0.3911,0.284521,5,1,0,0,0,0.193207
11.910362412631807,28,6,0.3911,0.193207,7,1,0,0,0,0.287131
12.197493229939724,29,7,0.3911,0.287131,9,1,0,0,0,0.499947
12.697440306798402,30,8,0.3911,0.499947,0,1,0,0,0,-0.037559
12.659881507088489,31,9,0.3911,-0.037559,2,1,0,0,0,0.046924
12.706805495438706,32,10,0.3911,0.046924,4,1,0,0,0,0.649493
13.356298337930637,33,11,0.3911,0.649493,0,1,0,0,0,0.356273
13.712571324171424,34,12,0.3911,0.356273,2,1,0,0,0,0.803651
14.516221844990184,35,13,0.3911,0.803651,0,1,0,0,0,0.354022
14.870243361038062,36,14,0.3911,0.354022,2,1,0,0,0,-0.143339
14.726904172586087,37,15,0.3911,-0.143339,4,1,0,0,0,0.179384
14.906288641466737,38,16,0.3911,0.179384,6,1,0,0,0,0.22563
15.131918905892382,39,17,0.3911,0.22563,8,1,0,0,0,0.358832
15.490750972661628,40,18,0.3911,0.358832,0,1,0,0,0,0.188645
11.002099841204238,34,12,0.7957,0.0,1,0,1,0,0,0.0
11.002099841204238,35,13,0.7957,0.0,3,0,1,0,0,0.097393
11.099492462990069,36,14,0.7957,0.097393,5,0,1,0,0,0.327558
11.427050498257644,37,15,0.7957,0.327558,7,0,1,0,0,1.646477
13.073527582974233,38,16,0.7957,1.646477,0,0,1,0,0,0.452011
13.525539039196579,39,17,0.7957,0.452011,2,0,1,0,0,-0.195965
13.329573856494312,40,18,0.7957,-0.195965,4,0,1,0,0,-0.082749
13.246824675135219,41,19,0.7957,-0.082749,6,0,1,0,0,0.315838
13.562662212465467,42,20,0.7957,0.315838,8,0,1,0,0,0.253773
13.816435635325105,43,21,0.7957,0.253773,10,0,1,0,0,0.330256
14.146691674895623,44,22,0.7957,0.330256,12,0,1,0,0,-0.067145
14.079546816501452,45,23,0.7957,-0.067145,14,0,1,0,0,-0.387045
13.692502054860464,46,24,0.7957,-0.387045,16,0,1,0,0,-0.1357
13.556802485272694,47,25,0.7957,-0.1357,18,0,1,0,0,0.479277
14.036079834225635,48,26,0.7957,0.479277,20,0,1,0,0,-0.054905
13.9811744080516,49,27,0.7957,-0.054905,0,0,1,0,0,0.314357
12.604965868510119,26,4,0.2456,0.0,1,1,0,0,1,0.142841
12.747807038239001,27,5,0.2456,0.142841,0,1,0,0,1,-0.072502
12.675305094357137,28,6,0.2456,-0.072502,2,1,0,0,1,-0.003777
12.671528055273383,29,7,0.2456,-0.003777,4,1,0,0,1,0.28268
12.954208528498018,30,8,0.2456,0.28268,6,1,0,0,1,0.024932
12.979140666626295,31,9,0.2456,0.024932,8,1,0,0,1,0.120511
13.099651382608398,32,10,0.2456,0.120511,10,1,0,0,1,0.271662
13.371313731908,33,11,0.2456,0.271662,12,1,0,0,1,0.252518
13.623831539529956,34,12,0.2456,0.252518,0,1,0,0,1,-0.226083
13.397748940629807,35,13,0.2456,-0.226083,2,1,0,0,1,0.16108
13.558828571015075,36,14,0.2456,0.16108,4,1,0,0,1,0.204481
13.763309080835826,37,15,0.2456,0.204481,6,1,0,0,1,0.066486
13.829795357329486,38,16,0.2456,0.066486,8,1,0,0,1,0.251632
14.081427580213244,39,17,0.2456,0.251632,10,1,0,0,1,-0.17165
13.909777912762905,40,18,0.2456,-0.17165,12,1,0,0,1,-0.079168
13.830609753442287,41,19,0.2456,-0.079168,14,1,0,0,1,-0.034381
11.440433826824895,22,0,0.8185,0.0,1,0,0,1,1,-0.438334
11.002099841204238,23,1,0.8185,-0.438334,3,0,0,1,1,1.404985
12.40708511681941,24,2,0.8185,1.404985,0,0,0,1,1,1.196941
13.604026299110195,25,3,0.8185,1.196941,2,0,0,1,1,0.450508
14.054534362919046,26,4,0.8185,0.450508,4,0,0,1,1,0.404236
14.458770833582491,27,5,0.8185,0.404236,0,0,0,1,1,-0.052821
14.405949555205199,28,6,0.8185,-0.052821,2,0,0,1,1,0.257593
14.663542949938986,29,7,0.8185,0.257593,0,0,0,1,1,0.582915
15.246458348030306,30,8,0.8185,0.582915,0,0,0,1,1,-0.080689
15.16576889300205,31,9,0.8185,-0.080689,2,0,0,1,1,-0.288627
14.877142137786336,32,10,0.8185,-0.288627,4,0,0,1,1,-0.043519
14.83362317057907,33,11,0.8185,-0.043519,0,0,0,1,1,0.526839
15.360461768594467,34,12,0.8185,0.526839,0,0,0,1,1,0.379076
15.739537887273562,35,13,0.8185,0.379076,2,0,0,1,1,-0.368813
15.370724995137675,36,14,0.8185,-0.368813,0,0,0,1,1,0.197991
15.5687155674752,37,15,0.8185,0.197991,2,0,0,1,1,-0.014062
11.002099841204238,27,5,0.4005,0.0,1,1,0,0,0,0.0
11.002099841204238,28,6,0.4005,0.0,0,1,0,0,0,0.0
11.002099841204238,29,7,0.4005,0.0,0,1,0,0,0,0.0
11.002099841204238,30,8,0.4005,0.0,2,1,0,0,0,0.0
11.002099841204238,31,9,0.4005,0.0,4,1,0,0,0,0.0
11.002099841204238,32,10,0.4005,0.0,6,1,0,0,0,0.0
11.002099841204238,33,11,0.4005,0.0,8,1,0,0,0,0.0
11.002099841204238,34,12,0.4005,0.0,10,1,0,0,0,0.283785
11.285884720270877,35,13,0.4005,0.283785,12,1,0,0,0,0.025593
11.311477829831446,36,14,0.4005,0.025593,14,1,0,0,0,0.021892
11.333370192567141,37,15,0.4005,0.021892,16,1,0,0,0,0.225486
11.558855982261163,38,16,0.4005,0.225486,0,1,0,0,0,0.254287
11.813143308686177,39,17,0.4005,0.254287,2,1,0,0,0,0.079558
11.892701146612607,40,18,0.4005,0.079558,4,1,0,0,0,-0.264899
11.627802592454007,41,19,0.4005,-0.264899,6,1,0,0,0,0.569277
12.197080087544666,42,20,0.4005,0.569277,0,1,0,0,0,-0.19952
13.314903489658564,27,5,0.267,0.0,1,1,0,0,0,0.091055
13.405958062420236,28,6,0.267,0.091055,3,1,0,0,0,0.165487
13.57144506979023,29,7,0.267,0.165487,5,1,0,0,0,0.084025
13.655469706407015,30,8,0.267,0.084025,7,1,0,0,0,-0.009939
13.645530594507523,31,9,0.267,-0.009939,9,1,0,0,0,0.102844
13.748374892136095,32,10,0.267,0.102844,11,1,0,0,0,0.069354
13.81772898350263,33,11,0.267,0.069354,13,1,0,0,0,0.008007
13.825735936228195,34,12,0.267,0.008007,15,1,0,0,0,-0.317372
13.508363733310917,35,13,0.267,-0.317372,17,1,0,0,0,0.117146
13.625509549978974,36,14,0.267,0.117146,19,1,0,0,0,0.126147
13.751656448850394,37,15,0.267,0.126147,21,1,0,0,0,0.026875
13.778531068387492,38,16,0.267,0.026875,23,1,0,0,0,-0.247304
13.531227098769454,39,17,0.267,-0.247304,25,1,0,0,0,-0.050043
13.48118421697387,40,18,0.267,-0.050043,27,1,0,0,0,-0.050186
13.430998010186796,41,19,0.267,-0.050186,29,1,0,0,0,0.158878
13.589875665728606,42,20,0.267,0.158878,31,1,0,0,0,-0.068387
12.291779920368466,23,1,0.0065,0.0,1,1,0,0,0,0.028783
12.320562665079768,24,2,0.0065,0.028783,3,1,0,0,0,0.128128
12.448690195057821,25,3,0.0065,0.128128,5,1,0,0,0,0.13753
12.58621977355351,26,4,0.0065,0.13753,7,1,0,0,0,-0.092133
12.494086450201271,27,5,0.0065,-0.092133,9,1,0,0,0,0.227108
12.721194169639793,28,6,0.0065,0.227108,11,1,0,0,0,0.180252
12.901446513007675,29,7,0.0065,0.180252,0,1,0,0,0,0.085069
12.986515970479735,30,8,0.0065,0.085069,2,1,0,0,0,-0.031004
12.95551191199619,31,9,0.0065,-0.031004,4,1,0,0,0,0.023186
12.978698039616805,32,10,0.0065,0.023186,6,1,0,0,0,-0.188256
12.790441858207604,33,11,0.0065,-0.188256,8,1,0,0,0,-0.029461
12.760980479429746,34,12,0.0065,-0.029461,10,1,0,0,0,0.308934
13.069914081830337,35,13,0.0065,0.308934,12,1,0,0,0,0.207115
13.277029347581419,36,14,0.0065,0.207115,0,1,0,0,0,-0.126572
13.15045687763896,37,15,0.0065,-0.126572,2,1,0,0,0,-0.022815
13.127641595984183,38,16,0.0065,-0.022815,4,1,0,0,0,0.252821
13.687786440526667,33,11,0.1288,0.0,1,1,0,0,1,-0.141581
13.546205253948044,34,12,0.1288,-0.141581,3,1,0,0,1,-0.113875
13.432330291880163,35,13,0.1288,-0.113875,5,1,0,0,1,0.101582
13.53391255945385,36,14,0.1288,0.101582,7,1,0,0,1,-0.071795
13.46211721788327,37,15,0.1288,-0.071795,9,1,0,0,1,0.072869
13.534986254807883,38,16,0.1288,0.072869,11,1,0,0,1,-0.11561
13.41937616167871,39,17,0.1288,-0.11561,13,1,0,0,1,0.158267
13.577643111803686,40,18,0.1288,0.158267,0,1,0,0,1,0.125076
13.702718747088404,41,19,0.1288,0.125076,2,1,0,0,1,0.244691
13.94740977985758,42,20,0.1288,0.244691,4,1,0,0,1,0.25277
14.200179677267466,43,21,0.1288,0.25277,6,1,0,0,1,0.29848
14.498659488604032,44,22,0.1288,0.29848,8,1,0,0,1,0.219601
14.718260404001343,45,23,0.1288,0.219601,10,1,0,0,1,0.202036
14.92029612631933,46,24,0.1288,0.202036,12,1,0,0,1,0.259108
15.17940405981367,47,25,0.1288,0.259108,14,1,0,0,1,0.146588
15.325991836633,48,26,0.1288,0.146588,16,1,0,0,1,0.122469
12.322017385303651,31,9,0.4194,0.0,1,1,0,0,1,-0.070602
12.251415599037816,32,10,0.4194,-0.070602,3,1,0,0,1,0.364098
12.61551366909848,33,11,0.4194,0.364098,5,1,0,0,1,0.487013
13.102526490280162,34,12,0.4194,0.487013,0,1,0,0,1,0.106063
13.208589481262024,35,13,0.4194,0.106063,2,1,0,0,1,0.131917
13.340506386586775,36,14,0.4194,0.131917,4,1,0,0,1,0.098302
13.438808070983434,37,15,0.4194,0.098302,6,1,0,0,1,-0.159161
13.279647391509135,38,16,0.4194,-0.159161,8,1,0,0,1,-0.110473
13.169174482045356,39,17,0.4194,-0.110473,10,1,0,0,1,0.400472
13.56964608962908,40,18,0.4194,0.400472,12,1,0,0,1,-0.008758
13.560888284664232,41,19,0.4194,-0.008758,14,1,0,0,1,-0.098959
13.461929116575208,42,20,0.4194,-0.098959,16,1,0,0,1,-0.118204
13.343725596369007,43,21,0.4194,-0.118204,0,1,0,0,1,-0.062222
13.28150397664784,44,22,0.4194,-0.062222,2,1,0,0,1,-0.089374
13.192129552088241,45,23,0.4194,-0.089374,4,1,0,0,1,0.266531
13.458660157521416,46,24,0.4194,0.266531,6,1,0,0,1,0.312639
11.002099841204238,26,4,0.9747,0.0,1,0,1,0,1,0.0
11.002099841204238,27,5,0.9747,0.0,3,0,1,0,1,0.0
11.002099841204238,28,6,0.9747,0.0,5,0,1,0,1,0.0
11.002099841204238,29,7,0.9747,0.0,7,0,1,0,1,0.0
11.002099841204238,30,8,0.9747,0.0,0,0,1,0,1,0.0
11.002099841204238,31,9,0.9747,0.0,2,0,1,0,1,0.0
11.002099841204238,32,10,0.9747,0.0,4,0,1,0,1,0.0
11.002099841204238,33,11,0.9747,0.0,0,0,1,0,1,0.288522
11.290621579591242,34,12,0.9747,0.288522,2,0,1,0,1,-0.288522
11.002099841204238,35,13,0.9747,-0.288522,4,0,1,0,1,0.0
11.002099841204238,36,14,0.9747,0.0,6,0,1,0,1,0.0
11.002099841204238,37,15,0.9747,0.0,0,0,1,0,1,0.0
11.002099841204238,38,16,0.9747,0.0,2,0,1,0,1,0.0
11.002099841204238,39,17,0.9747,0.0,4,0,1,0,1,0.0
11.002099841204238,40,18,0.9747,0.0,6,0,1,0,1,0.0
11.002099841204238,41,19,0.9747,0.0,8,0,1,0,1,0.0
13.982213453335621,34,12,0.35,0.0,1,0,1,0,0,-0.323432
13.658781123246099,35,13,0.35,-0.323432,3,0,1,0,0,0.049866
13.708647053583393,36,14,0.35,0.049866,5,0,1,0,0,0.409781
14.118428312036063,37,15,0.35,0.409781,7,0,1,0,0,0.080806
14.199234291761599,38,16,0.35,0.080806,9,0,1,0,0,0.007682
14.20691674751794,39,17,0.35,0.007682,11,0,1,0,0,0.239645
14.446561973156067,40,18,0.35,0.239645,13,0,1,0,0,-0.128251
14.318311306077334,41,19,0.35,-0.128251,15,0,1,0,0,0.332972
14.651283236688219,42,20,0.35,0.332972,17,0,1,0,0,0.147956
14.799239116028826,43,21,0.35,0.147956,19,0,1,0,0,-0.223317
14.575921805911172,44,22,0.35,-0.223317,21,0,1,0,0,-0.352988
14.222933516684655,45,23,0.35,-0.352988,0,0,1,0,0,0.150415
14.373348497260778,46,24,0.35,0.150415,2,0,1,0,0,0.151167
14.524515320634192,47,25,0.35,0.151167,0,0,1,0,0,0.167132
14.691647117533359,48,26,0.35,0.167132,2,0,1,0,0,0.431811
15.123458448240013,49,27,0.35,0.431811,4,0,1,0,0,0.055004
12.477021236514814,26,4,0.4632,0.0,1,0,0,1,0,-0.119023
12.35799857203985,27,5,0.4632,-0.119023,3,0,0,1,0,0.045762
12.403760677055308,28,6,0.4632,0.045762,5,0,0,1,0,0.361587
12.76534751457893,29,7,0.4632,0.361587,0,0,0,1,0,-0.768037
11.9973105058437,30,8,0.4632,-0.768037,2,0,0,1,0,0.162016
12.15932634353635,31,9,0.4632,0.162016,0,0,0,1,0,-0.6805
11.478825977190606,32,10,0.4632,-0.6805,2,0,0,1,0,0.054244
11.533069955507766,33,11,0.4632,0.054244,4,0,0,1,0,0.373378
11.906448333657103,34,12,0.4632,0.373378,6,0,0,1,0,0.174758
12.08120629504755,35,13,0.4632,0.174758,8,0,0,1,0,-0.403285
11.677921460807141,36,14,0.4632,-0.403285,10,0,0,1,0,-0.540486
11.137435513129807,37,15,0.4632,-0.540486,12,0,0,1,0,-0.052641
11.084794346418605,38,16,0.4632,-0.052641,14,0,0,1,0,0.241855
11.326649672219022,39,17,0.4632,0.241855,16,0,0,1,0,-0.32455
11.002099841204238,40,18,0.4632,-0.32455,0,0,0,1,0,0.0
11.002099841204238,41,19,0.4632,0.0,2,0,0,1,0,0.0
11.002099841204238,27,5,0.0289,0.0,1,1,0,0,0,0.0
11.002099841204238,28,6,0.0289,0.0,3,1,0,0,0,0.097114
11.099213393902268,29,7,0.0289,0.097114,5,1,0,0,0,0.108553
11.207766559103458,30,8,0.0289,0.108553,7,1,0,0,0,0.236101
11.443868044550074,31,9,0.0289,0.236101,9,1,0,0,0,0.236122
11.679990435115482,32,10,0.0289,0.236122,11,1,0,0,0,0.295781
11.975771634958235,33,11,0.0289,0.295781,13,1,0,0,0,-0.003286
11.972486110318457,34,12,0.0289,-0.003286,15,1,0,0,0,0.284336
12.25682228409151,35,13,0.0289,0.284336,0,1,0,0,0,0.543534
12.80035581119371,36,14,0.0289,0.543534,0,1,0,0,0,0.28918
13.089536246807395,37,15,0.0289,0.28918,0,1,0,0,0,0.020898
13.110434119698196,38,16,0.0289,0.020898,2,1,0,0,0,0.258379
13.368813312865731,39,17,0.0289,0.258379,0,1,0,0,0,0.078834
13.447647555947185,40,18,0.0289,0.078834,2,1,0,0,0,-0.04988
13.397767555358364,41,19,0.0289,-0.04988,4,1,0,0,0,0.103116
13.500883567379947,42,20,0.0289,0.103116,6,1,0,0,0,-0.036535
11.463718430544098,34,12,0.0354,0.0,1,1,0,0,0,0.011903
11.47562175402619,35,13,0.0354,0.011903,0,1,0,0,0,0.205254
11.680876021571343,36,14,0.0354,0.205254,2,1,0,0,0,0.091428
11.772304402483078,37,15,0.0354,0.091428,0,1,0,0,0,0.080826
11.853130759309416,38,16,0.0354,0.080826,2,1,0,0,0,0.192471
12.045601923357918,39,17,0.0354,0.192471,4,1,0,0,0,-0.008168
12.037433955921138,40,18,0.0354,-0.008168,0,1,0,0,0,0.156957
12.194391156397517,41,19,0.0354,0.156957,2,1,0,0,0,0.540502
12.734892932095125,42,20,0.0354,0.540502,0,1,0,0,0,0.076247
12.811139554561757,43,21,0.0354,0.076247,2,1,0,0,0,0.321752
13.132891332037003,44,22,0.0354,0.321752,4,1,0,0,0,0.35911
13.492001101459806,45,23,0.0354,0.35911,0,1,0,0,0,0.116461
13.608461655292382,46,24,0.0354,0.116461,2,1,0,0,0,0.036999
13.645460456906282,47,25,0.0354,0.036999,4,1,0,0,0,0.069945
13.715405551260524,48,26,0.0354,0.069945,6,1,0,0,0,0.112375
13.827780998725425,49,27,0.0354,0.112375,8,1,0,0,0,0.245583
11.002099841204238,22,0,0.8758,0.0,1,0,0,1,0,0.0
11.002099841204238,23,1,0.8758,0.0,3,0,0,1,0,0.0
11.002099841204238,24,2,0.8758,0.0,5,0,0,1,0,0.707905
11.710005066572897,25,3,0.8758,0.707905,7,0,0,1,0,0.68203
12.392035328604273,26,4,0.8758,0.68203,9,0,0,1,0,1.032232
13.424267094015823,27,5,0.8758,1.032232,11,0,0,1,0,0.878228
14.30249557001669,28,6,0.8758,0.878228,13,0,0,1,0,0.429101
14.731596677040725,29,7,0.8758,0.429101,15,0,0,1,0,-0.887756
13.843841055597435,30,8,0.8758,-0.887756,17,0,0,1,0,-0.543848
13.299993548791257,31,9,0.8758,-0.543848,19,0,0,1,0,-0.077644
13.222349485087427,32,10,0.8758,-0.077644,21,0,0,1,0,0.347178
13.569527587001105,33,11,0.8758,0.347178,0,0,0,1,0,1.191734
14.761261307860577,34,12,0.8758,1.191734,2,0,0,1,0,0.966766
15.72802756758129,35,13,0.8758,0.966766,4,0,0,1,0,-0.050167
15.677860124906333,36,14,0.8758,-0.050167,0,0,0,1,0,1.065433
16.743292884472726,37,15,0.8758,1.065433,2,0,0,1,0,0.784431
12.348510311594975,31,9,0.3337,0.0,1,1,0,0,0,0.049042
12.397552323425499,32,10,0.3337,0.049042,3,1,0,0,0,0.116667
12.514218882884595,33,11,0.3337,0.116667,5,1,0,0,0,0.234735
12.748953779968257,34,12,0.3337,0.234735,7,1,0,0,0,0.048174
12.797127329550063,35,13,0.3337,0.048174,9,1,0,0,0,0.004237
12.801364683718074,36,14,0.3337,0.004237,11,1,0,0,0,-0.230784
12.57058089594105,37,15,0.3337,-0.230784,13,1,0,0,0,-0.118039
12.452542184489042,38,16,0.3337,-0.118039,15,1,0,0,0,0.145297
12.597838984581413,39,17,0.3337,0.145297,17,1,0,0,0,-0.002707
12.5951321649501,40,18,0.3337,-0.002707,19,1,0,0,0,0.491972
13.087104111020842,41,19,0.3337,0.491972,21,1,0,0,0,0.222599
13.309703493211877,42,20,0.3337,0.222599,23,1,0,0,0,0.381203
13.690906394474561,43,21,0.3337,0.381203,25,1,0,0,0,-0.001816
13.689090225075097,44,22,0.3337,-0.001816,27,1,0,0,0,0.01938
13.708470646681155,45,23,0.3337,0.01938,29,1,0,0,0,0.139806
13.848277103395537,46,24,0.3337,0.139806,31,1,0,0,0,-0.065734
11.041392112756357,24,2,0.2199,0.0,1,1,0,0,1,0.399853
11.44124484236846,25,3,0.2199,0.399853,3,1,0,0,1,0.240774
11.68201866457954,26,4,0.2199,0.240774,5,1,0,0,1,-0.036658
11.645361159906262,27,5,0.2199,-0.036658,7,1,0,0,1,0.437907
12.083268274984274,28,6,0.2199,0.437907,0,1,0,0,1,0.152555
12.235823021242075,29,7,0.2199,0.152555,2,1,0,0,1,0.290357
12.526179783633689,30,8,0.2199,0.290357,0,1,0,0,1,0.094383
12.620563065799939,31,9,0.2199,0.094383,2,1,0,0,1,0.672171
13.292733972782669,32,10,0.2199,0.672171,0,1,0,0,1,0.04064
13.33337419194506,33,11,0.2199,0.04064,2,1,0,0,1,0.096036
13.429410318306207,34,12,0.2199,0.096036,4,1,0,0,1,0.023727
13.453137535673545,35,13,0.2199,0.023727,6,1,0,0,1,0.110185
13.563322285260266,36,14,0.2199,0.110185,8,1,0,0,1,0.374954
13.938276388800851,37,15,0.2199,0.374954,0,1,0,0,1,0.046947
13.985223145469115,38,16,0.2199,0.046947,2,1,0,0,1,0.306811
14.292033816688281,39,17,0.2199,0.306811,4,1,0,0,1,0.265489
12.335657549631438,32,10,0.2667,0.0,1,1,0,0,0,0.082841
12.418498360262742,33,11,0.2667,0.082841,3,1,0,0,0,-0.208902
12.209596673104954,34,12,0.2667,-0.208902,5,1,0,0,0,-0.122744
12.086852362510657,35,13,0.2667,-0.122744,7,1,0,0,0,0.272256
12.359108053475074,36,14,0.2667,0.272256,9,1,0,0,0,0.521719
12.88082688917938,37,15,0.2667,0.521719,0,1,0,0,0,0.282215
13.163041889635098,38,16,0.2667,0.282215,2,1,0,0,0,0.251832
13.414874307934493,39,17,0.2667,0.251832,4,1,0,0,0,0.425
13.83987438066911,40,18,0.2667,0.425,6,1,0,0,0,0.301815
14.141688911174601,41,19,0.2667,0.301815,0,1,0,0,0,-0.058024
14.083664594757686,42,20,0.2667,-0.058024,2,1,0,0,0,0.058744
14.142408725291341,43,21,0.2667,0.058744,0,1,0,0,0,0.415343
14.557751504249094,44,22,0.2667,0.415343,2,1,0,0,0,-0.053213
14.504538007478546,45,23,0.2667,-0.053213,4,1,0,0,0,0.038429
14.542967495844508,46,24,0.2667,0.038429,0,1,0,0,0,-0.046874
14.49609364300101,47,25,0.2667,-0.046874,2,1,0,0,0,0.296669
12.281170669575639,24,2,0.1602,0.0,1,1,0,0,1,0.205215
12.486385768892829,25,3,0.1602,0.205215,3,1,0,0,1,0.292119
12.778504682920634,26,4,0.1602,0.292119,5,1,0,0,1,0.350063
13.128567728354525,27,5,0.1602,0.350063,0,1,0,0,1,0.10349
13.232057907748816,28,6,0.1602,0.10349,2,1,0,0,1,-0.166815
13.065243341114268,29,7,0.1602,-0.166815,0,1,0,0,1,0.008277
13.073520812435456,30,8,0.1602,0.008277,2,1,0,0,1,0.034929
13.108450310200746,31,9,0.1602,0.034929,4,1,0,0,1,0.089321
13.197770836825343,32,10,0.1602,0.089321,6,1,0,0,1,0.011807
13.209578116262758,33,11,0.1602,0.011807,8,1,0,0,1,-0.239992
12.969586346105338,34,12,0.1602,-0.239992,10,1,0,0,1,-0.195267
12.774319227407679,35,13,0.1602,-0.195267,12,1,0,0,1,-0.026238
12.74808100794766,36,14,0.1602,-0.026238,14,1,0,0,1,-0.084791
12.663290104485872,37,15,0.1602,-0.084791,16,1,0,0,1,0.175707
12.838996981064025,38,16,0.1602,0.175707,0,1,0,0,1,0.018559
12.857555727770844,39,17,0.1602,0.018559,2,1,0,0,1,0.285961
15.392189175202997,29,7,0.2684,0.0,1,1,0,0,1,0.023837
15.41602616754653,30,8,0.2684,0.023837,1,1,0,0,1,-0.122073
15.293953063856524,31,9,0.2684,-0.122073,0,1,0,0,1,-0.137937
15.156016348594589,32,10,0.2684,-0.137937,1,1,0,0,1,-0.231243
14.92477368799093,33,11,0.2684,-0.231243,1,1,0,0,1,-0.454978
14.469795924150327,34,12,0.2684,-0.454978,1,1,0,0,1,-0.065137
14.40465892765869,35,13,0.2684,-0.065137,1,1,0,0,1,-0.020394
14.384264641902284,36,14,0.2684,-0.020394,1,1,0,0,1,0.028908
14.413172443112552,37,15,0.2684,0.028908,1,1,0,0,1,-0.033058
14.380114007845137,38,16,0.2684,-0.033058,1,1,0,0,1,-0.023808
14.356306363680085,39,17,0.2684,-0.023808,1,1,0,0,1,0.159256
14.515561952481232,40,18,0.2684,0.159256,1,1,0,0,1,0.108618
14.624180233865319,41,19,0.2684,0.108618,0,1,0,0,1,0.274671
14.898851170102716,42,20,0.2684,0.274671,0,1,0,0,1,-0.140005
14.758845948976896,43,21,0.2684,-0.140005,1,1,0,0,1,0.263129
15.021974635761145,44,22,0.2684,0.263129,1,1,0,0,1,0.321768
12.01074453453452,33,11,0.2052,0.0,1,1,0,0,0,0.347872
12.358616416036156,34,12,0.2052,0.347872,0,1,0,0,0,0.387273
12.7458894515866,35,13,0.2052,0.387273,2,1,0,0,0,0.335433
13.081322828835178,36,14,0.2052,0.335433,4,1,0,0,0,-0.171195
12.910127924500443,37,15,0.2052,-0.171195,6,1,0,0,0,0.19554
13.105668063228256,38,16,0.2052,0.19554,8,1,0,0,0,0.150803
13.256470758809513,39,17,0.2052,0.150803,10,1,0,0,0,0.00378
13.260250759421154,40,18,0.2052,0.00378,12,1,0,0,0,-0.08662
13.173630513402857,41,19,0.2052,-0.08662,14,1,0,0,0,0.265418
13.43904842287033,42,20,0.2052,0.265418,16,1,0,0,0,0.030156
13.46920472810563,43,21,0.2052,0.030156,18,1,0,0,0,0.197281
13.666485776694431,44,22,0.2052,0.197281,20,1,0,0,0,0.047005
13.71349113859726,45,23,0.2052,0.047005,22,1,0,0,0,-0.003083
13.710408269965772,46,24,0.2052,-0.003083,0,1,0,0,0,0.229016
13.93942411546767,47,25,0.2052,0.229016,0,1,0,0,0,0.023714
13.963137952483683,48,26,0.2052,0.023714,0,1,0,0,0,0.201148
12.65228918202181,26,4,0.2281,0.0,1,1,0,0,1,0.038044
12.69033367062568,27,5,0.2281,0.038044,3,1,0,0,1,0.103028
12.79336128337759,28,6,0.2281,0.103028,5,1,0,0,1,-0.104532
12.688828908509077,29,7,0.2281,-0.104532,7,1,0,0,1,0.051427
12.740255794055871,30,8,0.2281,0.051427,9,1,0,0,1,-0.041017
12.699238540814019,31,9,0.2281,-0.041017,11,1,0,0,1,0.163144
12.862382480026204,32,10,0.2281,0.163144,13,1,0,0,1,0.193705
13.056087723869293,33,11,0.2281,0.193705,15,1,0,0,1,-0.045319
13.010768959589262,34,12,0.2281,-0.045319,17,1,0,0,1,0.138419
13.149188061796401,35,13,0.2281,0.138419,19,1,0,0,1,0.089844
13.239032128382174,36,14,0.2281,0.089844,21,1,0,0,1,0.001117
13.240148918215098,37,15,0.2281,0.001117,23,1,0,0,1,0.107082
13.34723097204592,38,16,0.2281,0.107082,25,1,0,0,1,0.294769
13.641999760843909,39,17,0.2281,0.294769,27,1,0,0,1,0.299265
13.941264473003177,40,18,0.2281,0.299265,29,1,0,0,1,0.191734
14.132998727741802,41,19,0.2281,0.191734,31,1,0,0,1,0.320569
11.863858249212642,27,5,0.0554,0.0,1,1,0,0,1,0.020006
11.883864375555039,28,6,0.0554,0.020006,0,1,0,0,1,0.233208
12.117072385999837,29,7,0.0554,0.233208,2,1,0,0,1,0.217732
12.334804018129512,30,8,0.0554,0.217732,4,1,0,0,1,0.608473
12.943276848060318,31,9,0.0554,0.608473,0,1,0,0,1,0.085473
13.028749350112568,32,10,0.0554,0.085473,2,1,0,0,1,0.233674
13.262423187312866,33,11,0.0554,0.233674,4,1,0,0,1,0.624102
13.88652477520835,34,12,0.0554,0.624102,0,1,0,0,1,-0.010585
13.87594010505667,35,13,0.0554,-0.010585,0,1,0,0,1,-0.055141
13.820799148369778,36,14,0.0554,-0.055141,2,1,0,0,1,0.039832
13.860631248325568,37,15,0.0554,0.039832,4,1,0,0,1,-0.290026
13.570605615144169,38,16,0.0554,-0.290026,6,1,0,0,1,-0.018017
13.552588463214402,39,17,0.0554,-0.018017,8,1,0,0,1,0.087138
13.63972669480028,40,18,0.0554,0.087138,10,1,0,0,1,0.089322
13.729048788965633,41,19,0.0554,0.089322,12,1,0,0,1,0.503906
14.232954925826713,42,20,0.0554,0.503906,0,1,0,0,1,-0.030503
13.405734446686008,30,8,0.2656,0.0,1,1,0,0,0,0.096576
13.502310628150354,31,9,0.2656,0.096576,3,1,0,0,0,-0.26047
13.241841092276006,32,10,0.2656,-0.26047,5,1,0,0,0,-0.063872
13.17796883515088,33,11,0.2656,-0.063872,7,1,0,0,0,0.235285
13.413253615193549,34,12,0.2656,0.235285,9,1,0,0,0,-0.224465
13.188788398775822,35,13,0.2656,-0.224465,0,1,0,0,0,0.007577
13.196365333319264,36,14,0.2656,0.007577,2,1,0,0,0,0.02857
13.224935384069434,37,15,0.2656,0.02857,0,1,0,0,0,0.181496
13.406431623116099,38,16,0.2656,0.181496,2,1,0,0,0,0.341587
13.748018596938481,39,17,0.2656,0.341587,4,1,0,0,0,0.078033
13.826051331268836,40,18,0.2656,0.078033,6,1,0,0,0,0.018286
13.844337349353939,41,19,0.2656,0.018286,8,1,0,0,0,0.268995
14.113332165297024,42,20,0.2656,0.268995,10,1,0,0,0,0.101372
14.21470449831453,43,21,0.2656,0.101372,12,1,0,0,0,0.035396
14.25010023498095,44,22,0.2656,0.035396,14,1,0,0,0,0.176176
14.42627576913825,45,23,0.2656,0.176176,16,1,0,0,0,0.205147
12.55305349288993,27,5,0.393,0.0,1,1,0,0,0,0.391034
12.94408750093985,28,6,0.393,0.391034,3,1,0,0,0,0.207232
13.151319558632865,29,7,0.393,0.207232,5,1,0,0,0,-0.082243
13.069076707185074,30,8,0.393,-0.082243,7,1,0,0,0,0.125116
13.194193026221392,31,9,0.393,0.125116,9,1,0,0,0,0.03804
13.232233314469362,32,10,0.393,0.03804,11,1,0,0,0,-0.134704
13.097528930152125,33,11,0.393,-0.134704,13,1,0,0,0,0.129413
13.226941690911868,34,12,0.393,0.129413,0,1,0,0,0,0.121649
13.348590399804392,35,13,0.393,0.121649,2,1,0,0,0,0.446188
13.794778191723386,36,14,0.393,0.446188,0,1,0,0,0,0.354518
14.149295723035461,37,15,0.393,0.354518,2,1,0,0,0,0.11547
14.264766208464557,38,16,0.393,0.11547,4,1,0,0,0,-0.038223
14.226543443246126,39,17,0.393,-0.038223,6,1,0,0,0,0.126124
14.352667461546616,40,18,0.393,0.126124,8,1,0,0,0,0.235859
14.5885264615717,41,19,0.393,0.235859,10,1,0,0,0,0.302144
14.890670633951522,42,20,0.393,0.302144,12,1,0,0,0,0.115585
12.636508770736604,34,12,0.318,0.0,1,1,0,0,0,-0.128732
12.507777083819184,35,13,0.318,-0.128732,3,1,0,0,0,-0.195254
12.312523294500364,36,14,0.318,-0.195254,0,1,0,0,0,-0.509358
11.803165767662998,37,15,0.318,-0.509358,2,1,0,0,0,0.022053
11.825218848968449,38,16,0.318,0.022053,4,1,0,0,0,-0.002981
11.822237919145566,39,17,0.318,-0.002981,6,1,0,0,0,0.077218
11.899455537249992,40,18,0.318,0.077218,0,1,0,0,0,-0.144567
11.754888804865177,41,19,0.318,-0.144567,2,1,0,0,0,0.129977
11.884865653099817,42,20,0.318,0.129977,4,1,0,0,0,0.043289
11.92815423045996,43,21,0.318,0.043289,6,1,0,0,0,-0.274629
11.65352555219825,44,22,0.318,-0.274629,8,1,0,0,0,0.059946
11.713471413916652,45,23,0.318,0.059946,0,1,0,0,0,0.060509
11.77398022417141,46,24,0.318,0.060509,2,1,0,0,0,-0.300988
11.472992532152716,47,25,0.318,-0.300988,4,1,0,0,0,0.273107
11.746099245861036,48,26,0.318,0.273107,6,1,0,0,0,-0.069047
11.67705243951917,49,27,0.318,-0.069047,8,1,0,0,0,-0.083714
11.002099841204238,30,8,0.1143,0.0,1,1,0,0,0,0.0
11.002099841204238,31,9,0.1143,0.0,3,1,0,0,0,0.0
11.002099841204238,32,10,0.1143,0.0,5,1,0,0,0,0.0
11.002099841204238,33,11,0.1143,0.0,7,1,0,0,0,0.068591
11.070690919189536,34,12,0.1143,0.068591,9,1,0,0,0,0.39758
11.468270936359344,35,13,0.1143,0.39758,0,1,0,0,0,0.344094
11.81236444551579,36,14,0.1143,0.344094,2,1,0,0,0,0.246445
12.058809082756177,37,15,0.1143,0.246445,4,1,0,0,0,0.166542
12.225350847474367,38,16,0.1143,0.166542,6,1,0,0,0,0.120457
12.345807743849532,39,17,0.1143,0.120457,8,1,0,0,0,-0.008825
12.336982887692905,40,18,0.1143,-0.008825,10,1,0,0,0,0.003349
12.340331505152372,41,19,0.1143,0.003349,12,1,0,0,0,-0.016667
12.32366405498623,42,20,0.1143,-0.016667,0,1,0,0,0,0.18395
12.507613953482748,43,21,0.1143,0.18395,2,1,0,0,0,0.139992
12.647605763143634,44,22,0.1143,0.139992,4,1,0,0,0,0.045113
12.692718730938699,45,23,0.1143,0.045113,6,1,0,0,0,0.016788
11.002099841204238,32,10,0.8273,0.0,1,0,1,0,1,0.0
11.002099841204238,33,11,0.8273,0.0,3,0,1,0,1,0.0
11.002099841204238,34,12,0.8273,0.0,5,0,1,0,1,0.0
11.002099841204238,35,13,0.8273,0.0,7,0,1,0,1,0.0
11.002099841204238,36,14,0.8273,0.0,9,0,1,0,1,0.0
11.002099841204238,37,15,0.8273,0.0,11,0,1,0,1,0.262553
11.264653095257014,38,16,0.8273,0.262553,13,0,1,0,1,-0.051012
11.21364153861062,39,17,0.8273,-0.051012,0,0,1,0,1,0.848378
12.062019939514226,40,18,0.8273,0.848378,2,0,1,0,1,0.499614
12.561634201689413,41,19,0.8273,0.499614,4,0,1,0,1,-0.700182
11.861452343594008,42,20,0.8273,-0.700182,6,0,1,0,1,-0.61297
11.248482799504702,43,21,0.8273,-0.61297,8,0,1,0,1,-0.127508
11.120974424046759,44,22,0.8273,-0.127508,10,0,1,0,1,0.328625
11.449599090842552,45,23,0.8273,0.328625,12,0,1,0,1,0.702781
12.15238032685679,46,24,0.8273,0.702781,14,0,1,0,1,-0.312868
11.839512778050032,47,25,0.8273,-0.312868,16,0,1,0,1,-0.55386
15.23731402641322,30,8,0.2075,0.0,1,1,0,0,0,0.102025
15.339339221262719,31,9,0.2075,0.102025,1,1,0,0,0,-0.025797
15.313542532503941,32,10,0.2075,-0.025797,1,1,0,0,0,0.142572
15.456114817166076,33,11,0.2075,0.142572,1,1,0,0,0,0.00387
15.459984969898546,34,12,0.2075,0.00387,1,1,0,0,0,-0.131112
15.328872723415419,35,13,0.2075,-0.131112,1,1,0,0,0,-0.093587
15.235285548168754,36,14,0.2075,-0.093587,1,1,0,0,0,0.082291
15.31757704135059,37,15,0.2075,0.082291,0,1,0,0,0,0.007891
15.325468244858117,38,16,0.2075,0.007891,1,1,0,0,0,0.319021
15.644489440223087,39,17,0.2075,0.319021,1,1,0,0,0,0.506545
16.151034432718987,40,18,0.2075,0.506545,1,1,0,0,0,0.240234
16.39126804886396,41,19,0.2075,0.240234,1,1,0,0,0,0.2709
16.662167929256835,42,20,0.2075,0.2709,1,1,0,0,0,0.2244
16.886568349046257,43,21,0.2075,0.2244,0,1,0,0,0,-0.058694
16.827874401754194,44,22,0.2075,-0.058694,1,1,0,0,0,0.118631
16.9465050201413,45,23,0.2075,0.118631,1,1,0,0,0,0.272655
13.055043792284035,33,11,0.0,0.0,1,1,0,0,0,-0.101398
12.953645417668946,34,12,0.0,-0.101398,3,1,0,0,0,0.052445
13.006090558846418,35,13,0.0,0.052445,5,1,0,0,0,0.178786
13.184876336802182,36,14,0.0,0.178786,0,1,0,0,0,0.175083
13.359959154075698,37,15,0.0,0.175083,2,1,0,0,0,0.22531
13.58526867714051,38,16,0.0,0.22531,4,1,0,0,0,0.036254
13.621522998549919,39,17,0.0,0.036254,6,1,0,0,0,-0.028787
13.59273601560832,40,18,0.0,-0.028787,8,1,0,0,0,0.008112
13.60084834542027,41,19,0.0,0.008112,10,1,0,0,0,0.392273
13.993120907500579,42,20,0.0,0.392273,12,1,0,0,0,0.284494
14.27761532147064,43,21,0.0,0.284494,14,1,0,0,0,0.145685
14.423300244661615,44,22,0.0,0.145685,16,1,0,0,0,-0.006506
14.416794351726685,45,23,0.0,-0.006506,18,1,0,0,0,-0.001675
14.415119316828665,46,24,0.0,-0.001675,0,1,0,0,0,0.472336
14.887455675721352,47,25,0.0,0.472336,0,1,0,0,0,0.14125
15.028705923678608,48,26,0.0,0.14125,2,1,0,0,0,0.099946
11.105972701459372,28,6,0.1508,0.0,1,1,0,0,0,0.239785
11.345758144765693,29,7,0.1508,0.239785,3,1,0,0,0,0.181669
11.527426715776118,30,8,0.1508,0.181669,5,1,0,0,0,0.167558
11.694984509095177,31,9,0.1508,0.167558,7,1,0,0,0,0.272121
11.967105447559984,32,10,0.1508,0.272121,9,1,0,0,0,0.275755
12.242860830146972,33,11,0.1508,0.275755,0,1,0,0,0,0.394335
12.637195983815303,34,12,0.1508,0.394335,0,1,0,0,0,0.225612
12.862808001412015,35,13,0.1508,0.225612,2,1,0,0,0,0.047245
12.91005315194343,36,14,0.1508,0.047245,4,1,0,0,0,-0.011044
12.899009525018366,37,15,0.1508,-0.011044,6,1,0,0,0,-0.093833
12.805176853411078,38,16,0.1508,-0.093833,8,1,0,0,0,-0.04494
12.760236588848464,39,17,0.1508,-0.04494,10,1,0,0,0,0.032613
12.792849707135732,40,18,0.1508,0.032613,12,1,0,0,0,-0.069214
12.723636008266482,41,19,0.1508,-0.069214,14,1,0,0,0,0.077979
12.801615164472196,42,20,0.1508,0.077979,16,1,0,0,0,0.074281
12.875896579754118,43,21,0.1508,0.074281,0,1,0,0,0,-0.038417
14.614646083512826,22,0,0.9672,0.0,1,0,0,1,0,-0.299676
14.314970425059443,23,1,0.9672,-0.299676,3,0,0,1,0,0.378234
14.693204060991908,24,2,0.9672,0.378234,5,0,0,1,0,-0.244187
14.449017268911156,25,3,0.9672,-0.244187,7,0,0,1,0,-0.631415
13.817602638577823,26,4,0.9672,-0.631415,9,0,0,1,0,-0.342233
13.475369228096119,27,5,0.9672,-0.342233,11,0,0,1,0,0.142967
13.618336500442886,28,6,0.9672,0.142967,13,0,0,1,0,0.76425
14.382586131502642,29,7,0.9672,0.76425,15,0,0,1,0,-0.288827
14.093758909501341,30,8,0.9672,-0.288827,17,0,0,1,0,0.550093
14.64385186060493,31,9,0.9672,0.550093,19,0,0,1,0,0.079964
14.723816178827851,32,10,0.9672,0.079964,21,0,0,1,0,0.926707
15.650523065590598,33,11,0.9672,0.926707,23,0,0,1,0,0.326727
15.977249909675905,34,12,0.9672,0.326727,25,0,0,1,0,1.231106
17.208356108008537,35,13,0.9672,1.231106,27,0,0,1,0,0.43717
17.645526224155166,36,14,0.9672,0.43717,29,0,0,1,0,0.256729
17.902255275625254,37,15,0.9672,0.256729,31,0,0,1,0,-0.329702
13.408113650738288,28,6,0.4792,0.0,1,1,0,0,1,0.266874
13.674987559953477,29,7,0.4792,0.266874,0,1,0,0,1,0.303019
13.978006386994254,30,8,0.4792,0.303019,2,1,0,0,1,-0.094784
13.88322249026918,31,9,0.4792,-0.094784,4,1,0,0,1,0.33262
14.21584285429062,32,10,0.4792,0.33262,0,1,0,0,1,0.005524
14.221366900417843,33,11,0.4792,0.005524,0,1,0,0,1,0.152191
14.3735575299985,34,12,0.4792,0.152191,2,1,0,0,1,-0.067907
14.305650308462017,35,13,0.4792,-0.067907,4,1,0,0,1,0.34284
14.648490285785977,36,14,0.4792,0.34284,0,1,0,0,1,0.18929
14.837780519657903,37,15,0.4792,0.18929,2,1,0,0,1,0.021503
14.859283881534118,38,16,0.4792,0.021503,4,1,0,0,1,0.033109
14.892393209334953,39,17,0.4792,0.033109,6,1,0,0,1,0.091128
14.983520768402785,40,18,0.4792,0.091128,8,1,0,0,1,0.031743
15.01526344008083,41,19,0.4792,0.031743,10,1,0,0,1,0.457351
15.472614901023958,42,20,0.4792,0.457351,12,1,0,0,1,1.03046
16.50307470022738,43,21,0.4792,1.03046,0,1,0,0,1,-0.087045
13.4381586591285,27,5,0.1874,0.0,1,1,0,0,1,0.189313
13.627471588530817,28,6,0.1874,0.189313,3,1,0,0,1,0.099726
13.727198084552072,29,7,0.1874,0.099726,5,1,0,0,1,0.285752
14.012950299794712,30,8,0.1874,0.285752,7,1,0,0,1,0.061476
14.07442580347469,31,9,0.1874,0.061476,9,1,0,0,1,0.107472
14.181897502061037,32,10,0.1874,0.107472,0,1,0,0,1,-0.166296
14.015601559807168,33,11,0.1874,-0.166296,2,1,0,0,1,-0.229516
13.786085666916701,34,12,0.1874,-0.229516,4,1,0,0,1,0.031674
13.817759973840547,35,13,0.1874,0.031674,6,1,0,0,1,0.171848
13.989608467860544,36,14,0.1874,0.171848,8,1,0,0,1,-0.043148
13.946460207393772,37,15,0.1874,-0.043148,10,1,0,0,1,0.008278
13.954738202392543,38,16,0.1874,0.008278,12,1,0,0,1,0.1751
14.12983851813855,39,17,0.1874,0.1751,14,1,0,0,1,0.306072
14.435910376151353,40,18,0.1874,0.306072,16,1,0,0,1,0.161232
14.59714230712401,41,19,0.1874,0.161232,18,1,0,0,1,0.065843
14.662985630496847,42,20,0.1874,0.065843,20,1,0,0,1,-0.089715
11.115530403386378,22,0,0.8743,0.0,1,0,1,0,0,0.048543
11.164073690036046,23,1,0.8743,0.048543,3,0,1,0,0,0.777095
11.941169170615748,24,2,0.8743,0.777095,5,0,1,0,0,0.839825
12.780994032447676,25,3,0.8743,0.839825,7,0,1,0,0,0.120069
12.90106302613076,26,4,0.8743,0.120069,9,0,1,0,0,0.191725
13.092787985952627,27,5,0.8743,0.191725,11,0,1,0,0,0.08114
13.173928249168265,28,6,0.8743,0.08114,13,0,1,0,0,0.147921
13.321849056906892,29,7,0.8743,0.147921,15,0,1,0,0,-0.024778
13.297071176889647,30,8,0.8743,-0.024778,0,0,1,0,0,-0.52529
12.771780795810727,31,9,0.8743,-0.52529,2,0,1,0,0,0.064723
12.836503992452645,32,10,0.8743,0.064723,4,0,1,0,0,1.257456
14.093960346597934,33,11,0.8743,1.257456,6,0,1,0,0,0.772872
14.866832115631324,34,12,0.8743,0.772872,8,0,1,0,0,1.050318
15.917150018918766,35,13,0.8743,1.050318,10,0,1,0,0,0.377327
16.294477217566612,36,14,0.8743,0.377327,12,0,1,0,0,0.328375
16.622852415696315,37,15,0.8743,0.328375,14,0,1,0,0,0.390428
11.064720528205843,28,6,0.6785,0.0,1,0,0,1,0,-0.062621
11.002099841204238,29,7,0.6785,-0.062621,3,0,0,1,0,0.173829
11.175928433108673,30,8,0.6785,0.173829,0,0,0,1,0,0.616502
11.792430252506387,31,9,0.6785,0.616502,2,0,0,1,0,0.20689
11.999320274566848,32,10,0.6785,0.20689,4,0,0,1,0,0.45046
12.449780655925954,33,11,0.6785,0.45046,6,0,0,1,0,-0.070706
12.379074941041138,34,12,0.6785,-0.070706,8,0,0,1,0,0.257681
12.636755778366286,35,13,0.6785,0.257681,0,0,0,1,0,0.368042
13.004797742892142,36,14,0.6785,0.368042,2,0,0,1,0,-0.257827
12.746970958749072,37,15,0.6785,-0.257827,0,0,0,1,0,0.101647
12.84861748875993,38,16,0.6785,0.101647,0,0,0,1,0,-0.281821
12.566796200740564,39,17,0.6785,-0.281821,2,0,0,1,0,0.050131
12.616927138042952,40,18,0.6785,0.050131,0,0,0,1,0,0.346399
12.963325999591225,41,19,0.6785,0.346399,0,0,0,1,0,0.643288
13.606614480012276,42,20,0.6785,0.643288,2,0,0,1,0,0.619677
14.226291547728598,43,21,0.6785,0.619677,4,0,0,1,0,0.007308
11.002099841204238,27,5,0.6633,0.0,1,0,1,0,0,0.0
11.002099841204238,28,6,0.6633,0.0,3,0,1,0,0,0.0
11.002099841204238,29,7,0.6633,0.0,5,0,1,0,0,0.0
11.002099841204238,30,8,0.6633,0.0,0,0,1,0,0,0.0
11.002099841204238,31,9,0.6633,0.0,2,0,1,0,0,0.0
11.002099841204238,32,10,0.6633,0.0,4,0,1,0,0,0.0
11.002099841204238,33,11,0.6633,0.0,6,0,1,0,0,0.855511
11.857610951658941,34,12,0.6633,0.855511,0,0,1,0,0,0.360473
12.218083794885029,35,13,0.6633,0.360473,0,0,1,0,0,-0.014134
12.203949527147243,36,14,0.6633,-0.014134,2,0,1,0,0,0.529898
12.733847053585892,37,15,0.6633,0.529898,0,0,1,0,0,0.00027
12.734117523791094,38,16,0.6633,0.00027,2,0,1,0,0,0.188748
12.922865157499952,39,17,0.6633,0.188748,4,0,1,0,0,-0.271598
12.65126756721437,40,18,0.6633,-0.271598,0,0,1,0,0,0.13027
12.781537090154186,41,19,0.6633,0.13027,2,0,1,0,0,-0.127639
12.653898332084156,42,20,0.6633,-0.127639,4,0,1,0,0,0.175022
11.002099841204238,30,8,0.1393,0.0,1,1,0,0,0,0.0
11.002099841204238,31,9,0.1393,0.0,3,1,0,0,0,0.0
11.002099841204238,32,10,0.1393,0.0,5,1,0,0,0,0.0
11.002099841204238,33,11,0.1393,0.0,7,1,0,0,0,0.0
11.002099841204238,34,12,0.1393,0.0,9,1,0,0,0,0.0
11.002099841204238,35,13,0.1393,0.0,11,1,0,0,0,0.0
11.002099841204238,36,14,0.1393,0.0,13,1,0,0,0,0.0
11.002099841204238,37,15,0.1393,0.0,15,1,0,0,0,0.0
11.002099841204238,38,16,0.1393,0.0,17,1,0,0,0,0.0
11.002099841204238,39,17,0.1393,0.0,19,1,0,0,0,0.159937
11.162036527240492,40,18,0.1393,0.159937,21,1,0,0,0,0.065179
11.22721548999739,41,19,0.1393,0.065179,23,1,0,0,0,0.16352
11.390735942294548,42,20,0.1393,0.16352,25,1,0,0,0,0.295288
11.686023462903025,43,21,0.1393,0.295288,27,1,0,0,0,0.140161
11.826184658659558,44,22,0.1393,0.140161,29,1,0,0,0,0.066348
11.892532861735168,45,23,0.1393,0.066348,31,1,0,0,0,0.249358
11.060729699500211,28,6,0.4948,0.0,1,1,0,0,0,0.304638
11.365367929511038,29,7,0.4948,0.304638,3,1,0,0,0,0.327179
11.692546560155758,30,8,0.4948,0.327179,5,1,0,0,0,0.196517
11.889063299393099,31,9,0.4948,0.196517,7,1,0,0,0,0.096351
11.985414161804217,32,10,0.4948,0.096351,9,1,0,0,0,0.094059
12.079473372492721,33,11,0.4948,0.094059,11,1,0,0,0,0.223057
12.30253043004311,34,12,0.4948,0.223057,13,1,0,0,0,0.562359
12.864889804255476,35,13,0.4948,0.562359,0,1,0,0,0,0.261787
13.126677250323976,36,14,0.4948,0.261787,2,1,0,0,0,0.123054
13.249730760979123,37,15,0.4948,0.123054,4,1,0,0,0,-0.026444
13.223287201281952,38,16,0.4948,-0.026444,6,1,0,0,0,-0.049253
13.17403379459617,39,17,0.4948,-0.049253,8,1,0,0,0,-0.284106
12.889928016193862,40,18,0.4948,-0.284106,10,1,0,0,0,-0.166958
12.722969548690823,41,19,0.4948,-0.166958,12,1,0,0,0,0.097297
12.820266559835316,42,20,0.4948,0.097297,0,1,0,0,0,0.161463
12.981729164372021,43,21,0.4948,0.161463,2,1,0,0,0,0.099006
12.937254618449433,28,6,0.2423,0.0,1,1,0,0,1,0.200512
13.13776623514327,29,7,0.2423,0.200512,3,1,0,0,1,0.304787
13.442553614115686,30,8,0.2423,0.304787,5,1,0,0,1,0.0441
13.486653277758714,31,9,0.2423,0.0441,7,1,0,0,1,-0.121044
13.365609497743526,32,10,0.2423,-0.121044,9,1,0,0,1,-0.08209
13.283519656121394,33,11,0.2423,-0.08209,0,1,0,0,1,-0.15648
13.127040083732686,34,12,0.2423,-0.15648,2,1,0,0,1,0.162399
13.289438913865082,35,13,0.2423,0.162399,4,1,0,0,1,0.222193
13.511631594515173,36,14,0.2423,0.222193,6,1,0,0,1,0.311005
13.82263619814759,37,15,0.2423,0.311005,0,1,0,0,1,0.405357
14.227993641703515,38,16,0.2423,0.405357,2,1,0,0,1,0.947523
15.175516555344318,39,17,0.2423,0.947523,0,1,0,0,1,0.144739
15.320255263328134,40,18,0.2423,0.144739,2,1,0,0,1,0.098186
15.418441622047037,41,19,0.2423,0.098186,4,1,0,0,1,0.127375
15.545816488485135,42,20,0.2423,0.127375,0,1,0,0,1,-0.128255
15.417561975756728,43,21,0.2423,-0.128255,2,1,0,0,1,0.081293
15.092518906120558,30,8,0.4007,0.0,1,0,1,0,1,0.200052
15.292570877293153,31,9,0.4007,0.200052,0,0,1,0,1,0.043463
15.336034301445107,32,10,0.4007,0.043463,0,0,1,0,1,-0.290492
15.045542541101979,33,11,0.4007,-0.290492,2,0,1,0,1,0.621989
15.667531548877754,34,12,0.4007,0.621989,0,0,1,0,1,-0.073839
15.59369209182577,35,13,0.4007,-0.073839,2,0,1,0,1,-0.75809
14.835602109591756,36,14,0.4007,-0.75809,4,0,1,0,1,-0.671392
14.164210255892275,37,15,0.4007,-0.671392,0,0,1,0,1,-0.655428
13.508782357545604,38,16,0.4007,-0.655428,2,0,1,0,1,0.46751
13.976292202477813,39,17,0.4007,0.46751,4,0,1,0,1,0.019583
13.99587482385748,40,18,0.4007,0.019583,0,0,1,0,1,0.199413
14.195288240098877,41,19,0.4007,0.199413,0,0,1,0,1,-0.146492
14.048796089449509,42,20,0.4007,-0.146492,2,0,1,0,1,-0.252403
13.796393442612391,43,21,0.4007,-0.252403,4,0,1,0,1,-0.181772
13.61462108992567,44,22,0.4007,-0.181772,6,0,1,0,1,-0.316919
13.297702417464432,45,23,0.4007,-0.316919,8,0,1,0,1,-0.092599
12.582252496876572,29,7,0.5779,0.0,1,1,0,0,0,0.077092
12.659344569377211,30,8,0.5779,0.077092,3,1,0,0,0,0.100213
12.759557954485407,31,9,0.5779,0.100213,5,1,0,0,0,0.148783
12.908341126802592,32,10,0.5779,0.148783,7,1,0,0,0,0.205715
13.114056242864045,33,11,0.5779,0.205715,9,1,0,0,0,-0.010673
13.103383647038935,34,12,0.5779,-0.010673,11,1,0,0,0,0.233507
13.336891134532147,35,13,0.5779,0.233507,13,1,0,0,0,0.154869
13.4917598368452,36,14,0.5779,0.154869,15,1,0,0,0,-0.026707
13.465053149813604,37,15,0.5779,-0.026707,17,1,0,0,0,0.143317
13.608369990556925,38,16,0.5779,0.143317,19,1,0,0,0,0.504768
14.11313848256995,39,17,0.5779,0.504768,21,1,0,0,0,0.170633
14.283770987701311,40,18,0.5779,0.170633,23,1,0,0,0,0.142008
14.425778731181714,41,19,0.5779,0.142008,25,1,0,0,0,0.003058
14.42883710500717,42,20,0.5779,0.003058,27,1,0,0,0,0.156425
14.585261789003761,43,21,0.5779,0.156425,29,1,0,0,0,0.262781
14.848042844462089,44,22,0.5779,0.262781,31,1,0,0,0,0.364272
11.320437290966643,34,12,0.4745,0.0,1,1,0,0,0,0.225877
11.546313962901714,35,13,0.4745,0.225877,3,1,0,0,0,0.023466
11.569779543977912,36,14,0.4745,0.023466,5,1,0,0,0,0.248507
11.818286378644558,37,15,0.4745,0.248507,7,1,0,0,0,0.087445
11.905731047950319,38,16,0.4745,0.087445,9,1,0,0,0,0.013581
11.919311846663806,39,17,0.4745,0.013581,11,1,0,0,0,-0.217266
11.702045684860897,40,18,0.4745,-0.217266,13,1,0,0,0,0.218092
11.92013801410506,41,19,0.4745,0.218092,0,1,0,0,0,-0.174388
11.745749861266138,42,20,0.4745,-0.174388,2,1,0,0,0,0.018776
11.764525544507059,43,21,0.4745,0.018776,4,1,0,0,0,0.037864
11.8023895878425,44,22,0.4745,0.037864,6,1,0,0,0,0.814021
12.616410928742477,45,23,0.4745,0.814021,0,1,0,0,0,0.280123
12.896533949091074,46,24,0.4745,0.280123,2,1,0,0,0,0.939657
13.836191403225534,47,25,0.4745,0.939657,0,1,0,0,0,0.231975
14.068166544708635,48,26,0.4745,0.231975,2,1,0,0,0,0.297859
14.366026027943882,49,27,0.4745,0.297859,4,1,0,0,0,-0.001411
11.002099841204238,31,9,0.0,0.0,1,1,0,0,0,0.0
11.002099841204238,32,10,0.0,0.0,3,1,0,0,0,0.0
11.002099841204238,33,11,0.0,0.0,5,1,0,0,0,0.0
11.002099841204238,34,12,0.0,0.0,7,1,0,0,0,0.0
11.002099841204238,35,13,0.0,0.0,9,1,0,0,0,0.0
11.002099841204238,36,14,0.0,0.0,11,1,0,0,0,0.0
11.002099841204238,37,15,0.0,0.0,13,1,0,0,0,0.0
11.002099841204238,38,16,0.0,0.0,15,1,0,0,0,0.0
11.002099841204238,39,17,0.0,0.0,17,1,0,0,0,0.006475
11.008575164095722,40,18,0.0,0.006475,19,1,0,0,0,-0.006475
11.002099841204238,41,19,0.0,-0.006475,21,1,0,0,0,0.134
11.136099392901892,42,20,0.0,0.134,23,1,0,0,0,0.104629
11.240728414192251,43,21,0.0,0.104629,25,1,0,0,0,0.147878
11.3886068679497,44,22,0.0,0.147878,27,1,0,0,0,0.177342
11.565949263704297,45,23,0.0,0.177342,29,1,0,0,0,0.165559
11.731507848968112,46,24,0.0,0.165559,0,1,0,0,0,-0.009567
13.446975281151683,33,11,0.1963,0.0,1,1,0,0,0,-0.100107
13.346868647145188,34,12,0.1963,-0.100107,3,1,0,0,0,0.13584
13.482708777260784,35,13,0.1963,0.13584,5,1,0,0,0,0.142915
13.625623465731776,36,14,0.1963,0.142915,7,1,0,0,0,0.202525
13.828148008564916,37,15,0.1963,0.202525,9,1,0,0,0,0.461758
14.289905535152197,38,16,0.1963,0.461758,0,1,0,0,0,0.340263
14.630168447348906,39,17,0.1963,0.340263,2,1,0,0,0,0.083292
14.71346048227126,40,18,0.1963,0.083292,4,1,0,0,0,0.073625
14.787085701226559,41,19,0.1963,0.073625,6,1,0,0,0,0.172627
14.95971227039168,42,20,0.1963,0.172627,8,1,0,0,0,0.452082
15.411794476157697,43,21,0.1963,0.452082,0,1,0,0,0,-0.10423
15.307564051374355,44,22,0.1963,-0.10423,0,1,0,0,0,-0.147782
15.159781907600513,45,23,0.1963,-0.147782,2,1,0,0,0,0.919096
16.07887765084815,46,24,0.1963,0.919096,0,1,0,0,0,-0.110259
15.968619117814706,47,25,0.1963,-0.110259,2,1,0,0,0,0.026396
15.995015027396143,48,26,0.1963,0.026396,4,1,0,0,0,-0.131531
11.002099841204238,30,8,0.6783,0.0,1,1,0,0,0,0.0
11.002099841204238,31,9,0.6783,0.0,3,1,0,0,0,0.0
11.002099841204238,32,10,0.6783,0.0,5,1,0,0,0,0.0
11.002099841204238,33,11,0.6783,0.0,7,1,0,0,0,0.133176
11.13527559295781,34,12,0.6783,0.133176,9,1,0,0,0,-0.11363
11.021645444673746,35,13,0.6783,-0.11363,11,1,0,0,0,0.355364
11.377009581142085,36,14,0.6783,0.355364,0,1,0,0,0,0.036265
11.41327452265734,37,15,0.6783,0.036265,2,1,0,0,0,-0.027039
11.386235643735052,38,16,0.6783,-0.027039,4,1,0,0,0,-0.206365
11.179870455839565,39,17,0.6783,-0.206365,6,1,0,0,0,-0.177771
11.002099841204238,40,18,0.6783,-0.177771,8,1,0,0,0,0.040893
11.04299276963177,41,19,0.6783,0.040893,10,1,0,0,0,0.037303
11.080296048598742,42,20,0.6783,0.037303,12,1,0,0,0,0.249432
11.3297276815574,43,21,0.6783,0.249432,14,1,0,0,0,0.014512
11.344239276514731,44,22,0.6783,0.014512,16,1,0,0,0,-0.016753
11.32748625304225,45,23,0.6783,-0.016753,18,1,0,0,0,-0.025018
13.585876900984179,25,3,0.377,0.0,1,1,0,0,1,0.110254
13.696130912993858,26,4,0.377,0.110254,3,1,0,0,1,0.32762
14.023751240010462,27,5,0.377,0.32762,5,1,0,0,1,0.334008
14.357758994546217,28,6,0.377,0.334008,0,1,0,0,1,0.023688
14.38144686275578,29,7,0.377,0.023688,2,1,0,0,1,0.220207
14.601653730707815,30,8,0.377,0.220207,4,1,0,0,1,-0.016139
14.585514714627383,31,9,0.377,-0.016139,6,1,0,0,1,0.544878
15.130393021590807,32,10,0.377,0.544878,0,1,0,0,1,0.043475
15.173867629830296,33,11,0.377,0.043475,2,1,0,0,1,0.215746
15.389613880574121,34,12,0.377,0.215746,4,1,0,0,1,-0.09926
15.290353814634067,35,13,0.377,-0.09926,6,1,0,0,1,0.217973
15.508327120800494,36,14,0.377,0.217973,8,1,0,0,1,-0.036161
15.472166057289039,37,15,0.377,-0.036161,10,1,0,0,1,0.175049
15.647215131259685,38,16,0.377,0.175049,0,1,0,0,1,0.49477
16.141985340100835,39,17,0.377,0.49477,0,1,0,0,1,0.210631
16.3526164733552,40,18,0.377,0.210631,2,1,0,0,1,0.145526
12.274954018733311,31,9,0.3367,0.0,1,1,0,0,0,0.286826
12.561779641577731,32,10,0.3367,0.286826,3,1,0,0,0,0.149267
12.711046649038197,33,11,0.3367,0.149267,5,1,0,0,0,0.043837
12.754883839937856,34,12,0.3367,0.043837,7,1,0,0,0,0.306187
13.06107069379878,35,13,0.3367,0.306187,0,1,0,0,0,0.147777
13.208847769076632,36,14,0.3367,0.147777,2,1,0,0,0,0.099066
13.307913626553693,37,15,0.3367,0.099066,4,1,0,0,0,0.136084
13.443997834074048,38,16,0.3367,0.136084,6,1,0,0,0,0.184944
13.628941792076452,39,17,0.3367,0.184944,8,1,0,0,0,0.160796
13.789737724981151,40,18,0.3367,0.160796,10,1,0,0,0,0.176707
13.966444951667999,41,19,0.3367,0.176707,12,1,0,0,0,0.024313
13.990758351525058,42,20,0.3367,0.024313,14,1,0,0,0,-0.204355
13.786402887635205,43,21,0.3367,-0.204355,16,1,0,0,0,-0.016842
13.76956123011375,44,22,0.3367,-0.016842,18,1,0,0,0,-0.095536
13.674025611479381,45,23,0.3367,-0.095536,20,1,0,0,0,0.476449
14.150474555042736,46,24,0.3367,0.476449,0,1,0,0,0,-0.163799
12.398664543765268,26,4,0.3845,0.0,1,1,0,0,1,-0.061422
12.337242945866935,27,5,0.3845,-0.061422,3,1,0,0,1,0.183292
12.520534471773034,28,6,0.3845,0.183292,5,1,0,0,1,0.070228
12.590762575148677,29,7,0.3845,0.070228,7,1,0,0,1,0.116513
12.70727604870162,30,8,0.3845,0.116513,9,1,0,0,1,0.22577
12.933045750616115,31,9,0.3845,0.22577,11,1,0,0,1,0.093904
13.026950189538901,32,10,0.3845,0.093904,13,1,0,0,1,0.206488
13.233438140251105,33,11,0.3845,0.206488,15,1,0,0,1,0.234728
13.468166510890674,34,12,0.3845,0.234728,17,1,0,0,1,0.149944
13.618110128300309,35,13,0.3845,0.149944,19,1,0,0,1,0.043728
13.661837873322984,36,14,0.3845,0.043728,0,1,0,0,1,-0.071845
13.589992775130204,37,15,0.3845,-0.071845,2,1,0,0,1,0.232813
13.82280555446214,38,16,0.3845,0.232813,4,1,0,0,1,0.220017
14.042822685339987,39,17,0.3845,0.220017,6,1,0,0,1,0.194373
14.237195746172324,40,18,0.3845,0.194373,8,1,0,0,1,0.562428
14.799623283211877,41,19,0.3845,0.562428,10,1,0,0,1,0.223212
11.953972013622801,27,5,0.5852,0.0,1,0,1,0,0,0.009033
11.96300474319609,28,6,0.5852,0.009033,3,0,1,0,0,-0.233679
11.729326107507688,29,7,0.5852,-0.233679,5,0,1,0,0,-0.158144
11.57118167091984,30,8,0.5852,-0.158144,7,0,1,0,0,-0.291813
11.279369031514966,31,9,0.5852,-0.291813,9,0,1,0,0,0.022081
11.301449905532472,32,10,0.5852,0.022081,11,0,1,0,0,-0.20278
11.098669916661615,33,11,0.5852,-0.20278,13,0,1,0,0,-0.09657
11.002099841204238,34,12,0.5852,-0.09657,15,0,1,0,0,0.159979
11.162078477361362,35,13,0.5852,0.159979,17,0,1,0,0,0.078293
11.240371853032789,36,14,0.5852,0.078293,19,0,1,0,0,0.461573
11.701944923736297,37,15,0.5852,0.461573,21,0,1,0,0,0.231003
11.932947470549347,38,16,0.5852,0.231003,23,0,1,0,0,0.043563
11.976510531947765,39,17,0.5852,0.043563,0,0,1,0,0,0.269549
12.246059166460592,40,18,0.5852,0.269549,2,0,1,0,0,0.210981
12.457039696582948,41,19,0.5852,0.210981,4,0,1,0,0,0.255352
12.712392113030994,42,20,0.5852,0.255352,6,0,1,0,0,0.397872
11.254062327360552,24,2,0.0579,0.0,1,1,0,0,0,0.034771
11.28883367194321,25,3,0.0579,0.034771,3,1,0,0,0,-0.079517
11.20931676820639,26,4,0.0579,-0.079517,5,1,0,0,0,0.134096
11.343412852129305,27,5,0.0579,0.134096,7,1,0,0,0,0.081355
11.424767725255094,28,6,0.0579,0.081355,9,1,0,0,0,0.187033
11.61180097731692,29,7,0.0579,0.187033,11,1,0,0,0,0.24056
11.8523612624678,30,8,0.0579,0.24056,0,1,0,0,0,0.083836
11.936196876342958,31,9,0.0579,0.083836,2,1,0,0,0,0.174077
12.11027400956169,32,10,0.0579,0.174077,4,1,0,0,0,0.203256
12.313529906896122,33,11,0.0579,0.203256,6,1,0,0,0,0.313938
12.627468219621106,34,12,0.0579,0.313938,8,1,0,0,0,0.117803
12.745270771635726,35,13,0.0579,0.117803,10,1,0,0,0,-0.256335
12.488935374127974,36,14,0.0579,-0.256335,12,1,0,0,0,-0.020593
12.468342697614112,37,15,0.0579,-0.020593,14,1,0,0,0,0.461835
12.930177432838635,38,16,0.0579,0.461835,0,1,0,0,0,0.324106
13.254283727988543,39,17,0.0579,0.324106,2,1,0,0,0,0.092826
11.002099841204238,25,3,0.0,0.0,1,1,0,0,1,0.0
11.002099841204238,26,4,0.0,0.0,3,1,0,0,1,0.0
11.002099841204238,27,5,0.0,0.0,5,1,0,0,1,0.0
11.002099841204238,28,6,0.0,0.0,7,1,0,0,1,0.0
11.002099841204238,29,7,0.0,0.0,9,1,0,0,1,0.0
11.002099841204238,30,8,0.0,0.0,0,1,0,0,1,0.0
11.002099841204238,31,9,0.0,0.0,2,1,0,0,1,0.0
11.002099841204238,32,10,0.0,0.0,4,1,0,0,1,0.0
11.002099841204238,33,11,0.0,0.0,6,1,0,0,1,0.0
11.002099841204238,34,12,0.0,0.0,0,1,0,0,1,0.0
11.002099841204238,35,13,0.0,0.0,2,1,0,0,1,0.191734
11.193834167788193,36,14,0.0,0.191734,4,1,0,0,1,0.035197
11.22903100833261,37,15,0.0,0.035197,6,1,0,0,1,0.138823
11.367854087886188,38,16,0.0,0.138823,8,1,0,0,1,0.108605
11.476459405746338,39,17,0.0,0.108605,10,1,0,0,1,0.331172
11.807631234698727,40,18,0.0,0.331172,12,1,0,0,1,0.146037
12.526924032494287,24,2,0.4262,0.0,1,1,0,0,1,0.152098
12.679022085859863,25,3,0.4262,0.152098,3,1,0,0,1,0.092867
12.771888601182946,26,4,0.4262,0.092867,5,1,0,0,1,0.00309
12.774978883639372,27,5,0.4262,0.00309,0,1,0,0,1,-0.016769
12.758210087419386,28,6,0.4262,-0.016769,2,1,0,0,1,0.020511
12.778721077285386,29,7,0.4262,0.020511,4,1,0,0,1,0.094469
12.873189647988964,30,8,0.4262,0.094469,6,1,0,0,1,0.358424
13.231613506545902,31,9,0.4262,0.358424,8,1,0,0,1,0.134309
13.365922326017202,32,10,0.4262,0.134309,10,1,0,0,1,0.161489
13.527411102462526,33,11,0.4262,0.161489,12,1,0,0,1,0.229435
13.756846247490028,34,12,0.4262,0.229435,14,1,0,0,1,0.23314
13.98998669256807,35,13,0.4262,0.23314,16,1,0,0,1,-0.061079
13.92890784019226,36,14,0.4262,-0.061079,18,1,0,0,1,0.213959
14.14286717687318,37,15,0.4262,0.213959,20,1,0,0,1,0.161707
14.304573762513314,38,16,0.4262,0.161707,22,1,0,0,1,0.391499
14.69607280371744,39,17,0.4262,0.391499,0,1,0,0,1,0.090751
11.593163684772536,30,8,0.6083,0.0,1,1,0,0,0,0.00485
11.598013616490546,31,9,0.6083,0.00485,3,1,0,0,0,0.325873
11.923886361554947,32,10,0.6083,0.325873,5,1,0,0,0,0.338379
12.262264865851638,33,11,0.6083,0.338379,7,1,0,0,0,0.206386
12.468651365407847,34,12,0.6083,0.206386,9,1,0,0,0,0.319529
12.788179889251998,35,13,0.6083,0.319529,0,1,0,0,0,0.023636
12.811816180014452,36,14,0.6083,0.023636,2,1,0,0,0,-0.027905
12.783911364289724,37,15,0.6083,-0.027905,4,1,0,0,0,0.343698
13.127609207457036,38,16,0.6083,0.343698,0,1,0,0,0,-0.045376
13.082232830757333,39,17,0.6083,-0.045376,2,1,0,0,0,0.347015
13.429247791105727,40,18,0.6083,0.347015,4,1,0,0,0,-0.011275
13.417972730402111,41,19,0.6083,-0.011275,6,1,0,0,0,-0.097196
13.320776772812916,42,20,0.6083,-0.097196,8,1,0,0,0,0.159079
13.47985589973309,43,21,0.6083,0.159079,10,1,0,0,0,0.241158
13.72101350039845,44,22,0.6083,0.241158,12,1,0,0,0,-0.090009
13.631004541705131,45,23,0.6083,-0.090009,14,1,0,0,0,-0.229569
14.057965511901681,32,10,0.7692,0.0,1,0,0,1,1,0.350545
14.408510741943545,33,11,0.7692,0.350545,3,0,0,1,1,1.067709
15.476219940233152,34,12,0.7692,1.067709,5,0,0,1,1,0.080535
15.556754930830568,35,13,0.7692,0.080535,7,0,0,1,1,0.055563
15.612317865420245,36,14,0.7692,0.055563,0,0,0,1,1,-0.35373
15.258587564417475,37,15,0.7692,-0.35373,0,0,0,1,1,-1.121487
14.137100248203309,38,16,0.7692,-1.121487,2,0,0,1,1,-0.863374
13.273726654494089,39,17,0.7692,-0.863374,4,0,0,1,1,0.12103
13.39475675379622,40,18,0.7692,0.12103,0,0,0,1,1,0.988615
14.383371335314012,41,19,0.7692,0.988615,0,0,0,1,1,0.859623
15.242994500019721,42,20,0.7692,0.859623,2,0,0,1,1,0.018558
15.261552796318014,43,21,0.7692,0.018558,4,0,0,1,1,0.599829
15.861382104019258,44,22,0.7692,0.599829,6,0,0,1,1,-0.04404
15.817341604253567,45,23,0.7692,-0.04404,8,0,0,1,1,-0.786442
15.030899670542228,46,24,0.7692,-0.786442,0,0,0,1,1,0.045551
15.076450329371282,47,25,0.7692,0.045551,0,0,0,1,1,0.677573
13.669515646503148,27,5,0.5721,0.0,1,1,0,0,1,0.192166
13.86168126805787,28,6,0.5721,0.192166,3,1,0,0,1,0.003273
13.864954109887638,29,7,0.5721,0.003273,5,1,0,0,1,0.271747
14.136701457760395,30,8,0.5721,0.271747,7,1,0,0,1,0.040938
14.177639041261177,31,9,0.5721,0.040938,9,1,0,0,1,0.124328
14.301966839609754,32,10,0.5721,0.124328,11,1,0,0,1,-0.063909
14.238057495461105,33,11,0.5721,-0.063909,13,1,0,0,1,-0.13727
14.10078708179938,34,12,0.5721,-0.13727,15,1,0,0,1,-0.091483
14.009303630330855,35,13,0.5721,-0.091483,17,1,0,0,1,-0.140248
13.869055863763508,36,14,0.5721,-0.140248,0,1,0,0,1,-0.054405
13.814651041078571,37,15,0.5721,-0.054405,2,1,0,0,1,0.034243
13.848893603930291,38,16,0.5721,0.034243,4,1,0,0,1,-0.042924
13.805969944699438,39,17,0.5721,-0.042924,6,1,0,0,1,-0.186184
13.61978626690801,40,18,0.5721,-0.186184,0,1,0,0,1,0.291821
13.911607431279187,41,19,0.5721,0.291821,2,1,0,0,1,-0.02333
13.888277775994654,42,20,0.5721,-0.02333,4,1,0,0,1,0.14551
13.166666986724001,33,11,0.1171,0.0,1,1,0,0,1,0.168032
13.334698654651389,34,12,0.1171,0.168032,3,1,0,0,1,0.081523
13.416222077860366,35,13,0.1171,0.081523,5,1,0,0,1,0.187269
13.603490709610556,36,14,0.1171,0.187269,7,1,0,0,1,0.153194
13.756684365946601,37,15,0.1171,0.153194,9,1,0,0,1,0.161918
13.91860220128581,38,16,0.1171,0.161918,11,1,0,0,1,0.013371
13.931973264516856,39,17,0.1171,0.013371,13,1,0,0,1,-0.081717
13.85025661426279,40,18,0.1171,-0.081717,15,1,0,0,1,-0.10389
13.746366503540688,41,19,0.1171,-0.10389,17,1,0,0,1,-0.101504
13.644862330682164,42,20,0.1171,-0.101504,19,1,0,0,1,0.195599
13.840461180913689,43,21,0.1171,0.195599,21,1,0,0,1,0.114795
13.955255885342407,44,22,0.1171,0.114795,23,1,0,0,1,-0.067268
13.887988208417873,45,23,0.1171,-0.067268,25,1,0,0,1,0.071776
13.95976454050124,46,24,0.1171,0.071776,27,1,0,0,1,0.004754
13.964518701304797,47,25,0.1171,0.004754,29,1,0,0,1,0.054382
14.018900945181,48,26,0.1171,0.054382,31,1,0,0,1,-0.023095
12.79616376438907,22,0,0.0,0.0,1,1,0,0,0,0.122831
12.9189945393873,23,1,0.0,0.122831,3,1,0,0,0,0.116548
13.035542309560636,24,2,0.0,0.116548,5,1,0,0,0,0.123835
13.159377795690753,25,3,0.0,0.123835,7,1,0,0,0,0.052939
13.212316604390363,26,4,0.0,0.052939,9,1,0,0,0,0.038048
13.250364626398785,27,5,0.0,0.038048,11,1,0,0,0,0.067464
13.317828405059965,28,6,0.0,0.067464,13,1,0,0,0,0.053064
13.37089250183228,29,7,0.0,0.053064,15,1,0,0,0,0.159909
13.530801948259443,30,8,0.0,0.159909,0,1,0,0,0,0.284166
13.814968038314836,31,9,0.0,0.284166,2,1,0,0,0,0.071754
13.886721780081988,32,10,0.0,0.071754,4,1,0,0,0,0.064381
13.951102471591438,33,11,0.0,0.064381,6,1,0,0,0,0.059972
14.011074309068778,34,12,0.0,0.059972,8,1,0,0,0,0.214972
14.226046419689451,35,13,0.0,0.214972,10,1,0,0,0,-0.212847
14.013199303215814,36,14,0.0,-0.212847,12,1,0,0,0,0.059629
14.072827829137553,37,15,0.0,0.059629,14,1,0,0,0,0.095396
11.002099841204238,33,11,0.4736,0.0,1,0,1,0,0,0.0
11.002099841204238,34,12,0.4736,0.0,0,0,1,0,0,0.0
11.002099841204238,35,13,0.4736,0.0,0,0,1,0,0,0.284834
11.286933514460726,36,14,0.4736,0.284834,2,0,1,0,0,-0.284834
11.002099841204238,37,15,0.4736,-0.284834,0,0,1,0,0,0.0
11.002099841204238,38,16,0.4736,0.0,0,0,1,0,0,0.0
11.002099841204238,39,17,0.4736,0.0,2,0,1,0,0,0.0
11.002099841204238,40,18,0.4736,0.0,4,0,1,0,0,0.048053
11.050152514293229,41,19,0.4736,0.048053,6,0,1,0,0,0.177768
11.227920281361744,42,20,0.4736,0.177768,8,0,1,0,0,-0.145799
11.082121499725389,43,21,0.4736,-0.145799,10,0,1,0,0,0.331692
11.413813475836111,44,22,0.4736,0.331692,0,0,1,0,0,0.19373
11.607543173317515,45,23,0.4736,0.19373,2,0,1,0,0,0.235912
11.843455272893586,46,24,0.4736,0.235912,4,0,1,0,0,-0.315619
11.527835985185819,47,25,0.4736,-0.315619,6,0,1,0,0,0.268735
11.796570495123545,48,26,0.4736,0.268735,8,0,1,0,0,0.402171
12.431689477638965,25,3,0.2146,0.0,1,1,0,0,1,0.150183
12.581872018252307,26,4,0.2146,0.150183,3,1,0,0,1,0.111459
12.693331298263018,27,5,0.2146,0.111459,5,1,0,0,1,-0.043838
12.649492958415687,28,6,0.2146,-0.043838,7,1,0,0,1,-0.023346
12.626146872969983,29,7,0.2146,-0.023346,9,1,0,0,1,-0.26423
12.361916854497569,30,8,0.2146,-0.26423,11,1,0,0,1,0.157927
12.519843535704473,31,9,0.2146,0.157927,13,1,0,0,1,-0.251155
12.268688920594577,32,10,0.2146,-0.251155,15,1,0,0,1,0.071083
12.339772056304644,33,11,0.2146,0.071083,17,1,0,0,1,-0.090185
12.249587308475851,34,12,0.2146,-0.090185,19,1,0,0,1,0.34614
12.595727580785745,35,13,0.2146,0.34614,21,1,0,0,1,0.152531
12.74825844511815,36,14,0.2146,0.152531,23,1,0,0,1,0.009892
12.758150320970406,37,15,0.2146,0.009892,25,1,0,0,1,0.268482
13.026632792999198,38,16,0.2146,0.268482,27,1,0,0,1,0.008878
13.03551066297503,39,17,0.2146,0.008878,29,1,0,0,1,-0.100667
12.934843365487744,40,18,0.2146,-0.100667,31,1,0,0,1,0.036127
11.002099841204238,29,7,0.0,0.0,1,1,0,0,0,0.0
11.002099841204238,30,8,0.0,0.0,3,1,0,0,0,0.0
11.002099841204238,31,9,0.0,0.0,5,1,0,0,0,0.0
11.002099841204238,32,10,0.0,0.0,7,1,0,0,0,0.151801
11.153900443500353,33,11,0.0,0.151801,9,1,0,0,0,0.253628
11.4075279523343,34,12,0.0,0.253628,11,1,0,0,0,0.18296
11.590488451058272,35,13,0.0,0.18296,13,1,0,0,0,0.318027
11.908514990540604,36,14,0.0,0.318027,15,1,0,0,0,0.07003
11.978545452652545,37,15,0.0,0.07003,17,1,0,0,0,0.501094
12.479639577352797,38,16,0.0,0.501094,0,1,0,0,0,0.001203
12.480842906398815,39,17,0.0,0.001203,2,1,0,0,0,0.153782
12.634624603817697,40,18,0.0,0.153782,4,1,0,0,0,0.046611
12.681235973193603,41,19,0.0,0.046611,6,1,0,0,0,-0.218455
12.462780585135933,42,20,0.0,-0.218455,0,1,0,0,0,0.456217
12.918997452096646,43,21,0.0,0.456217,0,1,0,0,0,-0.037958
12.881039737311388,44,22,0.0,-0.037958,2,1,0,0,0,0.227507
11.002099841204238,22,0,0.3527,0.0,1,1,0,0,0,0.071494
11.07359376212586,23,1,0.3527,0.071494,3,1,0,0,0,0.051263
11.124857076069228,24,2,0.3527,0.051263,5,1,0,0,0,0.082941
11.207798195573718,25,3,0.3527,0.082941,7,1,0,0,0,0.07643
11.284227985494024,26,4,0.3527,0.07643,9,1,0,0,0,-0.021974
11.26225402939939,27,5,0.3527,-0.021974,11,1,0,0,0,-0.153199
11.109054532740984,28,6,0.3527,-0.153199,0,1,0,0,0,0.152779
11.261833456594522,29,7,0.3527,0.152779,2,1,0,0,0,0.825639
12.087472195697273,30,8,0.3527,0.825639,0,1,0,0,0,0.044558
12.132030075971299,31,9,0.3527,0.044558,2,1,0,0,0,0.069642
12.201672281014442,32,10,0.3527,0.069642,4,1,0,0,0,0.198188
12.39986046028553,33,11,0.3527,0.198188,6,1,0,0,0,0.241399
12.641259409530349,34,12,0.3527,0.241399,8,1,0,0,0,-0.020085
12.621174296567904,35,13,0.3527,-0.020085,10,1,0,0,0,-0.230718
12.390456472150353,36,14,0.3527,-0.230718,12,1,0,0,0,-0.172357
12.218099585440351,37,15,0.3527,-0.172357,0,1,0,0,0,-0.108404
15.607722851856819,25,3,0.8733,0.0,1,0,0,1,1,-0.10717
15.500552832812817,26,4,0.8733,-0.10717,0,0,0,1,1,-0.395224
15.105328351992199,27,5,0.8733,-0.395224,2,0,0,1,1,0.115494
15.220822606835421,28,6,0.8733,0.115494,4,0,0,1,1,-0.596973
14.623849544809373,29,7,0.8733,-0.596973,0,0,0,1,1,-0.662007
13.961842258322601,30,8,0.8733,-0.662007,2,0,0,1,1,-0.667869
13.293973653583405,31,9,0.8733,-0.667869,4,0,0,1,1,0.24885
13.542823192256046,32,10,0.8733,0.24885,6,0,0,1,1,0.194652
13.737475682007465,33,11,0.8733,0.194652,0,0,0,1,1,0.204665
13.942140991064457,34,12,0.8733,0.204665,2,0,0,1,1,0.244401
14.186542436801593,35,13,0.8733,0.244401,4,0,0,1,1,-0.050846
14.135696111349242,36,14,0.8733,-0.050846,6,0,0,1,1,-0.278405
13.85729075262963,37,15,0.8733,-0.278405,8,0,0,1,1,-0.067009
13.790282001512084,38,16,0.8733,-0.067009,10,0,0,1,1,-1.120544
12.669737960211812,39,17,0.8733,-1.120544,12,0,0,1,1,-0.43004
12.23969792561762,40,18,0.8733,-0.43004,14,0,0,1,1,0.307025
12.643216976315545,24,2,0.0,0.0,1,1,0,0,0,0.345789
12.989006055694508,25,3,0.0,0.345789,3,1,0,0,0,0.206896
13.195901677736941,26,4,0.0,0.206896,5,1,0,0,0,0.129493
13.325395174427966,27,5,0.0,0.129493,0,1,0,0,0,0.224394
13.549788913436906,28,6,0.0,0.224394,2,1,0,0,0,-0.002178
13.547611144417653,29,7,0.0,-0.002178,4,1,0,0,0,0.062841
13.610452357305045,30,8,0.0,0.062841,6,1,0,0,0,-0.112669
13.497783697895795,31,9,0.0,-0.112669,8,1,0,0,0,0.309955
13.807738947351474,32,10,0.0,0.309955,10,1,0,0,0,0.526328
14.334066574619722,33,11,0.0,0.526328,0,1,0,0,0,0.269095
14.603162037213448,34,12,0.0,0.269095,2,1,0,0,0,0.134132
14.73729401017585,35,13,0.0,0.134132,4,1,0,0,0,0.133656
14.870950178637708,36,14,0.0,0.133656,0,1,0,0,0,0.1292
15.00015046933481,37,15,0.0,0.1292,2,1,0,0,0,0.204082
15.204232681021015,38,16,0.0,0.204082,0,1,0,0,0,0.252002
15.456234679958131,39,17,0.0,0.252002,2,1,0,0,0,0.190902
13.064804873713634,24,2,0.0955,0.0,1,1,0,0,1,0.331462
13.39626696273448,25,3,0.0955,0.331462,3,1,0,0,1,0.040001
13.436268451384008,26,4,0.0955,0.040001,5,1,0,0,1,0.279233
13.715501450300053,27,5,0.0955,0.279233,0,1,0,0,1,0.288736
14.004237178755517,28,6,0.0955,0.288736,2,1,0,0,1,-0.213673
13.790563766685326,29,7,0.0955,-0.213673,0,1,0,0,1,0.08822
13.87878371569822,30,8,0.0955,0.08822,2,1,0,0,1,0.009681
13.888465048075064,31,9,0.0955,0.009681,4,1,0,0,1,0.062864
13.951328561496455,32,10,0.0955,0.062864,6,1,0,0,1,-0.012166
13.939162895810405,33,11,0.0955,-0.012166,8,1,0,0,1,-0.005379
13.933784149777772,34,12,0.0955,-0.005379,10,1,0,0,1,0.209643
14.143426928097263,35,13,0.0955,0.209643,12,1,0,0,1,0.091438
14.234864913634746,36,14,0.0955,0.091438,14,1,0,0,1,-0.030428
14.204437210577979,37,15,0.0955,-0.030428,16,1,0,0,1,-0.121611
14.082825991922197,38,16,0.0955,-0.121611,18,1,0,0,1,0.025259
14.108085192593355,39,17,0.0955,0.025259,20,1,0,0,1,0.020322
13.685465025621468,34,12,0.1164,0.0,1,1,0,0,0,0.088509
13.773974447716048,35,13,0.1164,0.088509,3,1,0,0,0,0.020248
13.794222124328648,36,14,0.1164,0.020248,5,1,0,0,0,0.131573
13.925795434510224,37,15,0.1164,0.131573,7,1,0,0,0,-0.065815
13.859980879707761,38,16,0.1164,-0.065815,9,1,0,0,0,0.102949
13.962929958433113,39,17,0.1164,0.102949,11,1,0,0,0,0.008753
13.971683248552162,40,18,0.1164,0.008753,13,1,0,0,0,0.141724
14.113407630114358,41,19,0.1164,0.141724,15,1,0,0,0,0.036264
14.149671525466669,42,20,0.1164,0.036264,17,1,0,0,0,0.309896
14.45956735580612,43,21,0.1164,0.309896,19,1,0,0,0,0.041317
14.500884389755845,44,22,0.1164,0.041317,21,1,0,0,0,0.096525
14.597409513836038,45,23,0.1164,0.096525,23,1,0,0,0,0.254904
14.852313670772215,46,24,0.1164,0.254904,0,1,0,0,0,-0.002973
14.849340791809361,47,25,0.1164,-0.002973,2,1,0,0,0,0.043171
14.892512085795392,48,26,0.1164,0.043171,4,1,0,0,0,0.002778
14.895290152221454,49,27,0.1164,0.002778,6,1,0,0,0,0.148794
13.719444651915715,22,0,0.2662,0.0,1,1,0,0,1,0.571469
14.290914000546618,23,1,0.2662,0.571469,0,1,0,0,1,0.2576
14.548514335311541,24,2,0.2662,0.2576,2,1,0,0,1,-0.128635
14.419879616814056,25,3,0.2662,-0.128635,4,1,0,0,1,-0.089615
14.330264925876701,26,4,0.2662,-0.089615,6,1,0,0,1,-0.333763
13.996501881585193,27,5,0.2662,-0.333763,0,1,0,0,1,-0.206959
13.789543087946758,28,6,0.2662,-0.206959,2,1,0,0,1,0.025854
13.815396982557814,29,7,0.2662,0.025854,4,1,0,0,1,-0.02458
13.790816483029625,30,8,0.2662,-0.02458,6,1,0,0,1,0.074773
13.865589314756907,31,9,0.2662,0.074773,8,1,0,0,1,-0.086404
13.779185298269832,32,10,0.2662,-0.086404,10,1,0,0,1,0.02524
13.804425411189502,33,11,0.2662,0.02524,0,1,0,0,1,0.064829
13.8692540957057,34,12,0.2662,0.064829,0,1,0,0,1,0.31124
14.180494236122609,35,13,0.2662,0.31124,0,1,0,0,1,-0.15513
14.02536432755804,36,14,0.2662,-0.15513,2,1,0,0,1,-0.080753
13.944611177871066,37,15,0.2662,-0.080753,4,1,0,0,1,0.087832
14.846507853279801,22,0,0.9849,0.0,1,0,1,0,0,-0.371082
14.47542604200702,23,1,0.9849,-0.371082,3,0,1,0,0,-0.19012
14.285305784976462,24,2,0.9849,-0.19012,5,0,1,0,0,0.974425
15.259730957984452,25,3,0.9849,0.974425,0,0,1,0,0,-0.26982
14.989911184017837,26,4,0.9849,-0.26982,2,0,1,0,0,0.330092
15.320003016050226,27,5,0.9849,0.330092,4,0,1,0,0,-0.696828
14.623175112015499,28,6,0.9849,-0.696828,0,0,1,0,0,-0.49582
14.12735491659051,29,7,0.9849,-0.49582,2,0,1,0,0,-0.484756
13.642598433349844,30,8,0.9849,-0.484756,4,0,1,0,0,-0.754725
12.88787316769589,31,9,0.9849,-0.754725,6,0,1,0,0,0.178557
13.066430117022877,32,10,0.9849,0.178557,8,0,1,0,0,0.203341
13.269771040761489,33,11,0.9849,0.203341,10,0,1,0,0,0.526658
13.796428859831053,34,12,0.9849,0.526658,0,0,1,0,0,-0.195488
13.600940963265542,35,13,0.9849,-0.195488,2,0,1,0,0,0.499254
14.100195392237003,36,14,0.9849,0.499254,4,0,1,0,0,0.09964
14.199835625433371,37,15,0.9849,0.09964,6,0,1,0,0,0.000324
14.825039527820156,29,7,0.4753,0.0,1,1,0,0,1,0.146592
14.97163186044184,30,8,0.4753,0.146592,3,1,0,0,1,-0.316486
14.655145720933323,31,9,0.4753,-0.316486,5,1,0,0,1,0.126098
14.781244081986559,32,10,0.4753,0.126098,7,1,0,0,1,0.02052
14.801764014218868,33,11,0.4753,0.02052,9,1,0,0,1,0.164449
14.966213464201013,34,12,0.4753,0.164449,11,1,0,0,1,-0.115337
14.850876449483739,35,13,0.4753,-0.115337,13,1,0,0,1,0.155679
15.006555588255754,36,14,0.4753,0.155679,15,1,0,0,1,0.071604
15.078159858564623,37,15,0.4753,0.071604,17,1,0,0,1,0.145135
15.22329459580969,38,16,0.4753,0.145135,19,1,0,0,1,0.156526
15.379820726830365,39,17,0.4753,0.156526,21,1,0,0,1,0.158709
15.538530056142498,40,18,0.4753,0.158709,0,1,0,0,1,0.020717
15.559247062795999,41,19,0.4753,0.020717,2,1,0,0,1,-0.146117
15.41313049521939,42,20,0.4753,-0.146117,4,1,0,0,1,-0.228892
15.18423809654589,43,21,0.4753,-0.228892,6,1,0,0,1,-0.130824
15.053413750201742,44,22,0.4753,-0.130824,8,1,0,0,1,0.226588
12.889578047613995,23,1,0.0,0.0,1,1,0,0,0,-0.009207
12.880370951031878,24,2,0.0,-0.009207,3,1,0,0,0,0.239726
13.120097057401633,25,3,0.0,0.239726,5,1,0,0,0,-0.193823
12.926273587250375,26,4,0.0,-0.193823,7,1,0,0,0,0.142977
13.06925081614023,27,5,0.0,0.142977,9,1,0,0,0,0.127272
13.196522923409985,28,6,0.0,0.127272,11,1,0,0,0,0.008449
13.204971726800286,29,7,0.0,0.008449,13,1,0,0,0,0.109736
13.31470764198734,30,8,0.0,0.109736,15,1,0,0,0,0.210391
13.5250988760189,31,9,0.0,0.210391,17,1,0,0,0,0.097406
13.622504486217721,32,10,0.0,0.097406,19,1,0,0,0,0.143383
13.76588762515761,33,11,0.0,0.143383,21,1,0,0,0,0.220253
13.986140180746444,34,12,0.0,0.220253,23,1,0,0,0,0.188317
14.174457666242716,35,13,0.0,0.188317,25,1,0,0,0,-0.021071
14.153386690219422,36,14,0.0,-0.021071,27,1,0,0,0,0.28679
14.440176464361487,37,15,0.0,0.28679,29,1,0,0,0,0.143422
14.583598458689544,38,16,0.0,0.143422,31,1,0,0,0,0.11288
11.002099841204238,25,3,0.9179,0.0,1,0,0,1,0,0.0
11.002099841204238,26,4,0.9179,0.0,3,0,0,1,0,0.0
11.002099841204238,27,5,0.9179,0.0,0,0,0,1,0,0.0
11.002099841204238,28,6,0.9179,0.0,2,0,0,1,0,0.042096
11.044195562078794,29,7,0.9179,0.042096,4,0,0,1,0,1.663707
12.707902697226144,30,8,0.9179,1.663707,6,0,0,1,0,0.736698
13.44460028292863,31,9,0.9179,0.736698,8,0,0,1,0,0.160532
13.605132064070323,32,10,0.9179,0.160532,10,0,0,1,0,-0.110292
13.494840040128285,33,11,0.9179,-0.110292,12,0,0,1,0,0.604196
14.099036144485943,34,12,0.9179,0.604196,14,0,0,1,0,0.547707
14.646743519206176,35,13,0.9179,0.547707,0,0,0,1,0,-0.636031
14.010712419595023,36,14,0.9179,-0.636031,2,0,0,1,0,-1.001675
13.00903759042224,37,15,0.9179,-1.001675,4,0,0,1,0,-0.705338
12.303699426892488,38,16,0.9179,-0.705338,6,0,0,1,0,-0.091809
12.211890746319316,39,17,0.9179,-0.091809,0,0,0,1,0,0.088166
12.30005701333549,40,18,0.9179,0.088166,2,0,0,1,0,-0.414437
12.331068528988324,28,6,0.4637,0.0,1,1,0,0,0,0.036361
12.367429146749455,29,7,0.4637,0.036361,1,1,0,0,0,0.043848
12.41127734153303,30,8,0.4637,0.043848,1,1,0,0,0,0.13964
12.550916926411627,31,9,0.4637,0.13964,1,1,0,0,0,0.367675
12.918591474289101,32,10,0.4637,0.367675,1,1,0,0,0,-0.21649
12.702101758157609,33,11,0.4637,-0.21649,0,1,0,0,0,0.128697
12.830798569524692,34,12,0.4637,0.128697,1,1,0,0,0,0.115032
12.945830334108388,35,13,0.4637,0.115032,1,1,0,0,0,0.188829
13.134659801836236,36,14,0.4637,0.188829,0,1,0,0,0,0.120207
13.25486652104004,37,15,0.4637,0.120207,1,1,0,0,0,0.320956
13.575822069880545,38,16,0.4637,0.320956,1,1,0,0,0,-0.024721
13.551101177764327,39,17,0.4637,-0.024721,1,1,0,0,0,0.170302
13.721402724062314,40,18,0.4637,0.170302,1,1,0,0,0,0.040322
13.761725064416902,41,19,0.4637,0.040322,1,1,0,0,0,0.007911
13.769635720686225,42,20,0.4637,0.007911,1,1,0,0,0,0.041498
13.811133561245834,43,21,0.4637,0.041498,1,1,0,0,0,-0.024816
12.074482534719094,34,12,0.0,0.0,1,1,0,0,0,0.305023
12.379505223154531,35,13,0.0,0.305023,3,1,0,0,0,0.31343
12.692934877866858,36,14,0.0,0.31343,0,1,0,0,0,0.211134
12.904068962109465,37,15,0.0,0.211134,2,1,0,0,0,0.358772
13.262841216702306,38,16,0.0,0.358772,4,1,0,0,0,0.156441
13.419282080571557,39,17,0.0,0.156441,6,1,0,0,0,0.272507
13.691788716218811,40,18,0.0,0.272507,0,1,0,0,0,0.01847
13.710258246838984,41,19,0.0,0.01847,2,1,0,0,0,0.104176
13.814433910515286,42,20,0.0,0.104176,4,1,0,0,0,0.187734
14.00216758055693,43,21,0.0,0.187734,6,1,0,0,0,0.311696
14.31386393030765,44,22,0.0,0.311696,8,1,0,0,0,0.218413
14.532276617238793,45,23,0.0,0.218413,10,1,0,0,0,0.030081
14.56235749783617,46,24,0.0,0.030081,12,1,0,0,0,0.186849
14.749206116172198,47,25,0.0,0.186849,14,1,0,0,0,0.174814
14.924020488550456,48,26,0.0,0.174814,0,1,0,0,0,0.013869
14.937889168425283,49,27,0.0,0.013869,2,1,0,0,0,-0.151271
11.002099841204238,32,10,0.0,0.0,1,1,0,0,1,0.068989
11.071088381763596,33,11,0.0,0.068989,3,1,0,0,1,0.409207
11.480295211768372,34,12,0.0,0.409207,5,1,0,0,1,0.241619
11.72191453437361,35,13,0.0,0.241619,7,1,0,0,1,0.009138
11.731052410612435,36,14,0.0,0.009138,9,1,0,0,1,0.115118
11.846170203872667,37,15,0.0,0.115118,11,1,0,0,1,0.160746
12.006915988060305,38,16,0.0,0.160746,13,1,0,0,1,0.066503
12.073418669052257,39,17,0.0,0.066503,15,1,0,0,1,-0.055002
12.018416674853576,40,18,0.0,-0.055002,17,1,0,0,1,-0.151517
11.8668997432042,41,19,0.0,-0.151517,19,1,0,0,1,-0.001801
11.86509826067849,42,20,0.0,-0.001801,21,1,0,0,1,-0.062634
11.802464517830074,43,21,0.0,-0.062634,23,1,0,0,1,-0.008934
11.793530315805018,44,22,0.0,-0.008934,25,1,0,0,1,-0.199263
11.594267588966732,45,23,0.0,-0.199263,27,1,0,0,1,-0.097742
11.49652561335333,46,24,0.0,-0.097742,29,1,0,0,1,0.16966
11.666185595401892,47,25,0.0,0.16966,31,1,0,0,1,-0.01438
12.282463374452046,25,3,0.1507,0.0,1,1,0,0,1,0.091651
12.374114244421035,26,4,0.1507,0.091651,0,1,0,0,1,0.12749
12.501604627693732,27,5,0.1507,0.12749,2,1,0,0,1,0.201837
12.703441993111293,28,6,0.1507,0.201837,4,1,0,0,1,-0.007626
12.695815665035717,29,7,0.1507,-0.007626,6,1,0,0,1,-0.143976
12.551840110389282,30,8,0.1507,-0.143976,8,1,0,0,1,0.070612
12.62245221410567,31,9,0.1507,0.070612,10,1,0,0,1,-0.168
12.454452233277527,32,10,0.1507,-0.168,12,1,0,0,1,-0.017472
12.436979937241249,33,11,0.1507,-0.017472,14,1,0,0,1,0.16403
12.601010057431637,34,12,0.1507,0.16403,16,1,0,0,1,0.028793
12.629802632650527,35,13,0.1507,0.028793,18,1,0,0,1,0.310985
12.940787741161426,36,14,0.1507,0.310985,20,1,0,0,1,0.183167
13.123955083526353,37,15,0.1507,0.183167,22,1,0,0,1,0.169465
13.293420256675887,38,16,0.1507,0.169465,24,1,0,0,1,0.083462
13.37688220987508,39,17,0.1507,0.083462,26,1,0,0,1,-0.062299
13.314583384419112,40,18,0.1507,-0.062299,28,1,0,0,1,0.062392
13.494649842308123,26,4,0.4539,0.0,1,1,0,0,0,0.20703
13.701680037849423,27,5,0.4539,0.20703,3,1,0,0,0,-0.176216
13.525463829174141,28,6,0.4539,-0.176216,5,1,0,0,0,-0.117704
13.407759971477631,29,7,0.4539,-0.117704,7,1,0,0,0,0.05744
13.465199775698116,30,8,0.4539,0.05744,9,1,0,0,0,0.020631
13.485831010071488,31,9,0.4539,0.020631,11,1,0,0,0,-0.01999
13.46584103243818,32,10,0.4539,-0.01999,13,1,0,0,0,-0.148414
13.317427321566122,33,11,0.4539,-0.148414,15,1,0,0,0,0.242872
13.560299802418136,34,12,0.4539,0.242872,17,1,0,0,0,0.479142
14.0394420988561,35,13,0.4539,0.479142,19,1,0,0,0,-0.084301
13.95514151984056,36,14,0.4539,-0.084301,21,1,0,0,0,0.089338
14.044479306305332,37,15,0.4539,0.089338,23,1,0,0,0,0.281291
14.325770399158742,38,16,0.4539,0.281291,25,1,0,0,0,-0.034676
14.291094425262017,39,17,0.4539,-0.034676,27,1,0,0,0,0.238782
14.529876350671636,40,18,0.4539,0.238782,29,1,0,0,0,0.290848
14.820724125740716,41,19,0.4539,0.290848,31,1,0,0,0,0.095487
12.063804508828243,29,7,0.0,0.0,1,1,0,0,0,0.092206
12.156010429263807,30,8,0.0,0.092206,3,1,0,0,0,0.035815
12.191825496294552,31,9,0.0,0.035815,5,1,0,0,0,0.087364
12.279189421230493,32,10,0.0,0.087364,7,1,0,0,0,-0.089589
12.18960025170359,33,11,0.0,-0.089589,9,1,0,0,0,-0.023906
12.165693812944365,34,12,0.0,-0.023906,11,1,0,0,0,0.102904
12.268597741946445,35,13,0.0,0.102904,13,1,0,0,0,0.032236
12.300833839659987,36,14,0.0,0.032236,15,1,0,0,0,0.10638
12.40721399031552,37,15,0.0,0.10638,17,1,0,0,0,0.089875
12.497088720349296,38,16,0.0,0.089875,19,1,0,0,0,0.272394
12.769482708759057,39,17,0.0,0.272394,21,1,0,0,0,-0.041231
12.728251766480222,40,18,0.0,-0.041231,23,1,0,0,0,-0.051092
12.677160119377676,41,19,0.0,-0.051092,25,1,0,0,0,0.03973
12.716889758511122,42,20,0.0,0.03973,27,1,0,0,0,0.153729
12.870618640298513,43,21,0.0,0.153729,29,1,0,0,0,0.138976
13.009594254226345,44,22,0.0,0.138976,31,1,0,0,0,-0.009892
11.002099841204238,29,7,0.2649,0.0,1,1,0,0,0,0.0
11.002099841204238,30,8,0.2649,0.0,1,1,0,0,0,0.0
11.002099841204238,31,9,0.2649,0.0,0,1,0,0,0,0.076576
11.078676262350449,32,10,0.2649,0.076576,1,1,0,0,0,0.134589
11.213265609956732,33,11,0.2649,0.134589,0,1,0,0,0,0.04975
11.263015163964406,34,12,0.2649,0.04975,1,1,0,0,0,0.257008
11.52002335851746,35,13,0.2649,0.257008,1,1,0,0,0,0.335815
11.855838089709977,36,14,0.2649,0.335815,1,1,0,0,0,0.581615
12.437452639381128,37,15,0.2649,0.581615,1,1,0,0,0,0.326617
12.764070123270205,38,16,0.2649,0.326617,0,1,0,0,0,0.312967
13.077037436128226,39,17,0.2649,0.312967,0,1,0,0,0,0.469095
13.546132499814142,40,18,0.2649,0.469095,0,1,0,0,0,0.345042
13.89117420382763,41,19,0.2649,0.345042,1,1,0,0,0,0.161464
14.052638589245506,42,20,0.2649,0.161464,1,1,0,0,0,0.408835
14.461473883357703,43,21,0.2649,0.408835,1,1,0,0,0,0.18144
14.642914105802301,44,22,0.2649,0.18144,1,1,0,0,0,0.570504
12.61625412202882,28,6,0.1651,0.0,1,1,0,0,1,0.028183
12.644437429201975,29,7,0.1651,0.028183,3,1,0,0,1,0.023979
12.668416053521911,30,8,0.1651,0.023979,5,1,0,0,1,-0.177568
12.490847603170081,31,9,0.1651,-0.177568,0,1,0,0,1,-0.124841
12.366006370106392,32,10,0.1651,-0.124841,2,1,0,0,1,-0.150684
12.21532208230125,33,11,0.1651,-0.150684,4,1,0,0,1,-0.168866
12.046455740097002,34,12,0.1651,-0.168866,6,1,0,0,1,0.069689
12.116144765447459,35,13,0.1651,0.069689,8,1,0,0,1,-0.025472
12.090672459235211,36,14,0.1651,-0.025472,10,1,0,0,1,-0.214855
11.875817837367178,37,15,0.1651,-0.214855,12,1,0,0,1,0.1342
12.010018122554227,38,16,0.1651,0.1342,14,1,0,0,1,-0.005659
12.004359369317841,39,17,0.1651,-0.005659,16,1,0,0,1,-0.006002
11.998357247016184,40,18,0.1651,-0.006002,0,1,0,0,1,0.572049
12.570405983299402,41,19,0.1651,0.572049,0,1,0,0,1,0.006185
12.576591047985888,42,20,0.1651,0.006185,2,1,0,0,1,-0.031927
12.544663689599707,43,21,0.1651,-0.031927,4,1,0,0,1,-0.071787
11.002099841204238,27,5,0.6706,0.0,1,0,1,0,0,0.0
11.002099841204238,28,6,0.6706,0.0,3,0,1,0,0,0.0
11.002099841204238,29,7,0.6706,0.0,5,0,1,0,0,0.0
11.002099841204238,30,8,0.6706,0.0,0,0,1,0,0,0.369429
11.371529275182858,31,9,0.6706,0.369429,2,0,1,0,0,-0.05196
11.319569718850154,32,10,0.6706,-0.05196,0,0,1,0,0,0.586896
11.906466152175561,33,11,0.6706,0.586896,2,0,1,0,0,0.798924
12.705390236894441,34,12,0.6706,0.798924,4,0,1,0,0,0.749482
13.454872077722241,35,13,0.6706,0.749482,0,0,1,0,0,0.290742
13.745613631061355,36,14,0.6706,0.290742,2,0,1,0,0,0.140743
13.886356795604518,37,15,0.6706,0.140743,4,0,1,0,0,-0.292219
13.594137986464762,38,16,0.6706,-0.292219,6,0,1,0,0,-0.294405
13.299733098721415,39,17,0.6706,-0.294405,8,0,1,0,0,-0.715238
12.58449465196881,40,18,0.6706,-0.715238,10,0,1,0,0,-0.103961
12.48053321456917,41,19,0.6706,-0.103961,12,0,1,0,0,0.483448
12.963981467655069,42,20,0.6706,0.483448,14,0,1,0,0,0.353002
12.128307545957382,23,1,0.5697,0.0,1,1,0,0,0,0.038728
12.167035291195266,24,2,0.5697,0.038728,3,1,0,0,0,0.044007
12.211042382166918,25,3,0.5697,0.044007,5,1,0,0,0,0.443293
12.654335012379072,26,4,0.5697,0.443293,0,1,0,0,0,0.229718
12.884053220280896,27,5,0.5697,0.229718,2,1,0,0,0,0.308698
13.192751377027848,28,6,0.5697,0.308698,4,1,0,0,0,0.415158
13.607909718305477,29,7,0.5697,0.415158,6,1,0,0,0,-0.003312
13.604598210200196,30,8,0.5697,-0.003312,8,1,0,0,0,0.093653
13.698250978221578,31,9,0.5697,0.093653,10,1,0,0,0,-0.08448
13.613770561267437,32,10,0.5697,-0.08448,12,1,0,0,0,0.411005
14.024775363465265,33,11,0.5697,0.411005,14,1,0,0,0,0.573348
14.598123657979052,34,12,0.5697,0.573348,16,1,0,0,0,0.142717
14.740840887338257,35,13,0.5697,0.142717,18,1,0,0,0,0.059068
14.799909145143681,36,14,0.5697,0.059068,20,1,0,0,0,0.242472
15.042381060008765,37,15,0.5697,0.242472,22,1,0,0,0,0.319719
15.362100245478773,38,16,0.5697,0.319719,0,1,0,0,0,0.36534
11.002099841204238,31,9,0.2881,0.0,1,1,0,0,0,0.016085
11.018185036933978,32,10,0.2881,0.016085,3,1,0,0,0,0.228919
11.247103929842295,33,11,0.2881,0.228919,5,1,0,0,0,0.170502
11.41760637741236,34,12,0.2881,0.170502,7,1,0,0,0,0.040963
11.45856975066986,35,13,0.2881,0.040963,9,1,0,0,0,0.473012
11.931581914560812,36,14,0.2881,0.473012,0,1,0,0,0,0.285474
12.21705575142821,37,15,0.2881,0.285474,2,1,0,0,0,0.30317
12.520225366162439,38,16,0.2881,0.30317,4,1,0,0,0,0.415201
12.935426621549208,39,17,0.2881,0.415201,6,1,0,0,0,0.045722
12.981148499517204,40,18,0.2881,0.045722,8,1,0,0,0,-0.151011
12.830137754881154,41,19,0.2881,-0.151011,10,1,0,0,0,-0.074585
12.75555260664204,42,20,0.2881,-0.074585,12,1,0,0,0,-0.093197
12.662355286486296,43,21,0.2881,-0.093197,14,1,0,0,0,0.108186
12.770541203871852,44,22,0.2881,0.108186,16,1,0,0,0,0.056773
12.827313962848566,45,23,0.2881,0.056773,18,1,0,0,0,0.148051
12.975364786174818,46,24,0.2881,0.148051,20,1,0,0,0,0.059027
11.686386520238287,22,0,0.3496,0.0,1,1,0,0,1,0.276842
11.963228746878817,23,1,0.3496,0.276842,1,1,0,0,1,0.270662
12.233890577947948,24,2,0.3496,0.270662,1,1,0,0,1,0.499335
12.733225462977213,25,3,0.3496,0.499335,0,1,0,0,1,0.02975
12.76297535816541,26,4,0.3496,0.02975,1,1,0,0,1,-0.20163
12.561344944562249,27,5,0.3496,-0.20163,1,1,0,0,1,0.047931
12.609275622752172,28,6,0.3496,0.047931,1,1,0,0,1,0.138345
12.747621086689943,29,7,0.3496,0.138345,1,1,0,0,1,0.584625
13.332245622511003,30,8,0.3496,0.584625,0,1,0,0,1,0.42835
13.760595887812078,31,9,0.3496,0.42835,1,1,0,0,1,0.203125
13.963720899275348,32,10,0.3496,0.203125,1,1,0,0,1,0.190887
14.154607459338894,33,11,0.3496,0.190887,1,1,0,0,1,-0.185116
13.969491258909382,34,12,0.3496,-0.185116,1,1,0,0,1,-0.337183
13.632308176248948,35,13,0.3496,-0.337183,1,1,0,0,1,0.234955
13.867263066805041,36,14,0.3496,0.234955,1,1,0,0,1,0.211785
14.079048545901125,37,15,0.3496,0.211785,1,1,0,0,1,0.505669
14.106082981903246,26,4,0.5928,0.0,1,1,0,0,1,-0.035759
14.070323688194424,27,5,0.5928,-0.035759,3,1,0,0,1,-0.192813
13.877511148572435,28,6,0.5928,-0.192813,5,1,0,0,1,0.000505
13.878015928325157,29,7,0.5928,0.000505,7,1,0,0,1,0.01384
13.891855703395644,30,8,0.5928,0.01384,9,1,0,0,1,0.13129
14.023146068114247,31,9,0.5928,0.13129,11,1,0,0,1,0.252717
14.275862915931608,32,10,0.5928,0.252717,13,1,0,0,1,-0.354729
13.921134264457137,33,11,0.5928,-0.354729,15,1,0,0,1,-0.166463
13.75467128249807,34,12,0.5928,-0.166463,17,1,0,0,1,0.305851
14.06052240865119,35,13,0.5928,0.305851,19,1,0,0,1,0.439468
14.499990358243672,36,14,0.5928,0.439468,0,1,0,0,1,0.056502
14.556491985943147,37,15,0.5928,0.056502,2,1,0,0,1,0.406016
14.96250788857648,38,16,0.5928,0.406016,4,1,0,0,1,0.127832
15.090339817147285,39,17,0.5928,0.127832,6,1,0,0,1,0.152477
15.24281649975629,40,18,0.5928,0.152477,8,1,0,0,1,0.061296
15.304112780447516,41,19,0.5928,0.061296,0,1,0,0,1,0.062879
13.542380183109202,30,8,0.3305,0.0,1,1,0,0,0,-0.091507
13.450873151455253,31,9,0.3305,-0.091507,3,1,0,0,0,0.015786
13.466659435162608,32,10,0.3305,0.015786,5,1,0,0,0,0.233737
13.700396418196659,33,11,0.3305,0.233737,7,1,0,0,0,0.100513
13.800909489389964,34,12,0.3305,0.100513,9,1,0,0,0,0.100232
13.901141489859391,35,13,0.3305,0.100232,11,1,0,0,0,0.119935
14.021076439913863,36,14,0.3305,0.119935,13,1,0,0,0,-0.014114
14.006962635590236,37,15,0.3305,-0.014114,15,1,0,0,0,-0.137507
13.869455352426533,38,16,0.3305,-0.137507,17,1,0,0,0,-0.40862
13.460835127208828,39,17,0.3305,-0.40862,19,1,0,0,0,0.011893
13.47272797533824,40,18,0.3305,0.011893,0,1,0,0,0,-0.044056
13.428671782742162,41,19,0.3305,-0.044056,2,1,0,0,0,0.145002
13.573673297710625,42,20,0.3305,0.145002,0,1,0,0,0,-0.053388
13.520285410004051,43,21,0.3305,-0.053388,0,1,0,0,0,0.071521
13.5918064548598,44,22,0.3305,0.071521,2,1,0,0,0,-0.026243
13.565563025654821,45,23,0.3305,-0.026243,4,1,0,0,0,-0.054352
13.952583581939974,24,2,0.0608,0.0,1,1,0,0,1,0.138414
14.090997672256291,25,3,0.0608,0.138414,1,1,0,0,1,-0.099273
13.991725093443344,26,4,0.0608,-0.099273,1,1,0,0,1,-0.050225
13.941499723697286,27,5,0.0608,-0.050225,1,1,0,0,1,0.204565
14.146064814851787,28,6,0.0608,0.204565,1,1,0,0,1,0.421354
14.567418670757167,29,7,0.0608,0.421354,0,1,0,0,1,0.105092
14.672510233752075,30,8,0.0608,0.105092,1,1,0,0,1,0.067081
14.739591224152969,31,9,0.0608,0.067081,1,1,0,0,1,0.222941
14.962532345045693,32,10,0.0608,0.222941,1,1,0,0,1,0.062842
15.02537393417952,33,11,0.0608,0.062842,1,1,0,0,1,0.208722
15.234095745059896,34,12,0.0608,0.208722,1,1,0,0,1,0.210615
15.444710886104083,35,13,0.0608,0.210615,1,1,0,0,1,-0.121272
15.323438400778848,36,14,0.0608,-0.121272,1,1,0,0,1,-0.033702
15.289736016733812,37,15,0.0608,-0.033702,1,1,0,0,1,0.25958
15.549316208337757,38,16,0.0608,0.25958,1,1,0,0,1,0.175549
15.72486552097225,39,17,0.0608,0.175549,1,1,0,0,1,0.091148
13.10093509600149,30,8,0.3803,0.0,1,1,0,0,1,-0.033445
13.067489935959898,31,9,0.3803,-0.033445,3,1,0,0,1,0.041495
13.108985109174712,32,10,0.3803,0.041495,5,1,0,0,1,0.005101
13.11408569928678,33,11,0.3803,0.005101,7,1,0,0,1,-0.245552
12.86853375567305,34,12,0.3803,-0.245552,9,1,0,0,1,0.06196
12.930493474957185,35,13,0.3803,0.06196,0,1,0,0,1,-0.138603
12.791890087660107,36,14,0.3803,-0.138603,2,1,0,0,1,-0.018569
12.773320980362683,37,15,0.3803,-0.018569,4,1,0,0,1,-0.027132
12.746189412538316,38,16,0.3803,-0.027132,6,1,0,0,1,0.028898
12.775087525893614,39,17,0.3803,0.028898,8,1,0,0,1,0.059878
12.834965722227132,40,18,0.3803,0.059878,10,1,0,0,1,0.303761
13.138726671174295,41,19,0.3803,0.303761,12,1,0,0,1,-0.024014
13.114713163775358,42,20,0.3803,-0.024014,0,1,0,0,1,0.145891
13.260603763057766,43,21,0.3803,0.145891,2,1,0,0,1,0.335798
13.59640173509956,44,22,0.3803,0.335798,4,1,0,0,1,0.528898
14.125299399080726,45,23,0.3803,0.528898,6,1,0,0,1,0.293277
11.002099841204238,26,4,0.6067,0.0,1,0,0,1,0,0.0
11.002099841204238,27,5,0.6067,0.0,3,0,0,1,0,0.0
11.002099841204238,28,6,0.6067,0.0,0,0,0,1,0,0.6248
11.626899481190732,29,7,0.6067,0.6248,2,0,0,1,0,0.109789
11.736688233357912,30,8,0.6067,0.109789,4,0,0,1,0,1.404041
13.140729591122804,31,9,0.6067,1.404041,0,0,0,1,0,0.773564
13.914294041418222,32,10,0.6067,0.773564,0,0,0,1,0,-0.119567
13.794727324813598,33,11,0.6067,-0.119567,0,0,0,1,0,-0.192178
13.60254899685334,34,12,0.6067,-0.192178,2,0,0,1,0,-0.629526
12.973022529289247,35,13,0.6067,-0.629526,0,0,0,1,0,-0.24447
12.728552262228831,36,14,0.6067,-0.24447,0,0,0,1,0,0.229991
12.95854322418193,37,15,0.6067,0.229991,0,0,0,1,0,0.043007
13.001549830277709,38,16,0.6067,0.043007,2,0,0,1,0,0.358364
13.359913558226031,39,17,0.6067,0.358364,0,0,0,1,0,0.031471
13.391384059880926,40,18,0.6067,0.031471,2,0,0,1,0,0.009938
13.401322179088526,41,19,0.6067,0.009938,4,0,0,1,0,0.687906
12.558619644406175,34,12,0.5606,0.0,1,0,0,1,1,0.155665
12.71428507265665,35,13,0.5606,0.155665,0,0,0,1,1,0.484469
13.198753879607535,36,14,0.5606,0.484469,2,0,0,1,1,-0.488716
12.710038312860627,37,15,0.5606,-0.488716,4,0,0,1,1,-0.807174
11.902864239153308,38,16,0.5606,-0.807174,6,0,0,1,1,-0.289709
11.613155520462703,39,17,0.5606,-0.289709,0,0,0,1,1,-0.611056
11.002099841204238,40,18,0.5606,-0.611056,2,0,0,1,1,0.268963
11.271063274321213,41,19,0.5606,0.268963,4,0,0,1,1,0.181779
11.452842488887887,42,20,0.5606,0.181779,0,0,0,1,1,-0.03817
11.414672967642156,43,21,0.5606,-0.03817,0,0,0,1,1,-0.194253
11.220420322706609,44,22,0.5606,-0.194253,2,0,0,1,1,-0.018634
11.201786436235961,45,23,0.5606,-0.018634,4,0,0,1,1,-0.199687
11.002099841204238,46,24,0.5606,-0.199687,0,0,0,1,1,0.044046
11.046146268020163,47,25,0.5606,0.044046,2,0,0,1,1,-0.044046
11.002099841204238,48,26,0.5606,-0.044046,4,0,0,1,1,0.0
11.002099841204238,49,27,0.5606,0.0,6,0,0,1,1,0.0
11.433895319360476,33,11,1.0,0.0,1,0,1,0,1,1.035682
12.46957693423998,34,12,1.0,1.035682,3,0,1,0,1,0.62956
13.099136570833785,35,13,1.0,0.62956,5,0,1,0,1,0.183363
13.28249972965675,36,14,1.0,0.183363,7,0,1,0,1,-0.326929
12.955570714204866,37,15,1.0,-0.326929,9,0,1,0,1,0.996135
13.951705223202403,38,16,1.0,0.996135,0,0,1,0,1,0.680415
14.6321201442043,39,17,1.0,0.680415,2,0,1,0,1,0.168297
14.800417452699614,40,18,1.0,0.168297,4,0,1,0,1,-0.484751
14.315666110549436,41,19,1.0,-0.484751,6,0,1,0,1,0.319151
14.634817186771663,42,20,1.0,0.319151,0,0,1,0,1,0.441721
15.076538608844192,43,21,1.0,0.441721,2,0,1,0,1,-0.160966
14.91557304281501,44,22,1.0,-0.160966,4,0,1,0,1,-0.941708
13.973865450858705,45,23,1.0,-0.941708,6,0,1,0,1,-0.843727
13.130138494798947,46,24,1.0,-0.843727,8,0,1,0,1,-0.126066
13.00407233811173,47,25,1.0,-0.126066,10,0,1,0,1,1.189523
14.193595495746438,48,26,1.0,1.189523,12,0,1,0,1,0.302671
13.043717821179174,32,10,0.0087,0.0,1,1,0,0,1,0.947074
13.990792316278862,33,11,0.0087,0.947074,0,1,0,0,1,0.064999
14.055791252719946,34,12,0.0087,0.064999,2,1,0,0,1,0.123786
14.179577563962466,35,13,0.0087,0.123786,4,1,0,0,1,0.285877
14.465454318996512,36,14,0.0087,0.285877,0,1,0,0,1,0.072323
14.537777508488924,37,15,0.0087,0.072323,2,1,0,0,1,0.040947
14.578724418646027,38,16,0.0087,0.040947,4,1,0,0,1,0.326379
14.905103873155383,39,17,0.0087,0.326379,6,1,0,0,1,0.128937
15.034040705399315,40,18,0.0087,0.128937,8,1,0,0,1,0.204165
15.238206187179921,41,19,0.0087,0.204165,10,1,0,0,1,0.281595
15.51980159951034,42,20,0.0087,0.281595,0,1,0,0,1,0.025165
15.54496703264141,43,21,0.0087,0.025165,2,1,0,0,1,0.107195
15.652161593328406,44,22,0.0087,0.107195,4,1,0,0,1,-0.208069
15.444092572548856,45,23,0.0087,-0.208069,6,1,0,0,1,-0.06113
15.382962933251324,46,24,0.0087,-0.06113,8,1,0,0,1,-0.209902
15.173060924192159,47,25,0.0087,-0.209902,10,1,0,0,1,0.046606
11.002099841204238,23,1,0.854,0.0,1,0,1,0,0,0.0
11.002099841204238,24,2,0.854,0.0,3,0,1,0,0,0.0
11.002099841204238,25,3,0.854,0.0,5,0,1,0,0,0.0
11.002099841204238,26,4,0.854,0.0,7,0,1,0,0,0.0
11.002099841204238,27,5,0.854,0.0,9,0,1,0,0,0.0
11.002099841204238,28,6,0.854,0.0,11,0,1,0,0,0.0
11.002099841204238,29,7,0.854,0.0,13,0,1,0,0,0.0
11.002099841204238,30,8,0.854,0.0,15,0,1,0,0,0.321126
11.323225373850146,31,9,0.854,0.321126,17,0,1,0,0,-0.321126
11.002099841204238,32,10,0.854,-0.321126,19,0,1,0,0,0.0
11.002099841204238,33,11,0.854,0.0,21,0,1,0,0,0.0
11.002099841204238,34,12,0.854,0.0,23,0,1,0,0,0.0
11.002099841204238,35,13,0.854,0.0,25,0,1,0,0,0.785811
11.787910505909934,36,14,0.854,0.785811,27,0,1,0,0,0.59784
12.385750424938763,37,15,0.854,0.59784,0,0,1,0,0,0.497826
12.883575985807099,38,16,0.854,0.497826,2,0,1,0,0,-0.021383
13.664822992294146,33,11,0.9074,0.0,1,0,1,0,1,0.806781
14.471603807295377,34,12,0.9074,0.806781,3,0,1,0,1,0.513077
14.984681220330202,35,13,0.9074,0.513077,5,0,1,0,1,-0.527978
14.456703359915121,36,14,0.9074,-0.527978,7,0,1,0,1,-0.069979
14.386724037123628,37,15,0.9074,-0.069979,9,0,1,0,1,0.013727
14.400450822432294,38,16,0.9074,0.013727,11,0,1,0,1,0.220253
14.620703807815728,39,17,0.9074,0.220253,13,0,1,0,1,-0.833753
13.786951057632164,40,18,0.9074,-0.833753,15,0,1,0,1,-0.458575
13.32837618568577,41,19,0.9074,-0.458575,17,0,1,0,1,-0.341464
12.986912210503167,42,20,0.9074,-0.341464,19,0,1,0,1,-0.078445
12.908466822674807,43,21,0.9074,-0.078445,21,0,1,0,1,1.056486
13.964952523541442,44,22,0.9074,1.056486,23,0,1,0,1,0.9351
14.900052089257278,45,23,0.9074,0.9351,25,0,1,0,1,0.429804
15.329856325332727,46,24,0.9074,0.429804,27,0,1,0,1,0.798542
16.12839838203106,47,25,0.9074,0.798542,29,0,1,0,1,1.036209
17.16460697653808,48,26,0.9074,1.036209,31,0,1,0,1,0.996405
14.125339413233421,29,7,0.5555,0.0,1,0,1,0,1,-0.354062
13.771277177087583,30,8,0.5555,-0.354062,1,0,1,0,1,-0.516691
13.25458595796777,31,9,0.5555,-0.516691,0,0,1,0,1,0.348586
13.603171465875501,32,10,0.5555,0.348586,1,0,1,0,1,0.026129
13.629300840506719,33,11,0.5555,0.026129,1,0,1,0,1,-0.073717
13.55558432624387,34,12,0.5555,-0.073717,1,0,1,0,1,-0.107966
13.447617947351091,35,13,0.5555,-0.107966,1,0,1,0,1,0.027142
13.474759802115907,36,14,0.5555,0.027142,1,0,1,0,1,-0.019755
13.455004548650448,37,15,0.5555,-0.019755,1,0,1,0,1,-0.062039
13.39296570346692,38,16,0.5555,-0.062039,0,0,1,0,1,0.011187
13.404152721070531,39,17,0.5555,0.011187,1,0,1,0,1,0.215165
13.619317554175629,40,18,0.5555,0.215165,1,0,1,0,1,0.271981
13.89129833707155,41,19,0.5555,0.271981,1,0,1,0,1,0.037342
13.928640586586392,42,20,0.5555,0.037342,1,0,1,0,1,0.684841
14.61348169904046,43,21,0.5555,0.684841,0,0,1,0,1,-0.105902
14.507579694885566,44,22,0.5555,-0.105902,1,0,1,0,1,0.151394
11.565371289737719,22,0,0.1366,0.0,1,1,0,0,0,0.02904
11.594410918729002,23,1,0.1366,0.02904,3,1,0,0,0,-0.042057
11.5523543086585,24,2,0.1366,-0.042057,5,1,0,0,0,0.028841
11.581194856773903,25,3,0.1366,0.028841,7,1,0,0,0,0.072936
11.65413075222164,26,4,0.1366,0.072936,9,1,0,0,0,0.201985
11.856116063457051,27,5,0.1366,0.201985,11,1,0,0,0,0.242265
12.098380678262588,28,6,0.1366,0.242265,13,1,0,0,0,0.050432
12.14881284110771,29,7,0.1366,0.050432,15,1,0,0,0,0.041444
12.190256864122297,30,8,0.1366,0.041444,17,1,0,0,0,0.082821
12.273077638570099,31,9,0.1366,0.082821,19,1,0,0,0,0.066085
12.339162336717028,32,10,0.1366,0.066085,21,1,0,0,0,-0.164349
12.174813544501951,33,11,0.1366,-0.164349,23,1,0,0,0,0.052595
12.227408869967974,34,12,0.1366,0.052595,25,1,0,0,0,-0.026472
12.200937050927786,35,13,0.1366,-0.026472,27,1,0,0,0,0.11057
12.311507146920357,36,14,0.1366,0.11057,29,1,0,0,0,0.011964
12.323471102099923,37,15,0.1366,0.011964,31,1,0,0,0,-0.012922
13.820598206028885,22,0,0.4077,0.0,1,1,0,0,0,0.063654
13.884252621038229,23,1,0.4077,0.063654,1,1,0,0,0,0.179342
14.063594201242134,24,2,0.4077,0.179342,1,1,0,0,0,0.022991
14.086585192467263,25,3,0.4077,0.022991,1,1,0,0,0,0.210787
14.297372229948365,26,4,0.4077,0.210787,1,1,0,0,0,0.130414
14.427786004433685,27,5,0.4077,0.130414,1,1,0,0,0,0.013511
14.441296939237269,28,6,0.4077,0.013511,1,1,0,0,0,0.123665
14.564961463112947,29,7,0.4077,0.123665,1,1,0,0,0,-0.050195
14.514766168064137,30,8,0.4077,-0.050195,1,1,0,0,0,-0.024189
14.49057688804391,31,9,0.4077,-0.024189,1,1,0,0,0,0.220212
14.710788431779147,32,10,0.4077,0.220212,1,1,0,0,0,0.413549
15.124337542583667,33,11,0.4077,0.413549,1,1,0,0,0,0.131929
15.256267030179014,34,12,0.4077,0.131929,1,1,0,0,0,0.134604
15.390871193326122,35,13,0.4077,0.134604,1,1,0,0,0,0.263319
15.654189824115043,36,14,0.4077,0.263319,0,1,0,0,0,0.055278
15.709467814003355,37,15,0.4077,0.055278,1,1,0,0,0,-0.14142
13.171707620732052,27,5,0.7239,0.0,1,0,0,1,0,0.388772
13.560479270721066,28,6,0.7239,0.388772,0,0,0,1,0,-0.164412
13.396067275278652,29,7,0.7239,-0.164412,2,0,0,1,0,-0.183416
13.212651447341333,30,8,0.7239,-0.183416,4,0,0,1,0,0.063551
13.276202504597338,31,9,0.7239,0.063551,6,0,0,1,0,-0.487056
12.789146390706657,32,10,0.7239,-0.487056,8,0,0,1,0,0.803648
13.59279455989772,33,11,0.7239,0.803648,10,0,0,1,0,0.353221
13.94601523505129,34,12,0.7239,0.353221,12,0,0,1,0,-0.3196
13.626415135688063,35,13,0.7239,-0.3196,14,0,0,1,0,-0.112528
13.513886691282185,36,14,0.7239,-0.112528,16,0,0,1,0,0.258419
13.772305298475693,37,15,0.7239,0.258419,18,0,0,1,0,-0.151027
13.621278035444398,38,16,0.7239,-0.151027,0,0,0,1,0,0.013245
13.63452278295614,39,17,0.7239,0.013245,2,0,0,1,0,-0.067377
13.567145478390115,40,18,0.7239,-0.067377,4,0,0,1,0,-0.274834
13.292311593539987,41,19,0.7239,-0.274834,0,0,0,1,0,-0.316901
12.975410339286956,42,20,0.7239,-0.316901,0,0,0,1,0,0.306794
11.66656286699362,23,1,0.401,0.0,1,1,0,0,1,-0.00525
11.661313115725847,24,2,0.401,-0.00525,3,1,0,0,1,0.525783
12.187096059061231,25,3,0.401,0.525783,0,1,0,0,1,0.229645
12.416741243619024,26,4,0.401,0.229645,2,1,0,0,1,-0.075356
12.341385684542532,27,5,0.401,-0.075356,0,1,0,0,1,0.379884
12.721269493817159,28,6,0.401,0.379884,2,1,0,0,1,0.06257
12.783839844808316,29,7,0.401,0.06257,4,1,0,0,1,-0.309889
12.473950929728888,30,8,0.401,-0.309889,6,1,0,0,1,0.007331
12.481282129752135,31,9,0.401,0.007331,8,1,0,0,1,-0.019428
12.461854101088015,32,10,0.401,-0.019428,10,1,0,0,1,-0.047268
12.414586543370374,33,11,0.401,-0.047268,12,1,0,0,1,0.020449
12.435035609145872,34,12,0.401,0.020449,14,1,0,0,1,0.186302
12.621337988398135,35,13,0.401,0.186302,16,1,0,0,1,-0.152073
12.46926502222029,36,14,0.401,-0.152073,18,1,0,0,1,-0.127629
12.341636409335539,37,15,0.401,-0.127629,20,1,0,0,1,-0.175935
12.165701672519045,38,16,0.401,-0.175935,22,1,0,0,1,-0.20221
14.857429251969618,34,12,0.103,0.0,1,1,0,0,1,-0.12363
14.733799719299991,35,13,0.103,-0.12363,1,1,0,0,1,-0.202765
14.531034991218766,36,14,0.103,-0.202765,1,1,0,0,1,0.116152
14.64718658342514,37,15,0.103,0.116152,1,1,0,0,1,-0.066053
14.581133964442735,38,16,0.103,-0.066053,1,1,0,0,1,0.029316
14.610449477683828,39,17,0.103,0.029316,1,1,0,0,1,0.434538
15.044987766318153,40,18,0.103,0.434538,0,1,0,0,1,0.131193
15.176180688456096,41,19,0.103,0.131193,1,1,0,0,1,0.1069
15.28308045032412,42,20,0.103,0.1069,1,1,0,0,1,0.210612
15.493692538490118,43,21,0.103,0.210612,1,1,0,0,1,-0.092374
15.401318437127744,44,22,0.103,-0.092374,1,1,0,0,1,-0.135593
15.265725808253197,45,23,0.103,-0.135593,1,1,0,0,1,0.009397
15.275122947866594,46,24,0.103,0.009397,1,1,0,0,1,0.227652
15.502775011460809,47,25,0.103,0.227652,1,1,0,0,1,-0.027185
15.475589703705767,48,26,0.103,-0.027185,1,1,0,0,1,-0.207558
15.26803123640137,49,27,0.103,-0.207558,1,1,0,0,1,0.444203
14.780113342911893,25,3,0.7774,0.0,1,0,1,0,0,-0.506964
14.273149086315424,26,4,0.7774,-0.506964,3,0,1,0,0,-0.498208
13.774941550976068,27,5,0.7774,-0.498208,5,0,1,0,0,0.108743
13.883684198479115,28,6,0.7774,0.108743,7,0,1,0,0,0.151673
14.035356756253412,29,7,0.7774,0.151673,9,0,1,0,0,0.310218
14.345575216737473,30,8,0.7774,0.310218,11,0,1,0,0,0.004783
14.350358172992598,31,9,0.7774,0.004783,13,0,1,0,0,-0.300458
14.049900452578306,32,10,0.7774,-0.300458,15,0,1,0,0,-0.345874
13.704026817253876,33,11,0.7774,-0.345874,17,0,1,0,0,-0.294892
13.409134521433929,34,12,0.7774,-0.294892,19,0,1,0,0,0.168145
13.57727924564578,35,13,0.7774,0.168145,21,0,1,0,0,0.997199
14.574478409826964,36,14,0.7774,0.997199,23,0,1,0,0,0.110913
14.685391559400337,37,15,0.7774,0.110913,25,0,1,0,0,-0.043859
14.641532075798432,38,16,0.7774,-0.043859,27,0,1,0,0,-0.630743
14.010789095184595,39,17,0.7774,-0.630743,29,0,1,0,0,-0.333678
13.67711116203357,40,18,0.7774,-0.333678,31,0,1,0,0,0.378523
13.079671819325178,26,4,0.35,0.0,1,0,0,1,0,0.262127
13.341799310085829,27,5,0.35,0.262127,0,0,0,1,0,-0.277393
13.064406380804133,28,6,0.35,-0.277393,0,0,0,1,0,0.916895
13.981301097302667,29,7,0.35,0.916895,2,0,0,1,0,0.087155
14.068456210172082,30,8,0.35,0.087155,4,0,0,1,0,-0.040961
14.027495000599567,31,9,0.35,-0.040961,6,0,0,1,0,-0.434517
13.592978302402798,32,10,0.35,-0.434517,8,0,0,1,0,-0.260262
13.332716605523865,33,11,0.35,-0.260262,10,0,0,1,0,0.341342
13.674058180458012,34,12,0.35,0.341342,12,0,0,1,0,0.1479
13.821957823752225,35,13,0.35,0.1479,14,0,0,1,0,-0.258039
13.563918408945227,36,14,0.35,-0.258039,16,0,0,1,0,0.005234
13.569152523816017,37,15,0.35,0.005234,18,0,0,1,0,-0.66757
12.901582760238822,38,16,0.35,-0.66757,20,0,0,1,0,0.271357
13.17293971955952,39,17,0.35,0.271357,22,0,0,1,0,0.292589
13.465528382779393,40,18,0.35,0.292589,24,0,0,1,0,0.142663
13.608191679906462,41,19,0.35,0.142663,26,0,0,1,0,0.176165
12.240700185149093,24,2,0.0,0.0,1,1,0,0,1,0.103749
12.344449517017116,25,3,0.0,0.103749,3,1,0,0,1,0.350063
12.694512976301368,26,4,0.0,0.350063,0,1,0,0,1,0.089503
12.78401599216071,27,5,0.0,0.089503,2,1,0,0,1,0.087666
12.871681573464224,28,6,0.0,0.087666,4,1,0,0,1,0.068969
12.940650346212815,29,7,0.0,0.068969,6,1,0,0,1,0.172785
13.11343557201964,30,8,0.0,0.172785,0,1,0,0,1,0.137552
13.250987571657433,31,9,0.0,0.137552,2,1,0,0,1,0.069439
13.320426623956696,32,10,0.0,0.069439,4,1,0,0,1,0.070437
13.390863235672011,33,11,0.0,0.070437,6,1,0,0,1,-0.038906
13.351957448872897,34,12,0.0,-0.038906,8,1,0,0,1,0.020399
13.37235683402086,35,13,0.0,0.020399,0,1,0,0,1,0.019509
13.39186584132187,36,14,0.0,0.019509,2,1,0,0,1,0.137981
13.529846692856685,37,15,0.0,0.137981,4,1,0,0,1,-0.038703
13.491143433331478,38,16,0.0,-0.038703,6,1,0,0,1,0.23013
13.721273298060767,39,17,0.0,0.23013,8,1,0,0,1,-0.005434
13.42937855252824,24,2,0.4503,0.0,1,0,1,0,0,-0.350192
13.079186815570157,25,3,0.4503,-0.350192,3,0,1,0,0,0.500947
13.580133440911746,26,4,0.4503,0.500947,0,0,1,0,0,0.082444
13.662577869854319,27,5,0.4503,0.082444,2,0,1,0,0,0.353205
14.015782794065203,28,6,0.4503,0.353205,0,0,1,0,0,0.461899
14.477682134178343,29,7,0.4503,0.461899,0,0,1,0,0,-0.220563
14.257118987099016,30,8,0.4503,-0.220563,2,0,1,0,0,0.329567
14.586686410201294,31,9,0.4503,0.329567,0,0,1,0,0,0.097383
14.68406973280707,32,10,0.4503,0.097383,2,0,1,0,0,-0.801861
13.882208586725385,33,11,0.4503,-0.801861,4,0,1,0,0,-0.46923
13.412978438372198,34,12,0.4503,-0.46923,6,0,1,0,0,-0.516052
12.896926794855009,35,13,0.4503,-0.516052,8,0,1,0,0,0.133668
13.030594412096994,36,14,0.4503,0.133668,10,0,1,0,0,0.014408
13.045002737335663,37,15,0.4503,0.014408,12,0,1,0,0,0.165599
13.210601866328386,38,16,0.4503,0.165599,14,0,1,0,0,0.900862
14.111464187354821,39,17,0.4503,0.900862,16,0,1,0,0,0.676552
12.35085356703618,22,0,0.6133,0.0,1,0,1,0,1,-0.144249
12.206604781297989,23,1,0.6133,-0.144249,0,0,1,0,1,-0.394125
11.812479604360881,24,2,0.6133,-0.394125,2,0,1,0,1,-0.148868
11.663611714543487,25,3,0.6133,-0.148868,4,0,1,0,1,-0.13776
11.525851289483052,26,4,0.6133,-0.13776,6,0,1,0,1,-0.084889
11.440962223194598,27,5,0.6133,-0.084889,8,0,1,0,1,0.004012
11.444974544247277,28,6,0.6133,0.004012,10,0,1,0,1,0.094661
11.539635247152672,29,7,0.6133,0.094661,12,0,1,0,1,0.093872
11.633507063636022,30,8,0.6133,0.093872,14,0,1,0,1,0.420967
12.054474558337356,31,9,0.6133,0.420967,16,0,1,0,1,1.019315
13.073789946306752,32,10,0.6133,1.019315,0,0,1,0,1,0.074779
13.148568452351515,33,11,0.6133,0.074779,2,0,1,0,1,0.154933
13.30350184257716,34,12,0.6133,0.154933,4,0,1,0,1,0.733238
14.036740168908812,35,13,0.6133,0.733238,6,0,1,0,1,-0.186841
13.849898715960846,36,14,0.6133,-0.186841,8,0,1,0,1,0.121611
13.971509396858611,37,15,0.6133,0.121611,10,0,1,0,1,-0.020343
13.25464729420228,31,9,0.1899,0.0,1,1,0,0,1,0.02942
13.284067590339545,32,10,0.1899,0.02942,3,1,0,0,1,0.262847
13.546914381704998,33,11,0.1899,0.262847,5,1,0,0,1,0.040624
13.587538329041971,34,12,0.1899,0.040624,7,1,0,0,1,0.067764
13.655302264196058,35,13,0.1899,0.067764,9,1,0,0,1,0.011031
13.666332892815237,36,14,0.1899,0.011031,11,1,0,0,1,-0.167885
13.498447629318909,37,15,0.1899,-0.167885,13,1,0,0,1,-0.06125
13.437197833677825,38,16,0.1899,-0.06125,15,1,0,0,1,0.02788
13.465078288772597,39,17,0.1899,0.02788,17,1,0,0,1,0.17979
13.644868034819508,40,18,0.1899,0.17979,19,1,0,0,1,0.320249
13.965116734968383,41,19,0.1899,0.320249,21,1,0,0,1,0.160983
14.12609975319354,42,20,0.1899,0.160983,23,1,0,0,1,0.179653
14.305752306953607,43,21,0.1899,0.179653,25,1,0,0,1,0.135706
14.441458499635383,44,22,0.1899,0.135706,27,1,0,0,1,0.234749
14.676207516261597,45,23,0.1899,0.234749,29,1,0,0,1,-0.013571
14.66263641584467,46,24,0.1899,-0.013571,31,1,0,0,1,-0.06249
13.335458006614662,23,1,0.1654,0.0,1,1,0,0,0,0.105225
13.440683340914775,24,2,0.1654,0.105225,0,1,0,0,0,-0.001371
13.439312116735724,25,3,0.1654,-0.001371,2,1,0,0,0,0.050839
13.490151165356288,26,4,0.1654,0.050839,0,1,0,0,0,-0.039276
13.450875409295003,27,5,0.1654,-0.039276,2,1,0,0,0,0.218197
13.669072574024522,28,6,0.1654,0.218197,4,1,0,0,0,0.002556
13.671628459418478,29,7,0.1654,0.002556,6,1,0,0,0,-0.146177
13.525451790157344,30,8,0.1654,-0.146177,8,1,0,0,0,0.254814
13.780265517218789,31,9,0.1654,0.254814,10,1,0,0,0,0.292185
14.072450600868715,32,10,0.1654,0.292185,12,1,0,0,0,0.24786
14.320310988786803,33,11,0.1654,0.24786,14,1,0,0,0,0.139176
14.459486894956209,34,12,0.1654,0.139176,16,1,0,0,0,0.265827
14.725314085223816,35,13,0.1654,0.265827,18,1,0,0,0,0.19367
14.918983924760735,36,14,0.1654,0.19367,20,1,0,0,0,0.022919
14.94190290755354,37,15,0.1654,0.022919,22,1,0,0,0,0.134415
15.076317570590176,38,16,0.1654,0.134415,24,1,0,0,0,0.296561
12.928553848285695,32,10,0.3506,0.0,1,1,0,0,1,0.20623
13.134783707177439,33,11,0.3506,0.20623,3,1,0,0,1,0.078107
13.2128910820968,34,12,0.3506,0.078107,5,1,0,0,1,0.382784
13.595674820847847,35,13,0.3506,0.382784,7,1,0,0,1,0.051679
13.647353491151788,36,14,0.3506,0.051679,0,1,0,0,1,0.26205
13.909403865348608,37,15,0.3506,0.26205,2,1,0,0,1,-0.00481
13.904593631255905,38,16,0.3506,-0.00481,4,1,0,0,1,0.031315
13.935908707389599,39,17,0.3506,0.031315,6,1,0,0,1,-0.348321
13.587588165330516,40,18,0.3506,-0.348321,8,1,0,0,1,-0.183776
13.403811934722327,41,19,0.3506,-0.183776,10,1,0,0,1,0.063544
13.467356170730271,42,20,0.3506,0.063544,12,1,0,0,1,0.088404
13.555760297231854,43,21,0.3506,0.088404,14,1,0,0,1,0.287276
13.843036297378317,44,22,0.3506,0.287276,16,1,0,0,1,-0.211059
13.631977141601986,45,23,0.3506,-0.211059,18,1,0,0,1,0.092292
13.724269471068487,46,24,0.3506,0.092292,20,1,0,0,1,0.235747
13.960016068935376,47,25,0.3506,0.235747,22,1,0,0,1,-0.000886
14.59238851175197,28,6,0.1844,0.0,1,1,0,0,1,0.221447
14.813835149623305,29,7,0.1844,0.221447,3,1,0,0,1,0.18027
14.994104871663271,30,8,0.1844,0.18027,5,1,0,0,1,-0.108731
14.885373853962797,31,9,0.1844,-0.108731,0,1,0,0,1,0.169281
15.054655196797613,32,10,0.1844,0.169281,2,1,0,0,1,0.047067
15.101721899275976,33,11,0.1844,0.047067,4,1,0,0,1,-0.038384
15.063338157122207,34,12,0.1844,-0.038384,0,1,0,0,1,0.306204
15.369542288722558,35,13,0.1844,0.306204,2,1,0,0,1,0.047544
15.41708598830544,36,14,0.1844,0.047544,4,1,0,0,1,0.149584
15.566670264665422,37,15,0.1844,0.149584,6,1,0,0,1,0.082344
15.649014062251261,38,16,0.1844,0.082344,8,1,0,0,1,0.124157
15.77317085475817,39,17,0.1844,0.124157,10,1,0,0,1,0.093385
15.866556060024868,40,18,0.1844,0.093385,0,1,0,0,1,0.193594
16.06014976461993,41,19,0.1844,0.193594,2,1,0,0,1,0.067153
16.12730269992311,42,20,0.1844,0.067153,4,1,0,0,1,0.165206
16.292508555924396,43,21,0.1844,0.165206,6,1,0,0,1,0.050734
11.499487706913337,23,1,0.3779,0.0,1,0,0,1,0,0.642311
12.141798476326173,24,2,0.3779,0.642311,3,0,0,1,0,0.278864
12.42066283172822,25,3,0.3779,0.278864,0,0,0,1,0,-0.057358
12.363305084913916,26,4,0.3779,-0.057358,0,0,0,1,0,0.460013
12.823317709000596,27,5,0.3779,0.460013,2,0,0,1,0,0.506224
13.329542176482816,28,6,0.3779,0.506224,4,0,0,1,0,0.424939
13.754480713810134,29,7,0.3779,0.424939,6,0,0,1,0,0.46564
14.220120677476443,30,8,0.3779,0.46564,8,0,0,1,0,-0.355775
13.864346042944232,31,9,0.3779,-0.355775,0,0,0,1,0,-0.222114
13.642232029135915,32,10,0.3779,-0.222114,2,0,0,1,0,0.137555
13.779786799780014,33,11,0.3779,0.137555,4,0,0,1,0,-0.186808
13.592978480560713,34,12,0.3779,-0.186808,6,0,0,1,0,-0.377866
13.215112519258804,35,13,0.3779,-0.377866,8,0,0,1,0,0.020896
13.236008977436036,36,14,0.3779,0.020896,10,0,0,1,0,0.990428
14.226437141209512,37,15,0.3779,0.990428,0,0,0,1,0,0.361713
14.588150336681476,38,16,0.3779,0.361713,2,0,0,1,0,0.369148
11.621725056891544,33,11,0.1942,0.0,1,1,0,0,1,0.281093
11.902817724942132,34,12,0.1942,0.281093,3,1,0,0,1,0.058094
11.96091154364543,35,13,0.1942,0.058094,5,1,0,0,1,0.145734
12.106645203255937,36,14,0.1942,0.145734,7,1,0,0,1,0.168314
12.274959617770683,37,15,0.1942,0.168314,9,1,0,0,1,0.293863
12.568822253271446,38,16,0.1942,0.293863,11,1,0,0,1,0.848434
13.417256469817367,39,17,0.1942,0.848434,0,1,0,0,1,0.201189
13.618445441313641,40,18,0.1942,0.201189,2,1,0,0,1,-0.129997
13.488448858897863,41,19,0.1942,-0.129997,0,1,0,0,1,0.137412
13.625860697263498,42,20,0.1942,0.137412,2,1,0,0,1,0.169539
13.795400043019775,43,21,0.1942,0.169539,4,1,0,0,1,0.12994
13.92533979011843,44,22,0.1942,0.12994,6,1,0,0,1,0.110227
14.035566679954297,45,23,0.1942,0.110227,0,1,0,0,1,0.068004
14.103570710551933,46,24,0.1942,0.068004,2,1,0,0,1,-0.031496
14.072074836976014,47,25,0.1942,-0.031496,4,1,0,0,1,0.176754
14.24882915012056,48,26,0.1942,0.176754,6,1,0,0,1,0.189449
11.002099841204238,27,5,0.1315,0.0,1,1,0,0,0,0.0
11.002099841204238,28,6,0.1315,0.0,0,1,0,0,0,0.0
11.002099841204238,29,7,0.1315,0.0,2,1,0,0,0,0.0
11.002099841204238,30,8,0.1315,0.0,4,1,0,0,0,0.0
11.002099841204238,31,9,0.1315,0.0,6,1,0,0,0,0.234716
11.236815776886981,32,10,0.1315,0.234716,8,1,0,0,0,0.709673
11.946489208453386,33,11,0.1315,0.709673,0,1,0,0,0,0.184677
12.131166470872046,34,12,0.1315,0.184677,2,1,0,0,0,0.107654
12.238820679973696,35,13,0.1315,0.107654,4,1,0,0,0,0.28426
12.523080415388511,36,14,0.1315,0.28426,0,1,0,0,0,0.03505
12.558130362190612,37,15,0.1315,0.03505,2,1,0,0,0,0.006564
12.564693973655652,38,16,0.1315,0.006564,4,1,0,0,0,0.289454
12.854148286819147,39,17,0.1315,0.289454,6,1,0,0,0,0.323844
13.17799232979747,40,18,0.1315,0.323844,8,1,0,0,0,0.063317
13.241308977299006,41,19,0.1315,0.063317,10,1,0,0,0,-0.000789
13.240520245486845,42,20,0.1315,-0.000789,12,1,0,0,0,0.100981
12.480510758462273,24,2,0.4178,0.0,1,1,0,0,0,0.039679
12.520189723219422,25,3,0.4178,0.039679,3,1,0,0,0,0.472339
12.992528676074055,26,4,0.4178,0.472339,5,1,0,0,0,0.505217
13.497745463972686,27,5,0.4178,0.505217,0,1,0,0,0,-0.254873
13.242872752264045,28,6,0.4178,-0.254873,2,1,0,0,0,-0.00807
13.234802415759754,29,7,0.4178,-0.00807,4,1,0,0,0,0.245041
13.479843051816843,30,8,0.4178,0.245041,6,1,0,0,0,0.10219
13.582032794408715,31,9,0.4178,0.10219,8,1,0,0,0,-0.133369
13.448663525749229,32,10,0.4178,-0.133369,10,1,0,0,0,0.181007
13.629670802332106,33,11,0.4178,0.181007,12,1,0,0,0,-0.130643
13.499027591964161,34,12,0.4178,-0.130643,14,1,0,0,0,-0.169627
13.329400809421477,35,13,0.4178,-0.169627,16,1,0,0,0,-0.107604
13.221796363219179,36,14,0.4178,-0.107604,0,1,0,0,0,0.075561
13.29735769614653,37,15,0.4178,0.075561,2,1,0,0,0,0.041587
13.338944334968621,38,16,0.4178,0.041587,4,1,0,0,0,0.008535
13.347479267344845,39,17,0.4178,0.008535,0,1,0,0,0,-0.121472
11.110990830404067,22,0,0.2696,0.0,1,1,0,0,0,0.278158
11.389149088505247,23,1,0.2696,0.278158,0,1,0,0,0,0.298748
11.68789721421879,24,2,0.2696,0.298748,2,1,0,0,0,0.154742
11.842639503046936,25,3,0.2696,0.154742,0,1,0,0,0,-0.162682
11.67995772908179,26,4,0.2696,-0.162682,2,1,0,0,0,-0.216745
11.463212233058968,27,5,0.2696,-0.216745,4,1,0,0,0,-0.309254
11.153958215781968,28,6,0.2696,-0.309254,0,1,0,0,0,-0.100967
11.052991555006924,29,7,0.2696,-0.100967,2,1,0,0,0,0.090451
11.143442398990825,30,8,0.2696,0.090451,4,1,0,0,0,0.495561
11.639003428812241,31,9,0.2696,0.495561,6,1,0,0,0,0.28451
11.923513268387651,32,10,0.2696,0.28451,0,1,0,0,0,0.131651
12.055164408330775,33,11,0.2696,0.131651,2,1,0,0,0,0.461257
12.516421440105926,34,12,0.2696,0.461257,4,1,0,0,0,0.257741
12.774162864983294,35,13,0.2696,0.257741,0,1,0,0,0,0.077257
12.851419416208252,36,14,0.2696,0.077257,2,1,0,0,0,0.145022
12.996441304789693,37,15,0.2696,0.145022,4,1,0,0,0,-0.150192
12.9612224006014,22,0,0.0,0.0,1,1,0,0,1,0.128138
13.089360879300397,23,1,0.0,0.128138,1,1,0,0,1,0.077444
13.166805232529342,24,2,0.0,0.077444,1,1,0,0,1,0.160375
13.327180095970744,25,3,0.0,0.160375,1,1,0,0,1,0.543122
13.870302556496362,26,4,0.0,0.543122,0,1,0,0,1,0.255469
14.125771267976798,27,5,0.0,0.255469,1,1,0,0,1,0.16733
14.29310137338665,28,6,0.0,0.16733,1,1,0,0,1,0.143516
14.436616979232836,29,7,0.0,0.143516,1,1,0,0,1,-0.076145
14.360472398053904,30,8,0.0,-0.076145,1,1,0,0,1,0.170441
14.530913180560265,31,9,0.0,0.170441,1,1,0,0,1,0.175645
14.706558218481039,32,10,0.0,0.175645,1,1,0,0,1,0.024434
14.730992198942621,33,11,0.0,0.024434,1,1,0,0,1,0.133556
14.864548261939582,34,12,0.0,0.133556,1,1,0,0,1,0.204976
15.06952420066911,35,13,0.0,0.204976,1,1,0,0,1,0.10508
15.174604044253423,36,14,0.0,0.10508,1,1,0,0,1,0.008747
15.183350780799433,37,15,0.0,0.008747,1,1,0,0,1,0.287772
11.002099841204238,27,5,0.6516,0.0,1,0,1,0,1,0.0
11.002099841204238,28,6,0.6516,0.0,3,0,1,0,1,0.0
11.002099841204238,29,7,0.6516,0.0,5,0,1,0,1,0.0
11.002099841204238,30,8,0.6516,0.0,0,0,1,0,1,0.0
11.002099841204238,31,9,0.6516,0.0,2,0,1,0,1,0.0
11.002099841204238,32,10,0.6516,0.0,4,0,1,0,1,0.846462
11.848561725826501,33,11,0.6516,0.846462,6,0,1,0,1,-0.376463
11.472099126662728,34,12,0.6516,-0.376463,8,0,1,0,1,0.587257
12.059356204587253,35,13,0.6516,0.587257,10,0,1,0,1,-0.038512
12.020844058734284,36,14,0.6516,-0.038512,12,0,1,0,1,0.146641
12.1674845628314,37,15,0.6516,0.146641,14,0,1,0,1,-0.366314
11.801170248867694,38,16,0.6516,-0.366314,0,0,1,0,1,-0.79907
11.002099841204238,39,17,0.6516,-0.79907,2,0,1,0,1,0.495539
11.497639158001613,40,18,0.6516,0.495539,0,0,1,0,1,0.434295
11.931933883499497,41,19,0.6516,0.434295,2,0,1,0,1,-0.404921
11.527013118773379,42,20,0.6516,-0.404921,4,0,1,0,1,-0.524913
12.225886117517451,31,9,0.0,0.0,1,1,0,0,1,0.573044
12.798929785388829,32,10,0.0,0.573044,0,1,0,0,1,-0.20943
12.589500209863292,33,11,0.0,-0.20943,2,1,0,0,1,0.055322
12.644822596498056,34,12,0.0,0.055322,0,1,0,0,1,-0.081936
12.562886419206544,35,13,0.0,-0.081936,2,1,0,0,1,0.06066
12.623546653758048,36,14,0.0,0.06066,4,1,0,0,1,-0.052926
12.57062059117605,37,15,0.0,-0.052926,6,1,0,0,1,0.043682
12.614302529346325,38,16,0.0,0.043682,8,1,0,0,1,-0.000946
12.613356283421506,39,17,0.0,-0.000946,10,1,0,0,1,0.215582
12.82893864678332,40,18,0.0,0.215582,12,1,0,0,1,0.060015
12.888954114950087,41,19,0.0,0.060015,14,1,0,0,1,-0.112679
12.776275327540493,42,20,0.0,-0.112679,16,1,0,0,1,-0.114189
12.662085935813858,43,21,0.0,-0.114189,18,1,0,0,1,0.247817
12.909903381312045,44,22,0.0,0.247817,20,1,0,0,1,0.458666
13.36856913259738,45,23,0.0,0.458666,22,1,0,0,1,0.169345
13.537914419923327,46,24,0.0,0.169345,24,1,0,0,1,-0.027395
12.395634671629796,32,10,0.4818,0.0,1,0,1,0,0,0.176387
12.572021329226475,33,11,0.4818,0.176387,3,0,1,0,0,0.388768
12.96078928162753,34,12,0.4818,0.388768,0,0,1,0,0,-0.076624
12.884164999961444,35,13,0.4818,-0.076624,2,0,1,0,0,0.005178
12.889342882039283,36,14,0.4818,0.005178,4,0,1,0,0,0.081866
12.971209149351656,37,15,0.4818,0.081866,6,0,1,0,0,0.185128
13.15633683932659,38,16,0.4818,0.185128,8,0,1,0,0,0.063364
13.21970125869029,39,17,0.4818,0.063364,10,0,1,0,0,0.645081
13.864782512502817,40,18,0.4818,0.645081,12,0,1,0,0,1.288998
15.153780413217294,41,19,0.4818,1.288998,14,0,1,0,0,0.482252
15.63603262867366,42,20,0.4818,0.482252,16,0,1,0,0,0.407677
16.043709853559722,43,21,0.4818,0.407677,18,0,1,0,0,0.594174
16.63788339368262,44,22,0.4818,0.594174,20,0,1,0,0,0.244297
16.882180874235488,45,23,0.4818,0.244297,22,0,1,0,0,0.184964
17.067145205752386,46,24,0.4818,0.184964,24,0,1,0,0,-0.222676
16.844469521691003,47,25,0.4818,-0.222676,26,0,1,0,0,0.847548
11.002099841204238,22,0,0.4903,0.0,1,0,0,1,0,0.0
11.002099841204238,23,1,0.4903,0.0,3,0,0,1,0,0.0
11.002099841204238,24,2,0.4903,0.0,5,0,0,1,0,0.0
11.002099841204238,25,3,0.4903,0.0,0,0,0,1,0,0.0
11.002099841204238,26,4,0.4903,0.0,2,0,0,1,0,0.0
11.002099841204238,27,5,0.4903,0.0,4,0,0,1,0,0.064413
11.06651306219382,28,6,0.4903,0.064413,6,0,0,1,0,0.172005
11.238518374306476,29,7,0.4903,0.172005,8,0,0,1,0,0.12019
11.358708335879651,30,8,0.4903,0.12019,0,0,0,1,0,0.774813
12.13352095943403,31,9,0.4903,0.774813,2,0,0,1,0,0.344801
12.478321904453312,32,10,0.4903,0.344801,4,0,0,1,0,0.428022
12.906344139919012,33,11,0.4903,0.428022,0,0,0,1,0,-0.617372
12.288972074940162,34,12,0.4903,-0.617372,2,0,0,1,0,0.385556
12.674528376751946,35,13,0.4903,0.385556,4,0,0,1,0,-0.145397
12.529131093886791,36,14,0.4903,-0.145397,6,0,0,1,0,0.11517
12.644301299807077,37,15,0.4903,0.11517,8,0,0,1,0,0.111863
11.002099841204238,33,11,0.3147,0.0,1,1,0,0,1,0.0
11.002099841204238,34,12,0.3147,0.0,3,1,0,0,1,0.0
11.002099841204238,35,13,0.3147,0.0,5,1,0,0,1,0.0
11.002099841204238,36,14,0.3147,0.0,7,1,0,0,1,0.0
11.002099841204238,37,15,0.3147,0.0,9,1,0,0,1,0.0
11.002099841204238,38,16,0.3147,0.0,11,1,0,0,1,0.002771
11.004870638276824,39,17,0.3147,0.002771,13,1,0,0,1,0.072962
11.077832599066628,40,18,0.3147,0.072962,0,1,0,0,1,-0.039953
11.037879938442996,41,19,0.3147,-0.039953,2,1,0,0,1,-0.03578
11.002099841204238,42,20,0.3147,-0.03578,4,1,0,0,1,0.034207
11.03630724576402,43,21,0.3147,0.034207,6,1,0,0,1,0.179597
11.215904363229876,44,22,0.3147,0.179597,8,1,0,0,1,-0.094102
11.121802332107636,45,23,0.3147,-0.094102,10,1,0,0,1,-0.119702
11.002099841204238,46,24,0.3147,-0.119702,12,1,0,0,1,0.0
11.002099841204238,47,25,0.3147,0.0,14,1,0,0,1,0.0
11.002099841204238,48,26,0.3147,0.0,16,1,0,0,1,0.237822
11.002099841204238,26,4,0.117,0.0,1,1,0,0,1,0.0
11.002099841204238,27,5,0.117,0.0,3,1,0,0,1,0.0
11.002099841204238,28,6,0.117,0.0,0,1,0,0,1,0.0
11.002099841204238,29,7,0.117,0.0,2,1,0,0,1,0.0
11.002099841204238,30,8,0.117,0.0,4,1,0,0,1,0.218308
11.22040758843461,31,9,0.117,0.218308,0,1,0,0,1,-4.3e-05
11.220364623899586,32,10,0.117,-4.3e-05,2,1,0,0,1,0.235099
11.455464019879958,33,11,0.117,0.235099,0,1,0,0,1,0.271083
11.726546907066616,34,12,0.117,0.271083,2,1,0,0,1,0.149686
11.876232466073956,35,13,0.117,0.149686,4,1,0,0,1,0.01879
11.895022357811868,36,14,0.117,0.01879,6,1,0,0,1,-0.130128
11.764894208117004,37,15,0.117,-0.130128,8,1,0,0,1,0.282696
12.04759030184899,38,16,0.117,0.282696,0,1,0,0,1,0.0434
12.090990399332041,39,17,0.117,0.0434,2,1,0,0,1,0.038584
12.1295742625775,40,18,0.117,0.038584,4,1,0,0,1,-0.043028
12.08654591943251,41,19,0.117,-0.043028,6,1,0,0,1,0.031651
11.366578442693076,23,1,0.1528,0.0,1,1,0,0,1,0.002985
11.369563382689451,24,2,0.1528,0.002985,1,1,0,0,1,-0.096652
11.272911726895542,25,3,0.1528,-0.096652,1,1,0,0,1,-0.029337
11.243574397699046,26,4,0.1528,-0.029337,0,1,0,0,1,-0.204013
11.039561015385557,27,5,0.1528,-0.204013,1,1,0,0,1,0.060563
11.100123925506441,28,6,0.1528,0.060563,1,1,0,0,1,0.12967
11.229793774393016,29,7,0.1528,0.12967,1,1,0,0,1,0.2016
11.431393589757688,30,8,0.1528,0.2016,1,1,0,0,1,0.634541
12.065934854380739,31,9,0.1528,0.634541,0,1,0,0,1,-0.093442
11.972493204539196,32,10,0.1528,-0.093442,1,1,0,0,1,-0.097667
11.874826035886816,33,11,0.1528,-0.097667,1,1,0,0,1,-0.086421
11.788405099297405,34,12,0.1528,-0.086421,1,1,0,0,1,-0.019386
11.769019352250153,35,13,0.1528,-0.019386,0,1,0,0,1,0.064225
11.833244772222137,36,14,0.1528,0.064225,1,1,0,0,1,0.03802
11.871264553942364,37,15,0.1528,0.03802,0,1,0,0,1,0.098128
11.969392728281317,38,16,0.1528,0.098128,1,1,0,0,1,-0.35613
11.002099841204238,25,3,0.1869,0.0,1,1,0,0,0,0.0
11.002099841204238,26,4,0.1869,0.0,3,1,0,0,0,0.0
11.002099841204238,27,5,0.1869,0.0,5,1,0,0,0,0.0
11.002099841204238,28,6,0.1869,0.0,7,1,0,0,0,0.0
11.002099841204238,29,7,0.1869,0.0,9,1,0,0,0,0.0
11.002099841204238,30,8,0.1869,0.0,11,1,0,0,0,0.202443
11.204542697188467,31,9,0.1869,0.202443,0,1,0,0,0,0.217912
11.422455173317578,32,10,0.1869,0.217912,2,1,0,0,0,0.183847
11.606302020048416,33,11,0.1869,0.183847,4,1,0,0,0,0.138014
11.744316507327097,34,12,0.1869,0.138014,6,1,0,0,0,0.042477
11.786793780760478,35,13,0.1869,0.042477,8,1,0,0,0,-0.192301
11.594493104554168,36,14,0.1869,-0.192301,0,1,0,0,0,0.499996
12.094488684524382,37,15,0.1869,0.499996,2,1,0,0,0,0.389777
12.484266173956538,38,16,0.1869,0.389777,4,1,0,0,0,0.214137
12.6984032211068,39,17,0.1869,0.214137,6,1,0,0,0,0.248997
12.94740061166052,40,18,0.1869,0.248997,0,1,0,0,0,0.291548
12.889641432726682,30,8,0.6851,0.0,1,1,0,0,1,-0.005543
12.884098671230724,31,9,0.6851,-0.005543,3,1,0,0,1,0.119615
13.003713386140127,32,10,0.6851,0.119615,5,1,0,0,1,0.632676
13.636389788791448,33,11,0.6851,0.632676,0,1,0,0,1,-0.239806
13.396584139457598,34,12,0.6851,-0.239806,2,1,0,0,1,0.081193
13.477777115141018,35,13,0.6851,0.081193,0,1,0,0,1,-0.035786
13.44199128306089,36,14,0.6851,-0.035786,2,1,0,0,1,-0.108909
13.333082548247646,37,15,0.6851,-0.108909,4,1,0,0,1,0.094367
13.427449751958155,38,16,0.6851,0.094367,0,1,0,0,1,-0.148197
13.279253242007947,39,17,0.6851,-0.148197,0,1,0,0,1,-0.102236
13.177017456597573,40,18,0.6851,-0.102236,2,1,0,0,1,0.181037
13.358054027972152,41,19,0.6851,0.181037,4,1,0,0,1,-0.072091
13.285962848093975,42,20,0.6851,-0.072091,6,1,0,0,1,-0.147221
13.138742163316712,43,21,0.6851,-0.147221,8,1,0,0,1,-0.092222
13.046520640528119,44,22,0.6851,-0.092222,10,1,0,0,1,0.246046
13.292566791411975,45,23,0.6851,0.246046,12,1,0,0,1,-0.173937
11.002099841204238,25,3,0.9399,0.0,1,0,0,1,1,0.894438
11.896537592449917,26,4,0.9399,0.894438,1,0,0,1,1,0.694287
12.590824828917773,27,5,0.9399,0.694287,1,0,0,1,1,-0.221351
12.369473676548774,28,6,0.9399,-0.221351,1,0,0,1,1,0.552856
12.922329512808945,29,7,0.9399,0.552856,1,0,0,1,1,0.048521
12.970850360887896,30,8,0.9399,0.048521,0,0,0,1,1,0.414179
13.385029205225102,31,9,0.9399,0.414179,1,0,0,1,1,0.411565
13.796594234743232,32,10,0.9399,0.411565,0,0,0,1,1,-0.116355
13.680238835885456,33,11,0.9399,-0.116355,1,0,0,1,1,-0.625185
13.055053957806699,34,12,0.9399,-0.625185,1,0,0,1,1,-0.643677
12.411377259002684,35,13,0.9399,-0.643677,1,0,0,1,1,0.429862
12.841239336883431,36,14,0.9399,0.429862,0,0,0,1,1,-0.224215
12.617024047393022,37,15,0.9399,-0.224215,1,0,0,1,1,-0.249855
12.367168814913192,38,16,0.9399,-0.249855,1,0,0,1,1,-0.308634
12.058534849716057,39,17,0.9399,-0.308634,1,0,0,1,1,-0.714508
11.344027245778905,40,18,0.9399,-0.714508,1,0,0,1,1,-0.341927
11.002099841204238,32,10,0.8648,0.0,1,0,0,1,0,0.0
11.002099841204238,33,11,0.8648,0.0,3,0,0,1,0,0.0
11.002099841204238,34,12,0.8648,0.0,5,0,0,1,0,0.0
11.002099841204238,35,13,0.8648,0.0,7,0,0,1,0,0.0
11.002099841204238,36,14,0.8648,0.0,9,0,0,1,0,0.0
11.002099841204238,37,15,0.8648,0.0,0,0,0,1,0,0.329869
11.3319685959833,38,16,0.8648,0.329869,2,0,0,1,0,-0.272794
11.059174428827276,39,17,0.8648,-0.272794,4,0,0,1,0,0.615204
11.674378669449649,40,18,0.8648,0.615204,6,0,0,1,0,-0.671912
11.002467123461857,41,19,0.8648,-0.671912,8,0,0,1,0,-0.000367
11.002099841204238,42,20,0.8648,-0.000367,10,0,0,1,0,0.0
11.002099841204238,43,21,0.8648,0.0,12,0,0,1,0,0.0
11.002099841204238,44,22,0.8648,0.0,14,0,0,1,0,0.0
11.002099841204238,45,23,0.8648,0.0,16,0,0,1,0,0.0
11.002099841204238,46,24,0.8648,0.0,0,0,0,1,0,0.0
11.002099841204238,47,25,0.8648,0.0,2,0,0,1,0,0.0
12.618190252444103,30,8,0.4298,0.0,1,1,0,0,1,0.129591
12.747781491148714,31,9,0.4298,0.129591,3,1,0,0,1,0.187472
12.93525391077051,32,10,0.4298,0.187472,5,1,0,0,1,0.333523
13.26877716431568,33,11,0.4298,0.333523,7,1,0,0,1,0.095281
13.364058462357939,34,12,0.4298,0.095281,0,1,0,0,1,-0.061482
13.302576513595374,35,13,0.4298,-0.061482,0,1,0,0,1,-0.244803
13.057773781491784,36,14,0.4298,-0.244803,0,1,0,0,1,-0.207411
12.850362751951934,37,15,0.4298,-0.207411,2,1,0,0,1,0.238978
13.089341246942988,38,16,0.4298,0.238978,0,1,0,0,1,-0.146195
12.943145917294506,39,17,0.4298,-0.146195,2,1,0,0,1,-0.089119
12.854026848346424,40,18,0.4298,-0.089119,4,1,0,0,1,0.051687
12.905713638488818,41,19,0.4298,0.051687,6,1,0,0,1,-0.253946
12.651767546608246,42,20,0.4298,-0.253946,8,1,0,0,1,0.105172
12.756939665223497,43,21,0.4298,0.105172,10,1,0,0,1,-0.023818
12.733121620297362,44,22,0.4298,-0.023818,12,1,0,0,1,-0.001522
12.731600072164563,45,23,0.4298,-0.001522,14,1,0,0,1,-0.028085
12.338211047715056,32,10,0.3173,0.0,1,1,0,0,0,0.156531
12.494741742116961,33,11,0.3173,0.156531,3,1,0,0,0,0.122823
12.617564609183772,34,12,0.3173,0.122823,5,1,0,0,0,0.100595
12.718159402074932,35,13,0.3173,0.100595,7,1,0,0,0,0.021611
12.739770536951523,36,14,0.3173,0.021611,0,1,0,0,0,-0.211355
12.528415501982906,37,15,0.3173,-0.211355,2,1,0,0,0,-0.291814
12.236601789471381,38,16,0.3173,-0.291814,4,1,0,0,0,-0.042864
12.193737514600045,39,17,0.3173,-0.042864,6,1,0,0,0,-0.194246
11.999491475377361,40,18,0.3173,-0.194246,8,1,0,0,0,0.150215
12.149706863582832,41,19,0.3173,0.150215,10,1,0,0,0,0.090728
12.240434840041013,42,20,0.3173,0.090728,12,1,0,0,0,0.300285
12.540719875088868,43,21,0.3173,0.300285,14,1,0,0,0,0.052614
12.593334071883113,44,22,0.3173,0.052614,16,1,0,0,0,-0.009885
12.583449132073902,45,23,0.3173,-0.009885,0,1,0,0,0,-0.227063
12.356386427072886,46,24,0.3173,-0.227063,2,1,0,0,0,-0.001201
12.355185484580009,47,25,0.3173,-0.001201,0,1,0,0,0,-0.057168
11.512748813491513,34,12,0.0,0.0,1,1,0,0,0,0.16344
11.676189226299526,35,13,0.0,0.16344,3,1,0,0,0,0.839376
12.515565260425733,36,14,0.0,0.839376,0,1,0,0,0,0.264241
12.779806631893663,37,15,0.0,0.264241,2,1,0,0,0,0.155125
12.934931803967865,38,16,0.0,0.155125,0,1,0,0,0,0.337453
13.27238473053393,39,17,0.0,0.337453,2,1,0,0,0,0.65787
13.930254615606119,40,18,0.0,0.65787,0,1,0,0,0,0.102156
14.032410779854736,41,19,0.0,0.102156,2,1,0,0,0,0.050841
14.083251852709168,42,20,0.0,0.050841,4,1,0,0,0,0.203036
14.286288106386415,43,21,0.0,0.203036,6,1,0,0,0,0.007068
14.293356361640111,44,22,0.0,0.007068,8,1,0,0,0,0.188589
14.481945665293589,45,23,0.0,0.188589,10,1,0,0,0,0.1424
14.6243459041834,46,24,0.0,0.1424,12,1,0,0,0,0.220592
14.844938240770098,47,25,0.0,0.220592,14,1,0,0,0,0.22736
15.072298593768288,48,26,0.0,0.22736,0,1,0,0,0,-0.102028
14.970270117219117,49,27,0.0,-0.102028,2,1,0,0,0,0.099028
11.158501252792203,32,10,0.5341,0.0,1,1,0,0,1,-0.156401
11.002099841204238,33,11,0.5341,-0.156401,0,1,0,0,1,0.0
11.002099841204238,34,12,0.5341,0.0,2,1,0,0,1,0.0
11.002099841204238,35,13,0.5341,0.0,4,1,0,0,1,0.116652
11.118752151799857,36,14,0.5341,0.116652,6,1,0,0,1,-0.068578
11.050174534220501,37,15,0.5341,-0.068578,8,1,0,0,1,0.218198
11.26837269510991,38,16,0.5341,0.218198,10,1,0,0,1,0.133645
11.402017698579355,39,17,0.5341,0.133645,0,1,0,0,1,0.088457
11.490474595608164,40,18,0.5341,0.088457,2,1,0,0,1,0.095388
11.585862675036935,41,19,0.5341,0.095388,4,1,0,0,1,0.275106
11.86096829435514,42,20,0.5341,0.275106,6,1,0,0,1,0.163736
12.024704381153926,43,21,0.5341,0.163736,8,1,0,0,1,0.29535
12.320054499789954,44,22,0.5341,0.29535,10,1,0,0,1,0.083659
12.40371312261949,45,23,0.5341,0.083659,12,1,0,0,1,0.079249
12.482962494607987,46,24,0.5341,0.079249,14,1,0,0,1,0.146811
12.629773784588679,47,25,0.5341,0.146811,16,1,0,0,1,-0.084435
14.336947572479005,32,10,0.3027,0.0,1,1,0,0,1,-0.025402
14.311545783452283,33,11,0.3027,-0.025402,3,1,0,0,1,-0.137586
14.173959932853164,34,12,0.3027,-0.137586,0,1,0,0,1,-0.143876
14.030084362236538,35,13,0.3027,-0.143876,2,1,0,0,1,0.007684
14.037768037515878,36,14,0.3027,0.007684,4,1,0,0,1,0.257813
14.295581280461857,37,15,0.3027,0.257813,6,1,0,0,1,0.256684
14.552264977242464,38,16,0.3027,0.256684,8,1,0,0,1,-0.120291
14.431973817907615,39,17,0.3027,-0.120291,10,1,0,0,1,-0.129803
14.302170907731307,40,18,0.3027,-0.129803,12,1,0,0,1,0.103654
14.405824468428202,41,19,0.3027,0.103654,14,1,0,0,1,0.089079
14.494903105153442,42,20,0.3027,0.089079,16,1,0,0,1,0.049851
14.544754574182159,43,21,0.3027,0.049851,18,1,0,0,1,-0.205284
14.339470228008329,44,22,0.3027,-0.205284,20,1,0,0,1,0.044076
14.383545869026767,45,23,0.3027,0.044076,22,1,0,0,1,0.001155
14.384700490932847,46,24,0.3027,0.001155,24,1,0,0,1,0.151019
14.535719092706819,47,25,0.3027,0.151019,26,1,0,0,1,-0.053167
15.173022199874875,33,11,0.1043,0.0,1,1,0,0,0,-0.138214
15.03480775636994,34,12,0.1043,-0.138214,3,1,0,0,0,-0.039395
14.995412777776497,35,13,0.1043,-0.039395,5,1,0,0,0,-0.070754
14.924658640242251,36,14,0.1043,-0.070754,7,1,0,0,0,0.038401
14.963060053151672,37,15,0.1043,0.038401,9,1,0,0,0,0.309533
15.27259285541606,38,16,0.1043,0.309533,11,1,0,0,0,0.01091
15.283502593555662,39,17,0.1043,0.01091,13,1,0,0,0,0.121843
15.405345823172576,40,18,0.1043,0.121843,15,1,0,0,0,0.025155
15.430500752394513,41,19,0.1043,0.025155,17,1,0,0,0,0.036267
15.466767471202944,42,20,0.1043,0.036267,19,1,0,0,0,-0.143089
15.323678445081377,43,21,0.1043,-0.143089,21,1,0,0,0,-0.014263
15.309415761048268,44,22,0.1043,-0.014263,0,1,0,0,0,0.111573
15.420988838022351,45,23,0.1043,0.111573,2,1,0,0,0,0.101563
15.522551452156776,46,24,0.1043,0.101563,4,1,0,0,0,0.1983
15.72085117734977,47,25,0.1043,0.1983,0,1,0,0,0,0.137051
15.857902371244082,48,26,0.1043,0.137051,0,1,0,0,0,-0.008571
11.254637215949796,30,8,0.0,0.0,1,1,0,0,1,-0.176882
11.077755657952778,31,9,0.0,-0.176882,3,1,0,0,1,-0.023684
11.054071807939296,32,10,0.0,-0.023684,5,1,0,0,1,0.176763
11.230835153365398,33,11,0.0,0.176763,7,1,0,0,1,0.353275
11.584109767511176,34,12,0.0,0.353275,9,1,0,0,1,-0.058609
11.525500382790032,35,13,0.0,-0.058609,11,1,0,0,1,0.092705
11.618205731637763,36,14,0.0,0.092705,0,1,0,0,1,-0.068318
11.549887310138937,37,15,0.0,-0.068318,2,1,0,0,1,-0.058256
11.491630965641418,38,16,0.0,-0.058256,4,1,0,0,1,0.332096
11.823727296387748,39,17,0.0,0.332096,0,1,0,0,1,0.157293
11.9810204199523,40,18,0.0,0.157293,2,1,0,0,1,0.075855
12.056875241647695,41,19,0.0,0.075855,4,1,0,0,1,0.003712
12.060586808151104,42,20,0.0,0.003712,6,1,0,0,1,0.303109
12.363695774916517,43,21,0.0,0.303109,8,1,0,0,1,0.342051
12.705747220632762,44,22,0.0,0.342051,10,1,0,0,1,0.132677
12.838424195510335,45,23,0.0,0.132677,12,1,0,0,1,0.096306
12.03394038721547,30,8,0.3595,0.0,1,1,0,0,1,0.090316
12.124256543316166,31,9,0.3595,0.090316,1,1,0,0,1,0.122467
12.246723954398123,32,10,0.3595,0.122467,1,1,0,0,1,0.368281
12.615005281724702,33,11,0.3595,0.368281,0,1,0,0,1,0.017491
12.63249606951993,34,12,0.3595,0.017491,1,1,0,0,1,0.29736
12.929855585936727,35,13,0.3595,0.29736,1,1,0,0,1,0.348574
13.278429228100611,36,14,0.3595,0.348574,1,1,0,0,1,0.150186
13.428615182599211,37,15,0.3595,0.150186,1,1,0,0,1,0.040368
13.4689833192562,38,16,0.3595,0.040368,1,1,0,0,1,0.25442
13.723403082085355,39,17,0.3595,0.25442,1,1,0,0,1,0.177737
13.901139957960062,40,18,0.3595,0.177737,1,1,0,0,1,0.185645
14.086785384424331,41,19,0.3595,0.185645,1,1,0,0,1,0.511405
14.598190742646656,42,20,0.3595,0.511405,0,1,0,0,1,0.456877
15.055067393287153,43,21,0.3595,0.456877,1,1,0,0,1,0.27112
15.326187821526066,44,22,0.3595,0.27112,1,1,0,0,1,0.354651
15.680838453492031,45,23,0.3595,0.354651,0,1,0,0,1,0.6817
12.960439015756737,28,6,0.2064,0.0,1,1,0,0,1,0.230101
13.190539857833253,29,7,0.2064,0.230101,0,1,0,0,1,-0.077756
13.112784006315868,30,8,0.2064,-0.077756,1,1,0,0,1,-0.156498
12.956285975479755,31,9,0.2064,-0.156498,1,1,0,0,1,-0.170858
12.785427528094102,32,10,0.2064,-0.170858,0,1,0,0,1,-0.095525
12.689902523219756,33,11,0.2064,-0.095525,0,1,0,0,1,0.086273
12.77617589354478,34,12,0.2064,0.086273,1,1,0,0,1,0.110594
12.886769551846822,35,13,0.2064,0.110594,0,1,0,0,1,0.271509
13.158278912738655,36,14,0.2064,0.271509,0,1,0,0,1,-0.063459
13.094819508149586,37,15,0.2064,-0.063459,1,1,0,0,1,0.022362
13.117181150543999,38,16,0.2064,0.022362,1,1,0,0,1,0.028029
13.145210454179404,39,17,0.2064,0.028029,1,1,0,0,1,0.162736
13.307946730902868,40,18,0.2064,0.162736,0,1,0,0,1,0.134476
13.442422517872673,41,19,0.2064,0.134476,1,1,0,0,1,-0.239207
13.203215362061908,42,20,0.2064,-0.239207,1,1,0,0,1,0.096258
13.29947339679424,43,21,0.2064,0.096258,0,1,0,0,1,0.076361
11.002099841204238,33,11,0.4558,0.0,1,0,0,1,0,0.0
11.002099841204238,34,12,0.4558,0.0,3,0,0,1,0,0.0
11.002099841204238,35,13,0.4558,0.0,5,0,0,1,0,0.0
11.002099841204238,36,14,0.4558,0.0,7,0,0,1,0,0.284623
11.286723205965464,37,15,0.4558,0.284623,0,0,0,1,0,0.137018
11.423740846193558,38,16,0.4558,0.137018,2,0,0,1,0,-0.421641
11.002099841204238,39,17,0.4558,-0.421641,4,0,0,1,0,0.0
11.002099841204238,40,18,0.4558,0.0,0,0,0,1,0,0.261581
11.263681117042987,41,19,0.4558,0.261581,2,0,0,1,0,-0.001174
11.262506706558707,42,20,0.4558,-0.001174,0,0,0,1,0,0.43614
11.698646897967222,43,21,0.4558,0.43614,0,0,0,1,0,-0.323017
11.375629830610208,44,22,0.4558,-0.323017,2,0,0,1,0,0.2915
11.667129924305687,45,23,0.4558,0.2915,4,0,0,1,0,0.297442
11.9645717490116,46,24,0.4558,0.297442,6,0,0,1,0,0.92436
12.888932001951654,47,25,0.4558,0.92436,8,0,0,1,0,1.053375
13.942307216385151,48,26,0.4558,1.053375,0,0,0,1,0,-0.065636
18.12674377801687,33,11,0.5976,0.0,1,0,1,0,0,-0.511326
17.615417286476138,34,12,0.5976,-0.511326,3,0,1,0,0,0.381954
17.997371143523875,35,13,0.5976,0.381954,0,0,1,0,0,-0.671956
17.32541553083788,36,14,0.5976,-0.671956,2,0,1,0,0,-0.658536
16.666879291582788,37,15,0.5976,-0.658536,4,0,1,0,0,-0.253591
16.41328833868708,38,16,0.5976,-0.253591,6,0,1,0,0,-0.804149
15.609139405319725,39,17,0.5976,-0.804149,8,0,1,0,0,-0.088695
15.520443987207335,40,18,0.5976,-0.088695,0,0,1,0,0,-0.155458
15.364986186546316,41,19,0.5976,-0.155458,2,0,1,0,0,0.158504
15.523490290757575,42,20,0.5976,0.158504,0,0,1,0,0,0.349791
15.873280818344393,43,21,0.5976,0.349791,0,0,1,0,0,-1.0718
14.801480739553131,44,22,0.5976,-1.0718,0,0,1,0,0,0.137887
14.93936821636722,45,23,0.5976,0.137887,2,0,1,0,0,0.228487
15.167854755961837,46,24,0.5976,0.228487,0,0,1,0,0,-0.201218
14.96663683543294,47,25,0.5976,-0.201218,2,0,1,0,0,-0.517963
14.448673597848112,48,26,0.5976,-0.517963,4,0,1,0,0,-0.651714
11.002099841204238,26,4,0.4134,0.0,1,1,0,0,0,0.0
11.002099841204238,27,5,0.4134,0.0,3,1,0,0,0,0.0
11.002099841204238,28,6,0.4134,0.0,5,1,0,0,0,0.0
11.002099841204238,29,7,0.4134,0.0,7,1,0,0,0,0.0
11.002099841204238,30,8,0.4134,0.0,9,1,0,0,0,0.0
11.002099841204238,31,9,0.4134,0.0,11,1,0,0,0,0.0
11.002099841204238,32,10,0.4134,0.0,13,1,0,0,0,0.0
11.002099841204238,33,11,0.4134,0.0,15,1,0,0,0,0.314415
11.316515019064774,34,12,0.4134,0.314415,0,1,0,0,0,0.25272
11.569234637039628,35,13,0.4134,0.25272,2,1,0,0,0,0.193553
11.762788028464342,36,14,0.4134,0.193553,4,1,0,0,0,-0.175186
11.587601714853802,37,15,0.4134,-0.175186,6,1,0,0,0,-0.047391
11.540210459176134,38,16,0.4134,-0.047391,8,1,0,0,0,0.083386
11.623596927255214,39,17,0.4134,0.083386,10,1,0,0,0,0.164794
11.78839134969368,40,18,0.4134,0.164794,12,1,0,0,0,0.649542
12.437933031554959,41,19,0.4134,0.649542,0,1,0,0,0,0.233872
12.985786326260344,24,2,0.6397,0.0,1,0,1,0,0,0.372567
13.35835311290671,25,3,0.6397,0.372567,3,0,1,0,0,0.133648
13.492000715523455,26,4,0.6397,0.133648,5,0,1,0,0,0.581281
14.07328196141217,27,5,0.6397,0.581281,0,0,1,0,0,0.532901
14.606182604403168,28,6,0.6397,0.532901,0,0,1,0,0,0.256026
14.862208821429835,29,7,0.6397,0.256026,0,0,1,0,0,0.017115
14.879324208154737,30,8,0.6397,0.017115,2,0,1,0,0,-0.771452
14.107872033125297,31,9,0.6397,-0.771452,4,0,1,0,0,-0.572701
13.535171322904658,32,10,0.6397,-0.572701,6,0,1,0,0,0.336937
13.872108654382131,33,11,0.6397,0.336937,8,0,1,0,0,-0.003562
13.868546948076084,34,12,0.6397,-0.003562,10,0,1,0,0,0.495423
14.363970234063698,35,13,0.6397,0.495423,0,0,1,0,0,0.299363
14.663333625782212,36,14,0.6397,0.299363,0,0,1,0,0,-0.450539
14.212794902878564,37,15,0.6397,-0.450539,2,0,1,0,0,0.50711
14.719905247306649,38,16,0.6397,0.50711,4,0,1,0,0,0.529665
15.249569751476468,39,17,0.6397,0.529665,6,0,1,0,0,0.229966
12.521663928383594,27,5,0.693,0.0,1,0,0,1,0,-0.411378
12.11028593664514,28,6,0.693,-0.411378,3,0,0,1,0,0.26914
12.379425566205757,29,7,0.693,0.26914,5,0,0,1,0,-0.003303
12.376123033343962,30,8,0.693,-0.003303,7,0,0,1,0,0.907412
13.283535001758684,31,9,0.693,0.907412,9,0,0,1,0,0.435459
13.7189939384291,32,10,0.693,0.435459,11,0,0,1,0,0.026856
13.745850119652989,33,11,0.693,0.026856,13,0,0,1,0,-0.180323
13.565526896797204,34,12,0.693,-0.180323,15,0,0,1,0,0.444989
14.010516329344023,35,13,0.693,0.444989,17,0,0,1,0,-1.329322
12.681193978072244,36,14,0.693,-1.329322,19,0,0,1,0,0.160054
12.841247656702727,37,15,0.693,0.160054,0,0,0,1,0,0.062726
12.9039740243866,38,16,0.693,0.062726,2,0,0,1,0,0.219826
13.123800451919676,39,17,0.693,0.219826,0,0,0,1,0,0.461458
13.585258544446836,40,18,0.693,0.461458,2,0,0,1,0,0.456046
14.041305017831545,41,19,0.693,0.456046,4,0,0,1,0,1.437669
15.478973639641719,42,20,0.693,1.437669,0,0,0,1,0,-0.749477
12.007395516187362,28,6,0.0952,0.0,1,1,0,0,1,0.125075
12.13247048771035,29,7,0.0952,0.125075,3,1,0,0,1,0.097997
12.230467200864414,30,8,0.0952,0.097997,5,1,0,0,1,0.121099
12.351565876215645,31,9,0.0952,0.121099,7,1,0,0,1,0.187505
12.539070909119818,32,10,0.0952,0.187505,9,1,0,0,1,0.112113
12.65118385444389,33,11,0.0952,0.112113,11,1,0,0,1,0.206265
12.85744865630553,34,12,0.0952,0.206265,13,1,0,0,1,0.006893
12.864342046894233,35,13,0.0952,0.006893,0,1,0,0,1,0.34266
13.207001902342945,36,14,0.0952,0.34266,2,1,0,0,1,0.029084
13.236085756250375,37,15,0.0952,0.029084,4,1,0,0,1,0.031214
13.26729977965179,38,16,0.0952,0.031214,6,1,0,0,1,0.291787
13.559087020999577,39,17,0.0952,0.291787,0,1,0,0,1,0.264909
13.823995758436006,40,18,0.0952,0.264909,2,1,0,0,1,0.088324
13.912319507389686,41,19,0.0952,0.088324,0,1,0,0,1,0.249699
14.162018307846186,42,20,0.0952,0.249699,2,1,0,0,1,0.092353
14.25437154071275,43,21,0.0952,0.092353,4,1,0,0,1,0.108586
12.96300291078672,22,0,0.2282,0.0,1,1,0,0,0,0.095889
13.058892137477446,23,1,0.2282,0.095889,0,1,0,0,0,0.100351
13.159242889938666,24,2,0.2282,0.100351,1,1,0,0,0,-0.008707
13.150535703058084,25,3,0.2282,-0.008707,1,1,0,0,0,0.006523
13.157058572339595,26,4,0.2282,0.006523,1,1,0,0,0,0.082435
13.239494020795107,27,5,0.2282,0.082435,1,1,0,0,0,0.017124
13.25661836667926,28,6,0.2282,0.017124,1,1,0,0,0,-0.021358
13.235260437284158,29,7,0.2282,-0.021358,1,1,0,0,0,0.139348
13.374608446538916,30,8,0.2282,0.139348,1,1,0,0,0,0.301105
13.675713461159054,31,9,0.2282,0.301105,1,1,0,0,0,0.179037
13.854750712104767,32,10,0.2282,0.179037,1,1,0,0,0,0.045646
13.900397073152368,33,11,0.2282,0.045646,1,1,0,0,0,-0.140783
13.759613761488687,34,12,0.2282,-0.140783,1,1,0,0,0,0.063947
13.823560351314853,35,13,0.2282,0.063947,1,1,0,0,0,0.307721
14.131281132138495,36,14,0.2282,0.307721,1,1,0,0,0,-0.027422
14.103859396993323,37,15,0.2282,-0.027422,1,1,0,0,0,-0.036926
12.25027694126614,29,7,0.3157,0.0,1,1,0,0,1,0.15559
12.40586679113952,30,8,0.3157,0.15559,3,1,0,0,1,-0.018669
12.387197300113785,31,9,0.3157,-0.018669,5,1,0,0,1,0.071674
12.458870958927777,32,10,0.3157,0.071674,7,1,0,0,1,0.224966
12.683836853999004,33,11,0.3157,0.224966,9,1,0,0,1,0.360912
13.044748365683274,34,12,0.3157,0.360912,11,1,0,0,1,0.019591
13.064339448756243,35,13,0.3157,0.019591,13,1,0,0,1,0.336749
13.401088576234553,36,14,0.3157,0.336749,15,1,0,0,1,0.093858
13.49494610800074,37,15,0.3157,0.093858,17,1,0,0,1,0.113457
13.608403486197926,38,16,0.3157,0.113457,19,1,0,0,1,0.174357
13.782760972893776,39,17,0.3157,0.174357,21,1,0,0,1,-0.194293
13.588467475172655,40,18,0.3157,-0.194293,0,1,0,0,1,-0.255302
13.333165490932723,41,19,0.3157,-0.255302,2,1,0,0,1,0.022213
13.355378170593436,42,20,0.3157,0.022213,4,1,0,0,1,-0.176061
13.179316822699489,43,21,0.3157,-0.176061,6,1,0,0,1,-0.208496
12.970821021682486,44,22,0.3157,-0.208496,8,1,0,0,1,-0.119245
12.554444238099958,34,12,0.1141,0.0,1,1,0,0,0,0.168613
12.72305680882664,35,13,0.1141,0.168613,3,1,0,0,0,0.143821
12.866878131061252,36,14,0.1141,0.143821,5,1,0,0,0,-0.011597
12.855280765084807,37,15,0.1141,-0.011597,0,1,0,0,0,0.007238
12.862519081328545,38,16,0.1141,0.007238,0,1,0,0,0,0.384225
13.246743878531916,39,17,0.1141,0.384225,0,1,0,0,0,0.03056
13.277303998585813,40,18,0.1141,0.03056,0,1,0,0,0,-0.025337
13.251967177606273,41,19,0.1141,-0.025337,2,1,0,0,0,0.15622
13.408187116707673,42,20,0.1141,0.15622,0,1,0,0,0,-0.209364
13.198823142410957,43,21,0.1141,-0.209364,2,1,0,0,0,-0.138989
13.05983394409978,44,22,0.1141,-0.138989,4,1,0,0,0,0.221078
13.280911880434115,45,23,0.1141,0.221078,6,1,0,0,0,-0.136629
13.14428287223583,46,24,0.1141,-0.136629,8,1,0,0,0,-0.027868
13.116414786573147,47,25,0.1141,-0.027868,10,1,0,0,0,0.076579
13.192993540352987,48,26,0.1141,0.076579,12,1,0,0,0,0.021094
13.214087647800108,49,27,0.1141,0.021094,14,1,0,0,0,-0.255507
12.790145054658494,26,4,0.4082,0.0,1,1,0,0,1,0.006401
12.79654616575373,27,5,0.4082,0.006401,3,1,0,0,1,-0.250405
12.546141237736467,28,6,0.4082,-0.250405,5,1,0,0,1,0.04485
12.590991049848501,29,7,0.4082,0.04485,7,1,0,0,1,-0.106871
12.48411991987344,30,8,0.4082,-0.106871,9,1,0,0,1,-0.055638
12.428482311322153,31,9,0.4082,-0.055638,11,1,0,0,1,-0.028402
12.40007993736352,32,10,0.4082,-0.028402,13,1,0,0,1,0.235588
12.635668076391102,33,11,0.4082,0.235588,15,1,0,0,1,0.128798
12.764465742352115,34,12,0.4082,0.128798,17,1,0,0,1,0.154117
12.918582862547071,35,13,0.4082,0.154117,19,1,0,0,1,-0.032478
12.886104987448379,36,14,0.4082,-0.032478,21,1,0,0,1,-0.1812
12.704904820135022,37,15,0.4082,-0.1812,23,1,0,0,1,-0.110093
12.59481188265973,38,16,0.4082,-0.110093,25,1,0,0,1,-0.146269
12.448543104342143,39,17,0.4082,-0.146269,27,1,0,0,1,-0.182932
12.265611363081712,40,18,0.4082,-0.182932,29,1,0,0,1,-0.376491
11.889120858545413,41,19,0.4082,-0.376491,31,1,0,0,1,-0.036915
11.002099841204238,34,12,0.8954,0.0,1,0,1,0,0,0.0
11.002099841204238,35,13,0.8954,0.0,1,0,1,0,0,0.0
11.002099841204238,36,14,0.8954,0.0,1,0,1,0,0,0.0
11.002099841204238,37,15,0.8954,0.0,1,0,1,0,0,0.5942
11.596300103741632,38,16,0.8954,0.5942,1,0,1,0,0,0.250066
11.846365655272074,39,17,0.8954,0.250066,0,0,1,0,0,-0.72026
11.126105959317751,40,18,0.8954,-0.72026,1,0,1,0,0,0.037609
11.163715012355727,41,19,0.8954,0.037609,1,0,1,0,0,-0.014713
11.149002138979153,42,20,0.8954,-0.014713,1,0,1,0,0,-0.146902
11.002099841204238,43,21,0.8954,-0.146902,1,0,1,0,0,0.0
11.002099841204238,44,22,0.8954,0.0,1,0,1,0,0,0.0
11.002099841204238,45,23,0.8954,0.0,1,0,1,0,0,0.137706
11.139805494376168,46,24,0.8954,0.137706,0,0,1,0,0,0.933095
12.072900917252586,47,25,0.8954,0.933095,0,0,1,0,0,-0.360116
11.712784916794917,48,26,0.8954,-0.360116,1,0,1,0,0,0.425872
12.138657282480409,49,27,0.8954,0.425872,1,0,1,0,0,0.070675
11.002099841204238,23,1,0.3561,0.0,1,1,0,0,0,0.0
11.002099841204238,24,2,0.3561,0.0,1,1,0,0,0,0.0
11.002099841204238,25,3,0.3561,0.0,1,1,0,0,0,0.0
11.002099841204238,26,4,0.3561,0.0,1,1,0,0,0,0.117557
11.119657075975216,27,5,0.3561,0.117557,0,1,0,0,0,0.241756
11.361413408270344,28,6,0.3561,0.241756,1,1,0,0,0,0.359329
11.720742694862608,29,7,0.3561,0.359329,1,1,0,0,0,0.336175
12.056917736950258,30,8,0.3561,0.336175,1,1,0,0,0,0.049252
12.106169474242167,31,9,0.3561,0.049252,1,1,0,0,0,0.103701
12.209870452253089,32,10,0.3561,0.103701,1,1,0,0,0,0.124061
12.333931462434492,33,11,0.3561,0.124061,1,1,0,0,0,0.133631
12.467562819638468,34,12,0.3561,0.133631,1,1,0,0,0,0.311387
12.778949560858395,35,13,0.3561,0.311387,1,1,0,0,0,0.060963
12.839912686311623,36,14,0.3561,0.060963,1,1,0,0,0,-0.232605
12.607308174580492,37,15,0.3561,-0.232605,1,1,0,0,0,-0.055723
12.551585212551853,38,16,0.3561,-0.055723,1,1,0,0,0,0.058723
12.891327027225119,22,0,0.355,0.0,1,1,0,0,0,0.097294
12.988620674140194,23,1,0.355,0.097294,3,1,0,0,0,0.085956
13.074577155024723,24,2,0.355,0.085956,5,1,0,0,0,0.095581
13.170157661328243,25,3,0.355,0.095581,7,1,0,0,0,-0.153358
13.016799644368435,26,4,0.355,-0.153358,9,1,0,0,0,-0.018115
12.998685091052751,27,5,0.355,-0.018115,11,1,0,0,0,-0.063993
12.934691652437854,28,6,0.355,-0.063993,13,1,0,0,0,0.036674
12.971365674410391,29,7,0.355,0.036674,15,1,0,0,0,-0.163219
12.8081470580798,30,8,0.355,-0.163219,17,1,0,0,0,-0.010791
12.79735589230249,31,9,0.355,-0.010791,19,1,0,0,0,0.133694
12.931049587885678,32,10,0.355,0.133694,21,1,0,0,0,0.216556
13.147605371880333,33,11,0.355,0.216556,23,1,0,0,0,0.0661
13.213705587116667,34,12,0.355,0.0661,25,1,0,0,0,0.564164
13.777869313754945,35,13,0.355,0.564164,0,1,0,0,0,0.786461
14.564330106720258,36,14,0.355,0.786461,0,1,0,0,0,0.04212
14.606450481922275,37,15,0.355,0.04212,2,1,0,0,0,0.16803
11.979058558327957,33,11,0.3303,0.0,1,1,0,0,0,0.178972
12.158030841690767,34,12,0.3303,0.178972,3,1,0,0,0,0.573559
12.731589972647946,35,13,0.3303,0.573559,0,1,0,0,0,0.094372
12.825961540490098,36,14,0.3303,0.094372,0,1,0,0,0,0.230793
13.056754329912353,37,15,0.3303,0.230793,2,1,0,0,0,0.103499
13.160253186104136,38,16,0.3303,0.103499,4,1,0,0,0,0.047674
13.207927287192945,39,17,0.3303,0.047674,0,1,0,0,0,0.136478
13.344404976698462,40,18,0.3303,0.136478,0,1,0,0,0,0.116265
13.460669702918617,41,19,0.3303,0.116265,2,1,0,0,0,0.039679
13.500348307658381,42,20,0.3303,0.039679,4,1,0,0,0,-0.121301
13.379047388072829,43,21,0.3303,-0.121301,6,1,0,0,0,0.019592
13.398639882830178,44,22,0.3303,0.019592,0,1,0,0,0,-0.188703
13.209936595260398,45,23,0.3303,-0.188703,2,1,0,0,0,0.02152
13.231456568207797,46,24,0.3303,0.02152,4,1,0,0,0,0.091148
13.322604742270428,47,25,0.3303,0.091148,6,1,0,0,0,-0.372989
12.949615929963334,48,26,0.3303,-0.372989,8,1,0,0,0,-0.115489
11.273395659054065,23,1,0.1495,0.0,1,1,0,0,0,0.392504
11.665899817881714,24,2,0.1495,0.392504,3,1,0,0,0,0.022607
11.688506847085591,25,3,0.1495,0.022607,5,1,0,0,0,0.100846
11.789352551685718,26,4,0.1495,0.100846,7,1,0,0,0,0.119181
11.908533100576967,27,5,0.1495,0.119181,9,1,0,0,0,0.214922
12.123455134617936,28,6,0.1495,0.214922,11,1,0,0,0,0.201873
12.325328001448419,29,7,0.1495,0.201873,13,1,0,0,0,0.120173
12.445500871180256,30,8,0.1495,0.120173,15,1,0,0,0,-0.123491
12.322010313259575,31,9,0.1495,-0.123491,17,1,0,0,0,0.174817
12.496827432297064,32,10,0.1495,0.174817,0,1,0,0,0,0.028364
12.5251914247124,33,11,0.1495,0.028364,2,1,0,0,0,0.155796
12.68098765383746,34,12,0.1495,0.155796,4,1,0,0,0,-0.005945
12.67504263222848,35,13,0.1495,-0.005945,6,1,0,0,0,0.197999
12.873041395884446,36,14,0.1495,0.197999,8,1,0,0,0,0.138486
13.01152767969997,37,15,0.1495,0.138486,10,1,0,0,0,0.162953
13.1744804888487,38,16,0.1495,0.162953,12,1,0,0,0,0.119171
12.548019795637874,23,1,0.3743,0.0,1,1,0,0,0,-0.320791
12.227228808915031,24,2,0.3743,-0.320791,3,1,0,0,0,0.089467
12.316695555015775,25,3,0.3743,0.089467,5,1,0,0,0,0.20498
12.521675271290539,26,4,0.3743,0.20498,7,1,0,0,0,0.062423
12.58409808209035,27,5,0.3743,0.062423,9,1,0,0,0,0.191376
12.775473847785513,28,6,0.3743,0.191376,0,1,0,0,0,0.138483
12.913956390497145,29,7,0.3743,0.138483,2,1,0,0,0,0.236298
13.150254157654187,30,8,0.3743,0.236298,4,1,0,0,0,0.063891
13.214145202862642,31,9,0.3743,0.063891,6,1,0,0,0,0.024706
13.23885161579843,32,10,0.3743,0.024706,8,1,0,0,0,0.265553
13.504404857774846,33,11,0.3743,0.265553,0,1,0,0,0,-0.027499
13.476905750677451,34,12,0.3743,-0.027499,2,1,0,0,0,0.11122
13.5881261408591,35,13,0.3743,0.11122,4,1,0,0,0,0.17137
13.759496300513891,36,14,0.3743,0.17137,6,1,0,0,0,0.166325
13.925821573180292,37,15,0.3743,0.166325,8,1,0,0,0,0.207105
14.13292690375509,38,16,0.3743,0.207105,10,1,0,0,0,0.018473
13.489142874015839,25,3,0.0,0.0,1,1,0,0,1,0.096475
13.585617737857985,26,4,0.0,0.096475,1,1,0,0,1,-0.067396
13.518221474817457,27,5,0.0,-0.067396,1,1,0,0,1,-0.009846
13.508375164112886,28,6,0.0,-0.009846,0,1,0,0,1,-0.035656
13.472719142282601,29,7,0.0,-0.035656,1,1,0,0,1,-0.12539
13.34732926567762,30,8,0.0,-0.12539,1,1,0,0,1,0.256933
13.60426218608861,31,9,0.0,0.256933,0,1,0,0,1,-0.028043
13.576219304845788,32,10,0.0,-0.028043,1,1,0,0,1,-0.048105
13.528114668487625,33,11,0.0,-0.048105,1,1,0,0,1,-0.038702
13.489412874837639,34,12,0.0,-0.038702,0,1,0,0,1,0.256647
13.746060302183587,35,13,0.0,0.256647,0,1,0,0,1,0.076229
13.822289416781224,36,14,0.0,0.076229,1,1,0,0,1,0.123853
13.94614281776593,37,15,0.0,0.123853,1,1,0,0,1,0.107254
14.053396920554182,38,16,0.0,0.107254,1,1,0,0,1,0.092364
14.145760839052757,39,17,0.0,0.092364,1,1,0,0,1,-0.311206
13.834554675721828,40,18,0.0,-0.311206,0,1,0,0,1,0.212691
13.406759259111668,25,3,0.775,0.0,1,0,1,0,0,0.105317
13.512076033294592,26,4,0.775,0.105317,3,0,1,0,0,0.230335
13.74241131878447,27,5,0.775,0.230335,5,0,1,0,0,-0.587079
13.155332389959087,28,6,0.775,-0.587079,7,0,1,0,0,0.347268
13.502600782280068,29,7,0.775,0.347268,9,0,1,0,0,0.110153
13.61275328404906,30,8,0.775,0.110153,11,0,1,0,0,-0.15352
13.45923303619663,31,9,0.775,-0.15352,13,0,1,0,0,0.693323
14.152556463575376,32,10,0.775,0.693323,15,0,1,0,0,-0.447461
13.705095555385403,33,11,0.775,-0.447461,17,0,1,0,0,0.509584
14.214679102533646,34,12,0.775,0.509584,19,0,1,0,0,0.158104
14.372782666508934,35,13,0.775,0.158104,21,0,1,0,0,0.081753
14.454535528739296,36,14,0.775,0.081753,23,0,1,0,0,-0.148895
14.305640776981386,37,15,0.775,-0.148895,25,0,1,0,0,0.283474
14.589115043350414,38,16,0.775,0.283474,27,0,1,0,0,0.213709
14.802824042688615,39,17,0.775,0.213709,29,0,1,0,0,0.527398
15.330222129350657,40,18,0.775,0.527398,31,0,1,0,0,-0.113744
11.250401587109462,31,9,0.2716,0.0,1,1,0,0,0,-0.015535
11.234866687481073,32,10,0.2716,-0.015535,0,1,0,0,0,0.418764
11.653630723624284,33,11,0.2716,0.418764,1,1,0,0,0,0.161971
11.815601938428289,34,12,0.2716,0.161971,1,1,0,0,0,0.202892
12.018493748303294,35,13,0.2716,0.202892,0,1,0,0,0,0.285566
12.304059798901614,36,14,0.2716,0.285566,1,1,0,0,0,0.149457
12.453516533368227,37,15,0.2716,0.149457,1,1,0,0,0,0.184786
12.638302455720748,38,16,0.2716,0.184786,1,1,0,0,0,0.198636
12.836938008565708,39,17,0.2716,0.198636,1,1,0,0,0,0.302241
13.139178671765489,40,18,0.2716,0.302241,1,1,0,0,0,0.25346
13.392638793767,41,19,0.2716,0.25346,0,1,0,0,0,0.300764
13.693403120008323,42,20,0.2716,0.300764,1,1,0,0,0,-0.086956
13.606447155891626,43,21,0.2716,-0.086956,0,1,0,0,0,0.416012
14.022459462548204,44,22,0.2716,0.416012,0,1,0,0,0,0.229818
14.25227705741414,45,23,0.2716,0.229818,1,1,0,0,0,-0.047285
14.204992458665386,46,24,0.2716,-0.047285,1,1,0,0,0,0.181844
14.621031025242479,22,0,0.2878,0.0,1,1,0,0,1,0.059838
14.680869243499643,23,1,0.2878,0.059838,3,1,0,0,1,0.425088
15.105956987711805,24,2,0.2878,0.425088,0,1,0,0,1,0.178427
15.284384318814478,25,3,0.2878,0.178427,2,1,0,0,1,-0.125556
15.158828017168531,26,4,0.2878,-0.125556,0,1,0,0,1,0.143063
15.301891239239811,27,5,0.2878,0.143063,2,1,0,0,1,0.088887
15.390777978391581,28,6,0.2878,0.088887,4,1,0,0,1,-0.012308
15.37847036028812,29,7,0.2878,-0.012308,6,1,0,0,1,0.095398
15.473868023619419,30,8,0.2878,0.095398,8,1,0,0,1,0.223527
15.69739520089971,31,9,0.2878,0.223527,10,1,0,0,1,-0.018219
15.679176583436872,32,10,0.2878,-0.018219,12,1,0,0,1,-0.037632
15.641544993719725,33,11,0.2878,-0.037632,14,1,0,0,1,-0.241296
15.40024937568225,34,12,0.2878,-0.241296,16,1,0,0,1,-0.146757
15.253492731287617,35,13,0.2878,-0.146757,18,1,0,0,1,0.004189
15.257681437143674,36,14,0.2878,0.004189,20,1,0,0,1,-0.089116
15.168565043701554,37,15,0.2878,-0.089116,22,1,0,0,1,0.17109
13.813990324732227,34,12,0.6009,0.0,1,1,0,0,1,0.108446
13.922436607703544,35,13,0.6009,0.108446,0,1,0,0,1,-0.006632
13.915804949957735,36,14,0.6009,-0.006632,2,1,0,0,1,0.293178
14.208982744265949,37,15,0.6009,0.293178,4,1,0,0,1,-0.01248
14.19650294709395,38,16,0.6009,-0.01248,6,1,0,0,1,0.314508
14.511010833019734,39,17,0.6009,0.314508,8,1,0,0,1,0.208134
14.71914452478396,40,18,0.6009,0.208134,0,1,0,0,1,-0.058828
14.660316859131688,41,19,0.6009,-0.058828,2,1,0,0,1,-0.043794
14.6165233349416,42,20,0.6009,-0.043794,4,1,0,0,1,-0.338854
14.277669355556954,43,21,0.6009,-0.338854,6,1,0,0,1,0.129307
14.406976596293653,44,22,0.6009,0.129307,8,1,0,0,1,0.324927
14.731903675029752,45,23,0.6009,0.324927,10,1,0,0,1,0.210502
14.942406053860065,46,24,0.6009,0.210502,12,1,0,0,1,0.157409
15.099814883954544,47,25,0.6009,0.157409,14,1,0,0,1,-0.188317
14.911497987558558,48,26,0.6009,-0.188317,0,1,0,0,1,-0.03192
14.879578107414849,49,27,0.6009,-0.03192,2,1,0,0,1,-0.319456
11.26028407975026,23,1,0.4134,0.0,1,0,0,1,0,0.584387
11.844670962392174,24,2,0.4134,0.584387,1,0,0,1,0,0.036919
11.881590223292667,25,3,0.4134,0.036919,1,0,0,1,0,0.373101
12.254691148950966,26,4,0.4134,0.373101,1,0,0,1,0,0.504056
12.758747078858372,27,5,0.4134,0.504056,1,0,0,1,0,0.892355
13.651102315975551,28,6,0.4134,0.892355,0,0,0,1,0,0.188201
13.839303601656823,29,7,0.4134,0.188201,1,0,0,1,0,-0.844826
12.99447769767068,30,8,0.4134,-0.844826,1,0,0,1,0,0.587985
13.582463139840158,31,9,0.4134,0.587985,1,0,0,1,0,0.604155
14.186618475136862,32,10,0.4134,0.604155,1,0,0,1,0,-0.355074
13.831544414249626,33,11,0.4134,-0.355074,1,0,0,1,0,0.413921
14.24546491917568,34,12,0.4134,0.413921,0,0,0,1,0,0.966644
15.212108499330624,35,13,0.4134,0.966644,0,0,0,1,0,0.94485
16.15695862348141,36,14,0.4134,0.94485,1,0,0,1,0,0.155976
16.312934218939017,37,15,0.4134,0.155976,0,0,0,1,0,-0.650292
15.662642517294106,38,16,0.4134,-0.650292,1,0,0,1,0,-0.067933
12.139893860647641,26,4,0.2048,0.0,1,1,0,0,1,-0.013985
12.12590855645639,27,5,0.2048,-0.013985,3,1,0,0,1,-0.030975
12.094933623985753,28,6,0.2048,-0.030975,5,1,0,0,1,0.097856
12.192789201795664,29,7,0.2048,0.097856,7,1,0,0,1,0.216972
12.40976070241821,30,8,0.2048,0.216972,9,1,0,0,1,0.163787
12.573547393824954,31,9,0.2048,0.163787,11,1,0,0,1,0.19369
12.767236978957929,32,10,0.2048,0.19369,13,1,0,0,1,0.395008
13.162244653961165,33,11,0.2048,0.395008,15,1,0,0,1,0.032953
13.195197811991585,34,12,0.2048,0.032953,0,1,0,0,1,0.11212
13.30731805592541,35,13,0.2048,0.11212,2,1,0,0,1,0.089524
13.396841791472012,36,14,0.2048,0.089524,4,1,0,0,1,0.027699
13.424541129944775,37,15,0.2048,0.027699,6,1,0,0,1,-0.02953
13.395011364048605,38,16,0.2048,-0.02953,0,1,0,0,1,0.219691
13.61470204024937,39,17,0.2048,0.219691,2,1,0,0,1,0.031745
13.64644704147456,40,18,0.2048,0.031745,4,1,0,0,1,-0.024272
13.62217476244754,41,19,0.2048,-0.024272,6,1,0,0,1,-0.129768
11.292221293068165,31,9,0.3886,0.0,1,1,0,0,0,0.116569
11.408790713222025,32,10,0.3886,0.116569,3,1,0,0,0,0.255146
11.663936964719255,33,11,0.3886,0.255146,5,1,0,0,0,0.12122
11.785156843616335,34,12,0.3886,0.12122,7,1,0,0,0,0.199255
11.984412279021434,35,13,0.3886,0.199255,9,1,0,0,0,0.287265
12.271677094464343,36,14,0.3886,0.287265,11,1,0,0,0,0.184034
12.455711294733351,37,15,0.3886,0.184034,13,1,0,0,0,0.054171
12.509882479724254,38,16,0.3886,0.054171,15,1,0,0,0,0.009148
12.519030460141034,39,17,0.3886,0.009148,17,1,0,0,0,0.507276
13.026306198665539,40,18,0.3886,0.507276,0,1,0,0,0,0.241443
13.267749414920301,41,19,0.3886,0.241443,2,1,0,0,0,0.05629
13.324039890428457,42,20,0.3886,0.05629,0,1,0,0,0,-0.051537
13.272503322571305,43,21,0.3886,-0.051537,2,1,0,0,0,0.270404
13.542907378391524,44,22,0.3886,0.270404,4,1,0,0,0,0.096293
13.639199952316195,45,23,0.3886,0.096293,6,1,0,0,0,0.250821
13.890020529928591,46,24,0.3886,0.250821,8,1,0,0,0,-0.041277
14.794817661647986,24,2,0.0244,0.0,1,1,0,0,0,0.018672
14.813490109951745,25,3,0.0244,0.018672,1,1,0,0,0,-0.259346
14.55414368106281,26,4,0.0244,-0.259346,1,1,0,0,0,-0.12479
14.429353306967704,27,5,0.0244,-0.12479,1,1,0,0,0,-0.057449
14.371903937103035,28,6,0.0244,-0.057449,1,1,0,0,0,-0.080955
14.290948733605376,29,7,0.0244,-0.080955,1,1,0,0,0,0.099317
14.390265402839727,30,8,0.0244,0.099317,1,1,0,0,0,-0.078895
14.311369945828767,31,9,0.0244,-0.078895,1,1,0,0,0,-0.044079
14.267290971384211,32,10,0.0244,-0.044079,1,1,0,0,0,0.025964
14.29325539370217,33,11,0.0244,0.025964,1,1,0,0,0,0.310802
14.60405762527652,34,12,0.0244,0.310802,1,1,0,0,0,0.298529
14.902586441623676,35,13,0.0244,0.298529,1,1,0,0,0,0.182343
15.084929313966951,36,14,0.0244,0.182343,1,1,0,0,0,0.191154
15.27608316643281,37,15,0.0244,0.191154,1,1,0,0,0,0.158471
15.434554215193847,38,16,0.0244,0.158471,1,1,0,0,0,0.094273
15.528827684428522,39,17,0.0244,0.094273,1,1,0,0,0,0.14151
11.002099841204238,22,0,0.0,0.0,1,1,0,0,1,0.0
11.002099841204238,23,1,0.0,0.0,3,1,0,0,1,0.0
11.002099841204238,24,2,0.0,0.0,0,1,0,0,1,0.0
11.002099841204238,25,3,0.0,0.0,2,1,0,0,1,0.183886
11.185986108878488,26,4,0.0,0.183886,0,1,0,0,1,0.109738
11.295724053763385,27,5,0.0,0.109738,2,1,0,0,1,0.200851
11.49657542026409,28,6,0.0,0.200851,4,1,0,0,1,0.332622
11.829197030562135,29,7,0.0,0.332622,6,1,0,0,1,0.226612
12.05580945171533,30,8,0.0,0.226612,8,1,0,0,1,-0.127291
11.928518670747113,31,9,0.0,-0.127291,10,1,0,0,1,0.024329
11.9528472223335,32,10,0.0,0.024329,12,1,0,0,1,-0.025223
11.92762399687256,33,11,0.0,-0.025223,14,1,0,0,1,-0.016753
11.910871119053583,34,12,0.0,-0.016753,16,1,0,0,1,-0.025553
11.885318594622431,35,13,0.0,-0.025553,18,1,0,0,1,0.009149
11.894467393930645,36,14,0.0,0.009149,20,1,0,0,1,-0.00022
11.89424761678464,37,15,0.0,-0.00022,22,1,0,0,1,0.030702
11.332423834049706,28,6,0.1954,0.0,1,1,0,0,0,0.112931
11.44535460149064,29,7,0.1954,0.112931,3,1,0,0,0,0.094363
11.53971714955271,30,8,0.1954,0.094363,5,1,0,0,0,0.214803
11.75452062351173,31,9,0.1954,0.214803,7,1,0,0,0,0.222906
11.977427067634679,32,10,0.1954,0.222906,9,1,0,0,0,0.117221
12.094648362016724,33,11,0.1954,0.117221,11,1,0,0,0,0.024035
12.118683262189546,34,12,0.1954,0.024035,13,1,0,0,0,0.353268
12.47195170858851,35,13,0.1954,0.353268,0,1,0,0,0,-0.008587
12.463364386860265,36,14,0.1954,-0.008587,0,1,0,0,0,-0.105016
12.35834844601729,37,15,0.1954,-0.105016,2,1,0,0,0,0.433222
12.7915706103312,38,16,0.1954,0.433222,0,1,0,0,0,-0.047549
12.744021168602968,39,17,0.1954,-0.047549,2,1,0,0,0,0.066252
12.81027313137442,40,18,0.1954,0.066252,0,1,0,0,0,0.211122
13.021394651835411,41,19,0.1954,0.211122,2,1,0,0,0,0.3774
13.398794370405698,42,20,0.1954,0.3774,4,1,0,0,0,0.370244
13.769038354700903,43,21,0.1954,0.370244,6,1,0,0,0,0.304459
13.90536405076318,28,6,0.6219,0.0,1,0,1,0,1,0.372075
14.277438661502607,29,7,0.6219,0.372075,3,0,1,0,1,0.262391
14.539830042388592,30,8,0.6219,0.262391,5,0,1,0,1,-0.276505
14.263324962648353,31,9,0.6219,-0.276505,7,0,1,0,1,-0.483021
13.780303653512377,32,10,0.6219,-0.483021,9,0,1,0,1,0.000764
13.781067936955495,33,11,0.6219,0.000764,11,0,1,0,1,0.715912
14.496979484162079,34,12,0.6219,0.715912,13,0,1,0,1,0.319808
14.816787592927085,35,13,0.6219,0.319808,0,0,1,0,1,-0.347977
14.468810193475276,36,14,0.6219,-0.347977,2,0,1,0,1,-0.319574
14.149236505575892,37,15,0.6219,-0.319574,4,0,1,0,1,-0.557826
13.591410858470038,38,16,0.6219,-0.557826,6,0,1,0,1,-0.546482
13.04492885160122,39,17,0.6219,-0.546482,8,0,1,0,1,0.099659
13.1445876910558,40,18,0.6219,0.099659,10,0,1,0,1,-0.180125
12.964463136939717,41,19,0.6219,-0.180125,12,0,1,0,1,-0.455456
12.509007058313495,42,20,0.6219,-0.455456,14,0,1,0,1,-0.534658
11.974349280123983,43,21,0.6219,-0.534658,16,0,1,0,1,-0.483672
12.779038276838266,30,8,0.1056,0.0,1,1,0,0,0,0.155717
12.934755352432786,31,9,0.1056,0.155717,3,1,0,0,0,0.053034
12.987789256984518,32,10,0.1056,0.053034,5,1,0,0,0,0.102576
13.090365468072456,33,11,0.1056,0.102576,7,1,0,0,0,-0.08491
13.005455645658701,34,12,0.1056,-0.08491,9,1,0,0,0,-0.078289
12.92716659946746,35,13,0.1056,-0.078289,11,1,0,0,0,0.015447
12.942613634794412,36,14,0.1056,0.015447,13,1,0,0,0,0.111904
13.054517865976441,37,15,0.1056,0.111904,15,1,0,0,0,0.455376
13.509893869074935,38,16,0.1056,0.455376,17,1,0,0,0,0.083287
13.593181158543803,39,17,0.1056,0.083287,19,1,0,0,0,-0.117671
13.475509963245742,40,18,0.1056,-0.117671,21,1,0,0,0,-0.095607
13.379902853016063,41,19,0.1056,-0.095607,23,1,0,0,0,-0.006501
13.373401771494988,42,20,0.1056,-0.006501,25,1,0,0,0,0.017732
13.391133786133313,43,21,0.1056,0.017732,27,1,0,0,0,0.151675
13.542808891873893,44,22,0.1056,0.151675,29,1,0,0,0,0.199862
13.742670478178981,45,23,0.1056,0.199862,31,1,0,0,0,-0.105757
13.92819987351481,24,2,0.6041,0.0,1,1,0,0,1,-0.309592
13.618607791824026,25,3,0.6041,-0.309592,3,1,0,0,1,-0.31219
13.306418231371893,26,4,0.6041,-0.31219,5,1,0,0,1,-0.244697
13.06172135342902,27,5,0.6041,-0.244697,7,1,0,0,1,-0.058423
13.003298665221275,28,6,0.6041,-0.058423,9,1,0,0,1,-0.053376
12.949922523338712,29,7,0.6041,-0.053376,11,1,0,0,1,0.103998
13.053920149075703,30,8,0.6041,0.103998,13,1,0,0,1,-0.067895
12.98602563834988,31,9,0.6041,-0.067895,15,1,0,0,1,0.144457
13.130483064583347,32,10,0.6041,0.144457,17,1,0,0,1,0.189102
13.31958473016571,33,11,0.6041,0.189102,19,1,0,0,1,0.182988
13.502572628689974,34,12,0.6041,0.182988,0,1,0,0,1,0.191962
13.694534545828033,35,13,0.6041,0.191962,2,1,0,0,1,0.526469
14.221003739983306,36,14,0.6041,0.526469,4,1,0,0,1,0.573045
14.794048935895976,37,15,0.6041,0.573045,0,1,0,0,1,0.376114
15.170162576788345,38,16,0.6041,0.376114,2,1,0,0,1,0.337155
15.507317965340913,39,17,0.6041,0.337155,4,1,0,0,1,0.171036
16.014306623379962,32,10,0.5425,0.0,1,0,1,0,1,0.486123
16.500429308981527,33,11,0.5425,0.486123,0,0,1,0,1,-0.086555
16.41387454194396,34,12,0.5425,-0.086555,2,0,1,0,1,-0.236953
16.176921061042595,35,13,0.5425,-0.236953,4,0,1,0,1,-0.014336
16.162584666119262,36,14,0.5425,-0.014336,6,0,1,0,1,0.001942
16.164526879945345,37,15,0.5425,0.001942,0,0,1,0,1,-0.307788
15.856739174342621,38,16,0.5425,-0.307788,2,0,1,0,1,-0.687914
15.168824677113797,39,17,0.5425,-0.687914,4,0,1,0,1,-0.852383
14.316441912783832,40,18,0.5425,-0.852383,6,0,1,0,1,0.194604
14.511045852561491,41,19,0.5425,0.194604,0,0,1,0,1,0.591467
15.102512552020583,42,20,0.5425,0.591467,2,0,1,0,1,0.383615
15.48612712071311,43,21,0.5425,0.383615,4,0,1,0,1,0.265861
15.75198775789966,44,22,0.5425,0.265861,6,0,1,0,1,-0.13227
15.619717388765396,45,23,0.5425,-0.13227,8,0,1,0,1,-0.190376
15.429341048225396,46,24,0.5425,-0.190376,0,0,1,0,1,0.211347
15.640687610433059,47,25,0.5425,0.211347,2,0,1,0,1,0.387505
11.002099841204238,32,10,0.2766,0.0,1,1,0,0,1,0.0
11.002099841204238,33,11,0.2766,0.0,3,1,0,0,1,0.0
11.002099841204238,34,12,0.2766,0.0,5,1,0,0,1,0.042425
11.044525115632451,35,13,0.2766,0.042425,7,1,0,0,1,0.580593
11.625117917146707,36,14,0.2766,0.580593,0,1,0,0,1,0.268467
11.893584430193263,37,15,0.2766,0.268467,2,1,0,0,1,0.167674
12.06125797022491,38,16,0.2766,0.167674,4,1,0,0,1,0.15212
12.213377892955242,39,17,0.2766,0.15212,6,1,0,0,1,0.310502
12.523879927910993,40,18,0.2766,0.310502,8,1,0,0,1,0.073085
12.596964867397725,41,19,0.2766,0.073085,10,1,0,0,1,0.345969
12.942934029119126,42,20,0.2766,0.345969,12,1,0,0,1,0.500298
13.44323224369903,43,21,0.2766,0.500298,14,1,0,0,1,0.467995
13.911227410064996,44,22,0.2766,0.467995,16,1,0,0,1,0.075265
13.9864925662063,45,23,0.2766,0.075265,18,1,0,0,1,-0.082998
13.90349493747729,46,24,0.2766,-0.082998,20,1,0,0,1,0.275876
14.17937051392455,47,25,0.2766,0.275876,22,1,0,0,1,0.001164
12.136496419417288,24,2,0.1937,0.0,1,1,0,0,0,0.183825
12.32032191657619,25,3,0.1937,0.183825,3,1,0,0,0,0.20541
12.525731814350317,26,4,0.1937,0.20541,5,1,0,0,0,0.155107
12.680839195872212,27,5,0.1937,0.155107,7,1,0,0,0,0.090062
12.770901025883068,28,6,0.1937,0.090062,9,1,0,0,0,0.293604
13.064504651795929,29,7,0.1937,0.293604,11,1,0,0,0,0.136467
13.200971979503063,30,8,0.1937,0.136467,13,1,0,0,0,0.194851
13.39582331005791,31,9,0.1937,0.194851,15,1,0,0,0,0.232879
13.628702005163005,32,10,0.1937,0.232879,17,1,0,0,0,0.427408
14.056109769857965,33,11,0.1937,0.427408,0,1,0,0,0,0.047118
14.103227478354775,34,12,0.1937,0.047118,2,1,0,0,0,-0.104179
13.999048958766767,35,13,0.1937,-0.104179,0,1,0,0,0,-0.137328
13.86172054614179,36,14,0.1937,-0.137328,2,1,0,0,0,0.019966
13.881686285152659,37,15,0.1937,0.019966,4,1,0,0,0,0.177273
14.058959397595943,38,16,0.1937,0.177273,6,1,0,0,0,0.451801
14.51076078724924,39,17,0.1937,0.451801,8,1,0,0,0,0.338359
11.581899288729993,24,2,0.3498,0.0,1,1,0,0,0,-0.151879
11.430020116387144,25,3,0.3498,-0.151879,3,1,0,0,0,0.204732
11.63475181259809,26,4,0.3498,0.204732,5,1,0,0,0,0.16111
11.795861518421408,27,5,0.3498,0.16111,7,1,0,0,0,0.476432
12.27229354749042,28,6,0.3498,0.476432,9,1,0,0,0,0.200193
12.472486741783673,29,7,0.3498,0.200193,11,1,0,0,0,0.383323
12.855809326122113,30,8,0.3498,0.383323,0,1,0,0,0,0.368491
13.224300581681593,31,9,0.3498,0.368491,2,1,0,0,0,0.040665
13.264965565129902,32,10,0.3498,0.040665,4,1,0,0,0,-0.108721
13.156244070500518,33,11,0.3498,-0.108721,6,1,0,0,0,0.034847
13.191090930968738,34,12,0.3498,0.034847,8,1,0,0,0,0.326123
13.517213644568224,35,13,0.3498,0.326123,10,1,0,0,0,0.467167
13.984380601634859,36,14,0.3498,0.467167,12,1,0,0,0,0.422022
14.406402487177164,37,15,0.3498,0.422022,14,1,0,0,0,0.43004
14.836442790301705,38,16,0.3498,0.43004,0,1,0,0,0,0.250283
15.086725486411805,39,17,0.3498,0.250283,2,1,0,0,0,-0.052693
11.002099841204238,28,6,0.5933,0.0,1,0,0,1,1,0.0
11.002099841204238,29,7,0.5933,0.0,1,0,0,1,1,0.0
11.002099841204238,30,8,0.5933,0.0,1,0,0,1,1,0.0
11.002099841204238,31,9,0.5933,0.0,1,0,0,1,1,0.0
11.002099841204238,32,10,0.5933,0.0,1,0,0,1,1,0.0
11.002099841204238,33,11,0.5933,0.0,1,0,0,1,1,0.0
11.002099841204238,34,12,0.5933,0.0,1,0,0,1,1,0.534368
11.536468067857571,35,13,0.5933,0.534368,0,0,0,1,1,-0.319988
11.216479990706098,36,14,0.5933,-0.319988,1,0,0,1,1,0.387083
11.603562993608547,37,15,0.5933,0.387083,1,0,0,1,1,0.359072
11.962635038395165,38,16,0.5933,0.359072,1,0,0,1,1,0.165855
12.12848995301657,39,17,0.5933,0.165855,1,0,0,1,1,-0.044378
12.084111456155384,40,18,0.5933,-0.044378,1,0,0,1,1,-0.180884
11.903227228454838,41,19,0.5933,-0.180884,1,0,0,1,1,-0.309343
11.593884519026679,42,20,0.5933,-0.309343,0,0,0,1,1,0.063656
11.657540096574314,43,21,0.5933,0.063656,1,0,0,1,1,0.574725
11.893654669361682,30,8,0.4287,0.0,1,1,0,0,0,0.371586
12.265240882195338,31,9,0.4287,0.371586,3,1,0,0,0,0.125617
12.390857570166125,32,10,0.4287,0.125617,5,1,0,0,0,0.075931
12.466788123985593,33,11,0.4287,0.075931,7,1,0,0,0,0.189066
12.655854465526462,34,12,0.4287,0.189066,9,1,0,0,0,-0.214999
12.440855860148984,35,13,0.4287,-0.214999,11,1,0,0,0,-0.014985
12.425870786318013,36,14,0.4287,-0.014985,13,1,0,0,0,0.243698
12.669568974640699,37,15,0.4287,0.243698,15,1,0,0,0,0.161207
12.830775713046448,38,16,0.4287,0.161207,17,1,0,0,0,0.040269
12.871044584906375,39,17,0.4287,0.040269,19,1,0,0,0,0.252966
13.124010263991106,40,18,0.4287,0.252966,21,1,0,0,0,0.204558
13.328568546282686,41,19,0.4287,0.204558,23,1,0,0,0,0.381356
13.709924969595479,42,20,0.4287,0.381356,25,1,0,0,0,0.365915
14.075839963520984,43,21,0.4287,0.365915,27,1,0,0,0,-0.123563
13.952277069891425,44,22,0.4287,-0.123563,29,1,0,0,0,0.607378
14.559654997392068,45,23,0.4287,0.607378,0,1,0,0,0,0.338322
14.313239649507079,22,0,0.2249,0.0,1,1,0,0,1,0.105226
14.418465402106044,23,1,0.2249,0.105226,1,1,0,0,1,0.27811
14.696575150845174,24,2,0.2249,0.27811,1,1,0,0,1,0.036528
14.733103596374166,25,3,0.2249,0.036528,0,1,0,0,1,0.265924
14.999027508360744,26,4,0.2249,0.265924,0,1,0,0,1,0.111295
15.110322621978446,27,5,0.2249,0.111295,1,1,0,0,1,0.303745
15.414067773208508,28,6,0.2249,0.303745,1,1,0,0,1,0.165405
15.579472745953856,29,7,0.2249,0.165405,1,1,0,0,1,-0.159014
15.420458756863514,30,8,0.2249,-0.159014,1,1,0,0,1,-0.101664
15.318794664497833,31,9,0.2249,-0.101664,1,1,0,0,1,0.001039
15.319833391003595,32,10,0.2249,0.001039,1,1,0,0,1,-0.019354
15.300479466243276,33,11,0.2249,-0.019354,1,1,0,0,1,0.028541
15.329020660031675,34,12,0.2249,0.028541,1,1,0,0,1,-0.0402
15.288820732030832,35,13,0.2249,-0.0402,1,1,0,0,1,0.165687
15.45450765095495,36,14,0.2249,0.165687,1,1,0,0,1,0.492626
15.94713380225949,37,15,0.2249,0.492626,1,1,0,0,1,0.132166
11.077472076945943,22,0,0.3476,0.0,1,1,0,0,0,0.18909
11.266562534905518,23,1,0.3476,0.18909,3,1,0,0,0,0.015478
11.282040891335793,24,2,0.3476,0.015478,5,1,0,0,0,0.177346
11.459386417462866,25,3,0.3476,0.177346,7,1,0,0,0,-0.187917
11.271469553756948,26,4,0.3476,-0.187917,9,1,0,0,0,0.185714
11.457183259975745,27,5,0.3476,0.185714,11,1,0,0,0,0.252186
11.709369200151976,28,6,0.3476,0.252186,13,1,0,0,0,0.347943
12.057312134103915,29,7,0.3476,0.347943,0,1,0,0,0,0.272242
12.329554621258254,30,8,0.3476,0.272242,2,1,0,0,0,0.241788
12.571342416495877,31,9,0.3476,0.241788,4,1,0,0,0,-0.052127
12.519215757872162,32,10,0.3476,-0.052127,6,1,0,0,0,0.115257
12.634472994666238,33,11,0.3476,0.115257,8,1,0,0,0,0.215509
12.849982477846462,34,12,0.3476,0.215509,10,1,0,0,0,0.645628
13.495610103099688,35,13,0.3476,0.645628,12,1,0,0,0,-0.079724
13.415885787781038,36,14,0.3476,-0.079724,14,1,0,0,0,-0.103617
13.31226901235777,37,15,0.3476,-0.103617,16,1,0,0,0,0.039787
12.92548222128363,23,1,0.3023,0.0,1,1,0,0,0,-0.017553
12.90792969037718,24,2,0.3023,-0.017553,0,1,0,0,0,-0.147688
12.760241465990227,25,3,0.3023,-0.147688,1,1,0,0,0,0.212862
12.973103584177773,26,4,0.3023,0.212862,0,1,0,0,0,0.067527
13.040630939621416,27,5,0.3023,0.067527,1,1,0,0,0,0.01559
13.05622093040519,28,6,0.3023,0.01559,1,1,0,0,0,0.106613
13.162833540312299,29,7,0.3023,0.106613,1,1,0,0,0,0.132795
13.295628401690225,30,8,0.3023,0.132795,1,1,0,0,0,-0.07853
13.217098770392163,31,9,0.3023,-0.07853,1,1,0,0,0,0.133118
13.350217254944742,32,10,0.3023,0.133118,1,1,0,0,0,0.186542
13.536759107862048,33,11,0.3023,0.186542,1,1,0,0,0,0.11044
13.647199066996563,34,12,0.3023,0.11044,1,1,0,0,0,0.057808
13.705007466795463,35,13,0.3023,0.057808,1,1,0,0,0,-0.188189
13.516818643177471,36,14,0.3023,-0.188189,1,1,0,0,0,0.028141
13.544959334908713,37,15,0.3023,0.028141,1,1,0,0,0,0.032523
13.577482672807744,38,16,0.3023,0.032523,1,1,0,0,0,0.236016
11.379422744324145,29,7,0.2288,0.0,1,1,0,0,0,0.307128
11.686551076548952,30,8,0.2288,0.307128,3,1,0,0,0,-0.016413
11.670138275970093,31,9,0.2288,-0.016413,5,1,0,0,0,0.312267
11.98240492909285,32,10,0.2288,0.312267,7,1,0,0,0,-0.139955
11.842450242047066,33,11,0.2288,-0.139955,9,1,0,0,0,0.197319
12.03976949592754,34,12,0.2288,0.197319,11,1,0,0,0,0.096041
12.135810085253631,35,13,0.2288,0.096041,13,1,0,0,0,0.307361
12.44317059486464,36,14,0.2288,0.307361,15,1,0,0,0,0.074028
12.517198797782822,37,15,0.2288,0.074028,17,1,0,0,0,0.053931
12.571129716850868,38,16,0.2288,0.053931,19,1,0,0,0,0.089427
12.660556265247122,39,17,0.2288,0.089427,21,1,0,0,0,0.314263
12.974819014604154,40,18,0.2288,0.314263,23,1,0,0,0,0.242767
13.21758597951001,41,19,0.2288,0.242767,25,1,0,0,0,0.080393
13.297978841578773,42,20,0.2288,0.080393,0,1,0,0,0,0.232337
13.53031626219843,43,21,0.2288,0.232337,2,1,0,0,0,0.160453
13.690769016303333,44,22,0.2288,0.160453,4,1,0,0,0,0.259232
13.31909940800781,34,12,0.6302,0.0,1,0,0,1,0,-0.85503
12.46406988385592,35,13,0.6302,-0.85503,3,0,0,1,0,-0.388905
12.075165283527962,36,14,0.6302,-0.388905,0,0,0,1,0,0.345566
12.420731733566111,37,15,0.6302,0.345566,2,0,0,1,0,0.443311
12.864043188348786,38,16,0.6302,0.443311,4,0,0,1,0,-0.452325
12.411718414213373,39,17,0.6302,-0.452325,6,0,0,1,0,0.262153
12.673871223242942,40,18,0.6302,0.262153,8,0,0,1,0,-0.075307
12.598564021133544,41,19,0.6302,-0.075307,10,0,0,1,0,0.747219
13.345782848027625,42,20,0.6302,0.747219,0,0,0,1,0,0.152736
13.498518935870628,43,21,0.6302,0.152736,2,0,0,1,0,-0.014609
13.483909968712748,44,22,0.6302,-0.014609,4,0,0,1,0,0.628092
14.112001662406641,45,23,0.6302,0.628092,6,0,0,1,0,0.163878
14.275879975740494,46,24,0.6302,0.163878,8,0,0,1,0,-0.423993
13.851886812187722,47,25,0.6302,-0.423993,10,0,0,1,0,0.366095
14.217981965027702,48,26,0.6302,0.366095,0,0,0,1,0,-0.518306
13.699676008986664,49,27,0.6302,-0.518306,2,0,0,1,0,0.069311
12.333406290769949,22,0,0.0672,0.0,1,1,0,0,0,0.118339
12.451744942542563,23,1,0.0672,0.118339,3,1,0,0,0,0.16739
12.619134753206271,24,2,0.0672,0.16739,5,1,0,0,0,0.010598
12.629732541621099,25,3,0.0672,0.010598,7,1,0,0,0,0.078122
12.707854775876308,26,4,0.0672,0.078122,9,1,0,0,0,-0.104944
12.602910490129224,27,5,0.0672,-0.104944,11,1,0,0,0,0.211496
12.814406593583724,28,6,0.0672,0.211496,13,1,0,0,0,0.083024
12.897430104984295,29,7,0.0672,0.083024,15,1,0,0,0,0.302484
13.199913840815345,30,8,0.0672,0.302484,17,1,0,0,0,0.262543
13.462456948694374,31,9,0.0672,0.262543,19,1,0,0,0,-0.003012
13.459445071369489,32,10,0.0672,-0.003012,21,1,0,0,0,0.091668
13.55111266251179,33,11,0.0672,0.091668,23,1,0,0,0,-0.052003
13.49910991219445,34,12,0.0672,-0.052003,25,1,0,0,0,0.192906
13.692016205217685,35,13,0.0672,0.192906,27,1,0,0,0,0.147596
13.839611724953897,36,14,0.0672,0.147596,0,1,0,0,0,0.129205
13.968816421366332,37,15,0.0672,0.129205,2,1,0,0,0,0.333787
12.590638873575635,32,10,0.7041,0.0,1,0,0,1,1,0.540111
13.130750202294422,33,11,0.7041,0.540111,3,0,0,1,1,-0.421055
12.709695328736412,34,12,0.7041,-0.421055,5,0,0,1,1,0.082092
12.791787617944562,35,13,0.7041,0.082092,0,0,0,1,1,1.244873
14.036660704147007,36,14,0.7041,1.244873,2,0,0,1,1,1.040262
15.07692285217792,37,15,0.7041,1.040262,4,0,0,1,1,0.754185
15.831107811626117,38,16,0.7041,0.754185,6,0,0,1,1,-0.588001
15.243106580013675,39,17,0.7041,-0.588001,8,0,0,1,1,-0.696337
14.546769726386897,40,18,0.7041,-0.696337,10,0,0,1,1,-0.224058
14.322711504532661,41,19,0.7041,-0.224058,0,0,0,1,1,-1.012771
13.309940465180237,42,20,0.7041,-1.012771,2,0,0,1,1,0.871637
14.181577009938325,43,21,0.7041,0.871637,0,0,0,1,1,-0.740589
13.440987782083797,44,22,0.7041,-0.740589,2,0,0,1,1,0.114315
13.555303072474185,45,23,0.7041,0.114315,4,0,0,1,1,-0.384178
13.171124619969966,46,24,0.7041,-0.384178,6,0,0,1,1,0.576665
13.747789809497515,47,25,0.7041,0.576665,8,0,0,1,1,0.420326
13.27915484385732,23,1,0.1592,0.0,1,1,0,0,0,0.041153
13.320308014270053,24,2,0.1592,0.041153,3,1,0,0,0,0.742549
14.062857359254249,25,3,0.1592,0.742549,0,1,0,0,0,0.117704
14.1805609001057,26,4,0.1592,0.117704,2,1,0,0,0,-0.152593
14.027968324575477,27,5,0.1592,-0.152593,4,1,0,0,0,-0.17961
13.84835882024333,28,6,0.1592,-0.17961,6,1,0,0,0,0.204537
14.052896097872326,29,7,0.1592,0.204537,8,1,0,0,0,-0.098282
13.954614036113668,30,8,0.1592,-0.098282,10,1,0,0,0,0.133586
14.088200400741236,31,9,0.1592,0.133586,12,1,0,0,0,0.005791
14.0939910867545,32,10,0.1592,0.005791,14,1,0,0,0,-0.084848
14.00914339229585,33,11,0.1592,-0.084848,16,1,0,0,0,-0.099198
13.909945721923084,34,12,0.1592,-0.099198,18,1,0,0,0,-0.28791
13.622036207018395,35,13,0.1592,-0.28791,20,1,0,0,0,0.124407
13.746442882249339,36,14,0.1592,0.124407,22,1,0,0,0,-0.13152
13.61492333109698,37,15,0.1592,-0.13152,24,1,0,0,0,0.177066
13.791989679794767,38,16,0.1592,0.177066,26,1,0,0,0,-0.069625
13.834293827724183,25,3,0.2777,0.0,1,1,0,0,0,-0.105279
13.7290145948185,26,4,0.2777,-0.105279,3,1,0,0,0,-0.031777
13.69723714019649,27,5,0.2777,-0.031777,5,1,0,0,0,-0.12251
13.574726754152849,28,6,0.2777,-0.12251,7,1,0,0,0,0.015875
13.590601271588842,29,7,0.2777,0.015875,9,1,0,0,0,0.111205
13.701806736691845,30,8,0.2777,0.111205,11,1,0,0,0,-0.127392
13.57441457249098,31,9,0.2777,-0.127392,13,1,0,0,0,0.06096
13.6353744102854,32,10,0.2777,0.06096,15,1,0,0,0,-0.013597
13.621776981759215,33,11,0.2777,-0.013597,17,1,0,0,0,0.257288
13.879064918293011,34,12,0.2777,0.257288,19,1,0,0,0,0.158228
14.037292697186746,35,13,0.2777,0.158228,21,1,0,0,0,0.025479
14.06277184140939,36,14,0.2777,0.025479,23,1,0,0,0,0.101099
14.163870536202717,37,15,0.2777,0.101099,0,1,0,0,0,0.24636
14.410230541367032,38,16,0.2777,0.24636,2,1,0,0,0,-0.033879
14.376351135086415,39,17,0.2777,-0.033879,4,1,0,0,0,0.211121
14.58747172787511,40,18,0.2777,0.211121,6,1,0,0,0,0.188905
14.719127949822544,31,9,0.6253,0.0,1,0,1,0,1,0.03697
14.756097887065993,32,10,0.6253,0.03697,3,0,1,0,1,0.367422
15.123519441621493,33,11,0.6253,0.367422,5,0,1,0,1,-0.061392
15.062127391939638,34,12,0.6253,-0.061392,7,0,1,0,1,-0.084548
14.977579228669423,35,13,0.6253,-0.084548,9,0,1,0,1,0.471703
15.449282351058775,36,14,0.6253,0.471703,11,0,1,0,1,-0.300608
15.148673908562817,37,15,0.6253,-0.300608,13,0,1,0,1,0.362522
15.511196400308036,38,16,0.6253,0.362522,15,0,1,0,1,-0.242539
15.268656934125174,39,17,0.6253,-0.242539,17,0,1,0,1,-0.621605
14.647051960624621,40,18,0.6253,-0.621605,19,0,1,0,1,-0.255663
14.391388700788623,41,19,0.6253,-0.255663,21,0,1,0,1,0.139679
14.53106795777591,42,20,0.6253,0.139679,23,0,1,0,1,0.557846
15.088914155012587,43,21,0.6253,0.557846,25,0,1,0,1,0.400721
15.489634988464221,44,22,0.6253,0.400721,27,0,1,0,1,0.886522
16.376156693216146,45,23,0.6253,0.886522,29,0,1,0,1,0.90455
17.28070650562022,46,24,0.6253,0.90455,0,0,1,0,1,0.722014
13.564180578590044,33,11,0.2214,0.0,1,1,0,0,0,-0.007014
13.55716656690377,34,12,0.2214,-0.007014,3,1,0,0,0,0.130566
13.687732341547186,35,13,0.2214,0.130566,5,1,0,0,0,0.091667
13.779399592397015,36,14,0.2214,0.091667,7,1,0,0,0,-0.173518
13.605881845061624,37,15,0.2214,-0.173518,0,1,0,0,0,0.107218
13.713099627789616,38,16,0.2214,0.107218,2,1,0,0,0,0.021575
13.73467487608748,39,17,0.2214,0.021575,4,1,0,0,0,-0.083546
13.6511288665821,40,18,0.2214,-0.083546,6,1,0,0,0,0.129508
13.780636497704412,41,19,0.2214,0.129508,8,1,0,0,0,0.278007
14.058643516366669,42,20,0.2214,0.278007,10,1,0,0,0,0.587149
14.645792474685534,43,21,0.2214,0.587149,0,1,0,0,0,0.106483
14.752275483609848,44,22,0.2214,0.106483,2,1,0,0,0,0.196699
14.948974663270905,45,23,0.2214,0.196699,4,1,0,0,0,-0.03862
14.910354583528658,46,24,0.2214,-0.03862,0,1,0,0,0,-0.146139
14.764216029800117,47,25,0.2214,-0.146139,2,1,0,0,0,-0.206068
14.558148458884563,48,26,0.2214,-0.206068,4,1,0,0,0,0.119365
12.80222707583226,25,3,0.29,0.0,1,1,0,0,0,-0.114977
12.687249764427653,26,4,0.29,-0.114977,3,1,0,0,0,0.136811
12.824060332067035,27,5,0.29,0.136811,5,1,0,0,0,0.197614
13.021674303379909,28,6,0.29,0.197614,7,1,0,0,0,0.233994
13.255668120437686,29,7,0.29,0.233994,9,1,0,0,0,0.225109
13.480777060498983,30,8,0.29,0.225109,0,1,0,0,0,-0.033632
13.447145532856672,31,9,0.29,-0.033632,2,1,0,0,0,-0.039375
13.407770356310731,32,10,0.29,-0.039375,4,1,0,0,0,0.306292
13.714062255210964,33,11,0.29,0.306292,6,1,0,0,0,0.164278
13.878340526274647,34,12,0.29,0.164278,0,1,0,0,0,0.251066
14.129406080039997,35,13,0.29,0.251066,2,1,0,0,0,0.255163
14.384568661361937,36,14,0.29,0.255163,4,1,0,0,0,0.249514
14.634082441351374,37,15,0.29,0.249514,6,1,0,0,0,0.929086
15.563168656964663,38,16,0.29,0.929086,0,1,0,0,0,0.064226
15.627394581068446,39,17,0.29,0.064226,2,1,0,0,0,-0.088723
15.538671330164572,40,18,0.29,-0.088723,4,1,0,0,0,-0.107447
11.002099841204238,27,5,1.0,0.0,1,0,1,0,0,0.0
11.002099841204238,28,6,1.0,0.0,3,0,1,0,0,0.0
11.002099841204238,29,7,1.0,0.0,5,0,1,0,0,0.0
11.002099841204238,30,8,1.0,0.0,7,0,1,0,0,0.0
11.002099841204238,31,9,1.0,0.0,9,0,1,0,0,0.242005
11.244104797912321,32,10,1.0,0.242005,11,0,1,0,0,1.071496
12.315600591769735,33,11,1.0,1.071496,13,0,1,0,0,0.019117
12.334717452042483,34,12,1.0,0.019117,15,0,1,0,0,0.274652
12.609369717147311,35,13,1.0,0.274652,0,0,1,0,0,-0.255955
12.353414888248144,36,14,1.0,-0.255955,0,0,1,0,0,-0.475554
11.877860557062792,37,15,1.0,-0.475554,2,0,1,0,0,0.670763
12.548623942312702,38,16,1.0,0.670763,0,0,1,0,0,0.234461
12.783085403460925,39,17,1.0,0.234461,2,0,1,0,0,-0.230767
12.552318580548471,40,18,1.0,-0.230767,4,0,1,0,0,0.596083
13.14840163859533,41,19,1.0,0.596083,0,0,1,0,0,-0.061499
13.086902184128807,42,20,1.0,-0.061499,2,0,1,0,0,0.259715
11.002099841204238,31,9,0.0,0.0,1,1,0,0,0,0.0
11.002099841204238,32,10,0.0,0.0,3,1,0,0,0,0.0
11.002099841204238,33,11,0.0,0.0,5,1,0,0,0,0.0
11.002099841204238,34,12,0.0,0.0,7,1,0,0,0,0.0
11.002099841204238,35,13,0.0,0.0,9,1,0,0,0,0.0
11.002099841204238,36,14,0.0,0.0,0,1,0,0,0,0.0
11.002099841204238,37,15,0.0,0.0,2,1,0,0,0,0.918167
11.920267133808597,38,16,0.0,0.918167,0,1,0,0,0,0.059033
11.979299672326242,39,17,0.0,0.059033,2,1,0,0,0,-0.012868
11.966432154075157,40,18,0.0,-0.012868,4,1,0,0,0,0.002218
11.968650078456726,41,19,0.0,0.002218,6,1,0,0,0,0.01249
11.981140300214989,42,20,0.0,0.01249,8,1,0,0,0,-0.013393
11.967747777421824,43,21,0.0,-0.013393,10,1,0,0,0,-0.044447
11.923300600753825,44,22,0.0,-0.044447,12,1,0,0,0,0.089132
12.012432947650261,45,23,0.0,0.089132,14,1,0,0,0,0.264032
12.276465016730626,46,24,0.0,0.264032,16,1,0,0,0,0.277262
11.002099841204238,28,6,0.0,0.0,1,1,0,0,1,0.0
11.002099841204238,29,7,0.0,0.0,0,1,0,0,1,0.087539
11.089638996034642,30,8,0.0,0.087539,2,1,0,0,1,0.213426
11.30306505647163,31,9,0.0,0.213426,4,1,0,0,1,0.168212
11.471277005212954,32,10,0.0,0.168212,6,1,0,0,1,0.097114
11.568390726998155,33,11,0.0,0.097114,8,1,0,0,1,0.139767
11.70815800602657,34,12,0.0,0.139767,10,1,0,0,1,-0.00788
11.700278255351458,35,13,0.0,-0.00788,12,1,0,0,1,0.293276
11.993554618449359,36,14,0.0,0.293276,14,1,0,0,1,0.05171
12.045264278766503,37,15,0.0,0.05171,0,1,0,0,1,0.405426
12.450690098993348,38,16,0.0,0.405426,0,1,0,0,1,-0.081009
12.369680639168182,39,17,0.0,-0.081009,2,1,0,0,1,-0.0255
12.344180970438943,40,18,0.0,-0.0255,4,1,0,0,1,0.273634
12.617814672527885,41,19,0.0,0.273634,6,1,0,0,1,0.220475
12.838289624223702,42,20,0.0,0.220475,8,1,0,0,1,0.034467
12.872756858905996,43,21,0.0,0.034467,10,1,0,0,1,0.106647
14.849633099023984,23,1,0.209,0.0,1,1,0,0,1,0.120339
14.969972022189015,24,2,0.209,0.120339,3,1,0,0,1,-0.076876
14.89309588611627,25,3,0.209,-0.076876,5,1,0,0,1,-0.150939
14.742156680949082,26,4,0.209,-0.150939,7,1,0,0,1,0.113288
14.85544449405964,27,5,0.209,0.113288,9,1,0,0,1,0.207676
15.063120624103826,28,6,0.209,0.207676,0,1,0,0,1,0.030632
15.09375287302068,29,7,0.209,0.030632,2,1,0,0,1,0.042562
15.136314878169218,30,8,0.209,0.042562,4,1,0,0,1,0.180395
15.316709488975397,31,9,0.209,0.180395,6,1,0,0,1,-0.058428
15.258281667071058,32,10,0.209,-0.058428,8,1,0,0,1,0.069093
15.327374642135833,33,11,0.209,0.069093,10,1,0,0,1,0.190727
15.518101990521014,34,12,0.209,0.190727,12,1,0,0,1,0.3912
15.909302105723482,35,13,0.209,0.3912,14,1,0,0,1,0.169852
16.079153793803457,36,14,0.209,0.169852,16,1,0,0,1,0.073158
16.152311866392846,37,15,0.209,0.073158,18,1,0,0,1,0.170324
16.322635553307467,38,16,0.209,0.170324,20,1,0,0,1,0.324556
12.014998997896631,25,3,0.24,0.0,1,1,0,0,0,0.278068
12.293067420946002,26,4,0.24,0.278068,3,1,0,0,0,0.117078
12.410145404331606,27,5,0.24,0.117078,0,1,0,0,0,-0.058394
12.35175101111634,28,6,0.24,-0.058394,2,1,0,0,0,-0.195589
12.15616178356746,29,7,0.24,-0.195589,4,1,0,0,0,0.106684
12.262846126220687,30,8,0.24,0.106684,6,1,0,0,0,0.067348
12.330194566049126,31,9,0.24,0.067348,8,1,0,0,0,0.127967
12.458161954647112,32,10,0.24,0.127967,10,1,0,0,0,0.137948
12.59610992864614,33,11,0.24,0.137948,12,1,0,0,0,0.311366
12.9074764008829,34,12,0.24,0.311366,14,1,0,0,0,0.299554
13.207030434261789,35,13,0.24,0.299554,16,1,0,0,0,0.277127
13.484157493272518,36,14,0.24,0.277127,18,1,0,0,0,0.337909
13.82206618874417,37,15,0.24,0.337909,0,1,0,0,0,-0.021428
13.800638548799979,38,16,0.24,-0.021428,2,1,0,0,0,0.009391
13.810029604460576,39,17,0.24,0.009391,4,1,0,0,0,-0.129876
13.680153597242608,40,18,0.24,-0.129876,6,1,0,0,0,-0.020884
13.621950409512907,22,0,0.4162,0.0,1,1,0,0,0,-0.077529
13.544421424681381,23,1,0.4162,-0.077529,3,1,0,0,0,0.19331
13.73773110818007,24,2,0.4162,0.19331,0,1,0,0,0,0.488611
14.226342290929466,25,3,0.4162,0.488611,2,1,0,0,0,0.251346
14.47768800858964,26,4,0.4162,0.251346,4,1,0,0,0,-0.097178
14.38051050582917,27,5,0.4162,-0.097178,6,1,0,0,0,-0.2888
14.091710620584484,28,6,0.4162,-0.2888,8,1,0,0,0,-0.310171
13.781539121524148,29,7,0.4162,-0.310171,10,1,0,0,0,0.019654
13.801192966864688,30,8,0.4162,0.019654,12,1,0,0,0,0.105031
13.906224053167513,31,9,0.4162,0.105031,14,1,0,0,0,-0.091074
13.815149886992147,32,10,0.4162,-0.091074,16,1,0,0,0,0.384153
14.199302761405194,33,11,0.4162,0.384153,18,1,0,0,0,0.361651
14.560954230727202,34,12,0.4162,0.361651,20,1,0,0,0,0.290396
14.851350640636669,35,13,0.4162,0.290396,22,1,0,0,0,0.015967
14.867317230715594,36,14,0.4162,0.015967,24,1,0,0,0,-0.05105
14.816267293843845,37,15,0.4162,-0.05105,26,1,0,0,0,0.049093
12.634813136567297,25,3,0.2156,0.0,1,1,0,0,0,0.296412
12.931225393740513,26,4,0.2156,0.296412,1,1,0,0,0,0.05722
12.98844498263746,27,5,0.2156,0.05722,1,1,0,0,0,-0.012528
12.975916849426591,28,6,0.2156,-0.012528,1,1,0,0,0,-0.092116
12.883800445527555,29,7,0.2156,-0.092116,1,1,0,0,0,0.030145
12.913944987235285,30,8,0.2156,0.030145,1,1,0,0,0,0.112061
13.026006454861085,31,9,0.2156,0.112061,1,1,0,0,0,0.104751
13.13075752910413,32,10,0.2156,0.104751,1,1,0,0,0,0.039193
13.169950588573066,33,11,0.2156,0.039193,1,1,0,0,0,0.243731
13.413681985002777,34,12,0.2156,0.243731,0,1,0,0,0,0.111043
13.524725350556626,35,13,0.2156,0.111043,1,1,0,0,0,0.350901
13.875626559527074,36,14,0.2156,0.350901,1,1,0,0,0,0.150236
14.025862976099987,37,15,0.2156,0.150236,1,1,0,0,0,0.315346
14.341208958283866,38,16,0.2156,0.315346,1,1,0,0,0,0.131499
14.472707737722953,39,17,0.2156,0.131499,0,1,0,0,0,0.333151
14.805859114496192,40,18,0.2156,0.333151,1,1,0,0,0,0.131961
12.19073999919483,33,11,0.5805,0.0,1,1,0,0,0,-0.09569
12.095049530378768,34,12,0.5805,-0.09569,1,1,0,0,0,0.142811
12.237860989490242,35,13,0.5805,0.142811,1,1,0,0,0,0.43473
12.672591051584968,36,14,0.5805,0.43473,1,1,0,0,0,0.467824
13.140414632950254,37,15,0.5805,0.467824,0,1,0,0,0,0.112672
13.253086737059554,38,16,0.5805,0.112672,1,1,0,0,0,0.219182
13.472268704973695,39,17,0.5805,0.219182,1,1,0,0,0,-0.081341
13.390928081068466,40,18,0.5805,-0.081341,1,1,0,0,0,0.272072
13.663000282037979,41,19,0.5805,0.272072,1,1,0,0,0,0.152126
13.815126255496551,42,20,0.5805,0.152126,1,1,0,0,0,0.417612
14.232737933261081,43,21,0.5805,0.417612,1,1,0,0,0,-0.049512
14.183226087001701,44,22,0.5805,-0.049512,1,1,0,0,0,-0.247392
13.935834197477089,45,23,0.5805,-0.247392,1,1,0,0,0,-0.185837
13.749997681722146,46,24,0.5805,-0.185837,1,1,0,0,0,0.063257
13.813254809762602,47,25,0.5805,0.063257,1,1,0,0,0,0.211812
14.025067040427817,48,26,0.5805,0.211812,1,1,0,0,0,-0.022615
12.445932929553699,29,7,0.255,0.0,1,1,0,0,0,0.114318
12.560250790672926,30,8,0.255,0.114318,3,1,0,0,0,0.104301
12.664551620283461,31,9,0.255,0.104301,5,1,0,0,0,0.351932
13.016484044817316,32,10,0.255,0.351932,7,1,0,0,0,0.397068
13.413552348049322,33,11,0.255,0.397068,0,1,0,0,0,0.263602
13.677154533743067,34,12,0.255,0.263602,2,1,0,0,0,-0.011012
13.666142247335616,35,13,0.255,-0.011012,4,1,0,0,0,-0.122007
13.544134839100543,36,14,0.255,-0.122007,6,1,0,0,0,0.083402
13.62753676332634,37,15,0.255,0.083402,8,1,0,0,0,-0.02573
13.601806927024567,38,16,0.255,-0.02573,10,1,0,0,0,0.119205
13.721011603488497,39,17,0.255,0.119205,12,1,0,0,0,0.149989
13.871000992117638,40,18,0.255,0.149989,14,1,0,0,0,-0.012177
13.85882402148125,41,19,0.255,-0.012177,16,1,0,0,0,0.144254
14.003078343839112,42,20,0.255,0.144254,18,1,0,0,0,0.224506
14.22758434318369,43,21,0.255,0.224506,20,1,0,0,0,0.350042
14.577625998716513,44,22,0.255,0.350042,22,1,0,0,0,0.097888
13.940869213127021,25,3,0.0,0.0,1,1,0,0,1,0.177447
14.118315977345244,26,4,0.0,0.177447,1,1,0,0,1,-0.056133
14.06218296819008,27,5,0.0,-0.056133,1,1,0,0,1,0.197165
14.25934790845995,28,6,0.0,0.197165,1,1,0,0,1,0.263928
14.523276013506818,29,7,0.0,0.263928,1,1,0,0,1,0.254128
14.777403694144887,30,8,0.0,0.254128,1,1,0,0,1,0.182786
14.96018987687018,31,9,0.0,0.182786,1,1,0,0,1,0.11115
15.071340328280279,32,10,0.0,0.11115,1,1,0,0,1,0.06616
15.137500597160816,33,11,0.0,0.06616,1,1,0,0,1,0.308979
15.446479906959683,34,12,0.0,0.308979,1,1,0,0,1,-0.051869
15.394610773101412,35,13,0.0,-0.051869,1,1,0,0,1,-0.077057
15.3175540677373,36,14,0.0,-0.077057,0,1,0,0,1,-0.017212
15.300341649771214,37,15,0.0,-0.017212,1,1,0,0,1,-0.188725
15.11161674800272,38,16,0.0,-0.188725,0,1,0,0,1,-0.237342
14.874274805348524,39,17,0.0,-0.237342,0,1,0,0,1,0.234285
15.108560154524124,40,18,0.0,0.234285,1,1,0,0,1,0.350002
12.977704100852856,30,8,0.2868,0.0,1,1,0,0,0,0.477357
13.455060718767083,31,9,0.2868,0.477357,0,1,0,0,0,0.0761
13.531160894405685,32,10,0.2868,0.0761,2,1,0,0,0,-0.032731
13.498429859079176,33,11,0.2868,-0.032731,4,1,0,0,0,0.324153
13.822582941223503,34,12,0.2868,0.324153,6,1,0,0,0,-0.003365
13.81921765776083,35,13,0.2868,-0.003365,8,1,0,0,0,-0.155568
13.663649415895254,36,14,0.2868,-0.155568,10,1,0,0,0,-0.292405
13.371244333060856,37,15,0.2868,-0.292405,12,1,0,0,0,-0.075602
13.295642057548905,38,16,0.2868,-0.075602,14,1,0,0,0,0.156388
13.452030026845765,39,17,0.2868,0.156388,16,1,0,0,0,0.354111
13.806140870565024,40,18,0.2868,0.354111,18,1,0,0,0,0.321101
14.12724236593336,41,19,0.2868,0.321101,0,1,0,0,0,0.171099
14.298341775969401,42,20,0.2868,0.171099,2,1,0,0,0,-0.022701
14.275640662152375,43,21,0.2868,-0.022701,4,1,0,0,0,0.117278
14.39291903845791,44,22,0.2868,0.117278,6,1,0,0,0,0.26256
14.655478696458912,45,23,0.2868,0.26256,8,1,0,0,0,0.1034
16.285035145701663,23,1,0.5852,0.0,1,0,0,1,0,0.341973
16.627007871225064,24,2,0.5852,0.341973,3,0,0,1,0,0.150792
16.77779964726217,25,3,0.5852,0.150792,5,0,0,1,0,0.15225
16.930049978539213,26,4,0.5852,0.15225,7,0,0,1,0,-0.283311
16.646738546601963,27,5,0.5852,-0.283311,9,0,0,1,0,-0.134546
16.512192469713984,28,6,0.5852,-0.134546,11,0,0,1,0,0.150956
16.663148510278642,29,7,0.5852,0.150956,13,0,0,1,0,-0.948769
15.71437938547366,30,8,0.5852,-0.948769,15,0,0,1,0,-0.498364
15.216015560730112,31,9,0.5852,-0.498364,17,0,0,1,0,-0.14721
15.068805887258337,32,10,0.5852,-0.14721,19,0,0,1,0,0.506692
15.575497495835316,33,11,0.5852,0.506692,0,0,0,1,0,0.311603
15.887100054928828,34,12,0.5852,0.311603,2,0,0,1,0,-0.005245
15.881855379760406,35,13,0.5852,-0.005245,4,0,0,1,0,0.513852
16.39570740183354,36,14,0.5852,0.513852,0,0,0,1,0,0.258058
16.653764955465974,37,15,0.5852,0.258058,2,0,0,1,0,0.503062
17.15682646511088,38,16,0.5852,0.503062,4,0,0,1,0,0.768634
13.100532301632734,33,11,0.2607,0.0,1,1,0,0,1,-0.144014
12.956518471862628,34,12,0.2607,-0.144014,3,1,0,0,1,0.021375
12.9778935964271,35,13,0.2607,0.021375,5,1,0,0,1,0.063123
13.041016555371302,36,14,0.2607,0.063123,7,1,0,0,1,-0.194507
12.84650932082741,37,15,0.2607,-0.194507,9,1,0,0,1,0.55327
13.39977971240367,38,16,0.2607,0.55327,0,1,0,0,1,-0.046678
13.353101413941118,39,17,0.2607,-0.046678,2,1,0,0,1,-0.097901
13.255200267654047,40,18,0.2607,-0.097901,4,1,0,0,1,-0.038033
13.217167315593455,41,19,0.2607,-0.038033,6,1,0,0,1,-0.011511
13.205656389726833,42,20,0.2607,-0.011511,8,1,0,0,1,0.003385
13.209041093853543,43,21,0.2607,0.003385,10,1,0,0,1,0.128288
13.337328744051197,44,22,0.2607,0.128288,12,1,0,0,1,0.174857
13.512185879589762,45,23,0.2607,0.174857,14,1,0,0,1,0.228197
13.740383074740466,46,24,0.2607,0.228197,16,1,0,0,1,0.018784
13.75916702157722,47,25,0.2607,0.018784,18,1,0,0,1,0.104502
13.86366889338082,48,26,0.2607,0.104502,20,1,0,0,1,0.1437
11.611167045949994,34,12,0.4188,0.0,1,1,0,0,0,0.310141
11.921308469593226,35,13,0.4188,0.310141,3,1,0,0,0,0.159629
12.08093727928387,36,14,0.4188,0.159629,5,1,0,0,0,0.778045
12.858982376179497,37,15,0.4188,0.778045,0,1,0,0,0,0.151919
13.010900993675788,38,16,0.4188,0.151919,2,1,0,0,0,0.196959
13.207860272443446,39,17,0.4188,0.196959,4,1,0,0,0,-0.141035
13.066825170147832,40,18,0.4188,-0.141035,6,1,0,0,0,0.066982
13.133807243862158,41,19,0.4188,0.066982,0,1,0,0,0,-0.137532
12.996275053633175,42,20,0.4188,-0.137532,2,1,0,0,0,-0.030736
12.965539109504292,43,21,0.4188,-0.030736,4,1,0,0,0,0.16011
13.12564938792864,44,22,0.4188,0.16011,6,1,0,0,0,0.251888
13.377537136592569,45,23,0.4188,0.251888,8,1,0,0,0,0.217484
13.595020762533556,46,24,0.4188,0.217484,10,1,0,0,0,0.424226
14.019246628451713,47,25,0.4188,0.424226,12,1,0,0,0,0.444762
14.464008185139312,48,26,0.4188,0.444762,14,1,0,0,0,0.544698
15.00870575170688,49,27,0.4188,0.544698,16,1,0,0,0,0.377003
11.355583135619632,33,11,0.0829,0.0,1,1,0,0,0,0.061154
11.416737545784027,34,12,0.0829,0.061154,3,1,0,0,0,0.169322
11.586059182524796,35,13,0.0829,0.169322,5,1,0,0,0,0.194706
11.78076523632178,36,14,0.0829,0.194706,7,1,0,0,0,0.092816
11.873581569126191,37,15,0.0829,0.092816,9,1,0,0,0,0.079559
11.953140369727642,38,16,0.0829,0.079559,11,1,0,0,0,0.114517
12.0676571671884,39,17,0.0829,0.114517,0,1,0,0,0,-0.036754
12.030902915561748,40,18,0.0829,-0.036754,2,1,0,0,0,0.130448
12.161350767468965,41,19,0.0829,0.130448,4,1,0,0,0,0.032521
12.193871949479544,42,20,0.0829,0.032521,6,1,0,0,0,0.127405
12.321276931736747,43,21,0.0829,0.127405,8,1,0,0,0,0.071934
12.393210693295131,44,22,0.0829,0.071934,0,1,0,0,0,0.128309
12.5215199900468,45,23,0.0829,0.128309,2,1,0,0,0,0.073201
12.594720857595286,46,24,0.0829,0.073201,4,1,0,0,0,0.123094
12.717815243625788,47,25,0.0829,0.123094,6,1,0,0,0,0.386186
13.104000995417206,48,26,0.0829,0.386186,8,1,0,0,0,0.085309
13.117562320765217,23,1,0.4737,0.0,1,1,0,0,0,-0.017653
13.099908936511316,24,2,0.4737,-0.017653,3,1,0,0,0,0.253066
13.352975260114318,25,3,0.4737,0.253066,5,1,0,0,0,0.216366
13.569341698245527,26,4,0.4737,0.216366,7,1,0,0,0,-0.075051
13.494291175149586,27,5,0.4737,-0.075051,9,1,0,0,0,-0.136831
13.357460124220001,28,6,0.4737,-0.136831,11,1,0,0,0,-0.303864
13.053595719733453,29,7,0.4737,-0.303864,13,1,0,0,0,-0.124305
12.929291217374985,30,8,0.4737,-0.124305,15,1,0,0,0,0.178177
13.107468222727292,31,9,0.4737,0.178177,17,1,0,0,0,0.03249
13.139958224575906,32,10,0.4737,0.03249,19,1,0,0,0,0.199911
13.339868995761643,33,11,0.4737,0.199911,21,1,0,0,0,-0.098026
13.241843148179209,34,12,0.4737,-0.098026,23,1,0,0,0,0.032462
13.274305453683025,35,13,0.4737,0.032462,25,1,0,0,0,0.007843
13.282148012025283,36,14,0.4737,0.007843,27,1,0,0,0,-0.125175
13.156972834667885,37,15,0.4737,-0.125175,29,1,0,0,0,0.061634
13.218606389265553,38,16,0.4737,0.061634,31,1,0,0,0,-0.024318
13.521231350000466,30,8,0.0494,0.0,1,1,0,0,1,0.219373
13.74060479452279,31,9,0.0494,0.219373,3,1,0,0,1,-0.09659
13.644014863916217,32,10,0.0494,-0.09659,5,1,0,0,1,0.159432
13.803446801591052,33,11,0.0494,0.159432,7,1,0,0,1,0.171171
13.974617677158172,34,12,0.0494,0.171171,9,1,0,0,1,0.165351
14.139968410004325,35,13,0.0494,0.165351,0,1,0,0,1,0.036723
14.176691306975158,36,14,0.0494,0.036723,2,1,0,0,1,0.185633
14.36232407236578,37,15,0.0494,0.185633,4,1,0,0,1,0.175487
14.537810780490988,38,16,0.0494,0.175487,6,1,0,0,1,0.107392
14.645202357575872,39,17,0.0494,0.107392,8,1,0,0,1,0.171675
14.816877188941048,40,18,0.0494,0.171675,10,1,0,0,1,0.048106
14.864982721674801,41,19,0.0494,0.048106,12,1,0,0,1,0.236761
15.101743849064935,42,20,0.0494,0.236761,0,1,0,0,1,0.177323
15.27906707900223,43,21,0.0494,0.177323,2,1,0,0,1,0.019965
15.299032156509119,44,22,0.0494,0.019965,4,1,0,0,1,-0.096166
15.202865958343821,45,23,0.0494,-0.096166,6,1,0,0,1,0.014404
12.818620492660292,30,8,0.1356,0.0,1,1,0,0,1,0.29762
13.116240888107082,31,9,0.1356,0.29762,0,1,0,0,1,0.159184
13.27542484734097,32,10,0.1356,0.159184,2,1,0,0,1,0.262444
13.537868562827919,33,11,0.1356,0.262444,0,1,0,0,1,-0.227414
13.310454325696965,34,12,0.1356,-0.227414,2,1,0,0,1,0.110268
13.420722674912016,35,13,0.1356,0.110268,4,1,0,0,1,0.102037
13.522759768722192,36,14,0.1356,0.102037,6,1,0,0,1,0.101061
13.623821085918438,37,15,0.1356,0.101061,8,1,0,0,1,-0.267862
13.355958808251742,38,16,0.1356,-0.267862,10,1,0,0,1,-0.184499
13.171459533171577,39,17,0.1356,-0.184499,12,1,0,0,1,0.15016
13.321619831326066,40,18,0.1356,0.15016,14,1,0,0,1,0.774854
14.096474289429104,41,19,0.1356,0.774854,0,1,0,0,1,0.177261
14.273734954868509,42,20,0.1356,0.177261,2,1,0,0,1,-0.046289
14.22744590131676,43,21,0.1356,-0.046289,4,1,0,0,1,-0.140482
14.08696435193333,44,22,0.1356,-0.140482,6,1,0,0,1,-0.050709
14.036255232861574,45,23,0.1356,-0.050709,8,1,0,0,1,-0.250363
12.337661436160527,24,2,0.25,0.0,1,1,0,0,0,0.102765
12.440426106886404,25,3,0.25,0.102765,3,1,0,0,0,-0.234209
12.206216798482377,26,4,0.25,-0.234209,5,1,0,0,0,0.169041
12.375257348347882,27,5,0.25,0.169041,7,1,0,0,0,0.184514
12.559771238474342,28,6,0.25,0.184514,0,1,0,0,0,0.074195
12.633966459860181,29,7,0.25,0.074195,2,1,0,0,0,0.14605
12.780016168926009,30,8,0.25,0.14605,4,1,0,0,0,0.049929
12.829944882478983,31,9,0.25,0.049929,6,1,0,0,0,-0.029803
12.800141945183887,32,10,0.25,-0.029803,8,1,0,0,0,0.12038
12.920521501423924,33,11,0.25,0.12038,10,1,0,0,0,0.365096
13.285617366091701,34,12,0.25,0.365096,12,1,0,0,0,0.198958
13.48457581227454,35,13,0.25,0.198958,14,1,0,0,0,-0.225812
13.258763339213058,36,14,0.25,-0.225812,16,1,0,0,0,-0.182981
13.075782086507926,37,15,0.25,-0.182981,18,1,0,0,0,0.010245
13.08602710097166,38,16,0.25,0.010245,0,1,0,0,0,-0.104252
12.981774777866644,39,17,0.25,-0.104252,2,1,0,0,0,0.005233
11.002099841204238,28,6,0.2432,0.0,1,1,0,0,1,0.0
11.002099841204238,29,7,0.2432,0.0,3,1,0,0,1,0.0
11.002099841204238,30,8,0.2432,0.0,5,1,0,0,1,0.0
11.002099841204238,31,9,0.2432,0.0,7,1,0,0,1,0.0
11.002099841204238,32,10,0.2432,0.0,9,1,0,0,1,0.0
11.002099841204238,33,11,0.2432,0.0,11,1,0,0,1,0.0
11.002099841204238,34,12,0.2432,0.0,13,1,0,0,1,0.186163
11.18826239746369,35,13,0.2432,0.186163,15,1,0,0,1,0.222334
11.410596089906944,36,14,0.2432,0.222334,17,1,0,0,1,0.132097
11.542693050013195,37,15,0.2432,0.132097,19,1,0,0,1,-0.013551
11.529141610628352,38,16,0.2432,-0.013551,0,1,0,0,1,0.064121
11.593262834075297,39,17,0.2432,0.064121,2,1,0,0,1,0.323481
11.916743554479746,40,18,0.2432,0.323481,4,1,0,0,1,0.057682
11.974425362147107,41,19,0.2432,0.057682,6,1,0,0,1,-0.085301
11.889124012602402,42,20,0.2432,-0.085301,8,1,0,0,1,0.003288
11.89241189535964,43,21,0.2432,0.003288,10,1,0,0,1,-0.157136
13.69325399150821,23,1,0.321,0.0,1,1,0,0,0,0.179146
13.87240035344521,24,2,0.321,0.179146,3,1,0,0,0,0.215976
14.088376540858947,25,3,0.321,0.215976,5,1,0,0,0,0.098488
14.186864385332221,26,4,0.321,0.098488,7,1,0,0,0,0.036755
14.223619546239751,27,5,0.321,0.036755,9,1,0,0,0,-0.046841
14.176778376653504,28,6,0.321,-0.046841,11,1,0,0,0,0.374301
14.551079853601701,29,7,0.321,0.374301,0,1,0,0,0,0.11806
14.669139703779821,30,8,0.321,0.11806,2,1,0,0,0,0.049958
14.719097994392813,31,9,0.321,0.049958,4,1,0,0,0,0.13617
14.85526805713469,32,10,0.321,0.13617,6,1,0,0,0,-0.067816
14.787452255988487,33,11,0.321,-0.067816,8,1,0,0,0,-0.045523
14.741928809166549,34,12,0.321,-0.045523,10,1,0,0,0,0.124163
14.866091855815332,35,13,0.321,0.124163,12,1,0,0,0,0.260517
15.126608800717236,36,14,0.321,0.260517,0,1,0,0,0,0.016065
15.142673499059626,37,15,0.321,0.016065,2,1,0,0,0,0.06089
15.203563775763733,38,16,0.321,0.06089,4,1,0,0,0,-0.018371
11.002099841204238,23,1,0.1864,0.0,1,1,0,0,1,0.0
11.002099841204238,24,2,0.1864,0.0,3,1,0,0,1,0.0
11.002099841204238,25,3,0.1864,0.0,5,1,0,0,1,0.0
11.002099841204238,26,4,0.1864,0.0,7,1,0,0,1,0.0
11.002099841204238,27,5,0.1864,0.0,9,1,0,0,1,0.0
11.002099841204238,28,6,0.1864,0.0,11,1,0,0,1,0.0
11.002099841204238,29,7,0.1864,0.0,13,1,0,0,1,0.0
11.002099841204238,30,8,0.1864,0.0,15,1,0,0,1,0.0
11.002099841204238,31,9,0.1864,0.0,17,1,0,0,1,0.0
11.002099841204238,32,10,0.1864,0.0,19,1,0,0,1,0.0
11.002099841204238,33,11,0.1864,0.0,21,1,0,0,1,0.035855
11.037954679534872,34,12,0.1864,0.035855,23,1,0,0,1,0.188438
11.226392771698643,35,13,0.1864,0.188438,25,1,0,0,1,0.235213
11.461606132631298,36,14,0.1864,0.235213,27,1,0,0,1,0.164266
11.62587229914151,37,15,0.1864,0.164266,29,1,0,0,1,0.069045
11.69491699936515,38,16,0.1864,0.069045,31,1,0,0,1,-0.146818
12.795322088442763,23,1,0.5448,0.0,1,0,0,1,0,0.4951
13.29042205432984,24,2,0.5448,0.4951,1,0,0,1,0,0.425457
13.715878577136813,25,3,0.5448,0.425457,1,0,0,1,0,-0.060282
13.65559697685836,26,4,0.5448,-0.060282,1,0,0,1,0,1.080049
14.735645637837719,27,5,0.5448,1.080049,1,0,0,1,0,0.075641
14.811286648590732,28,6,0.5448,0.075641,0,0,0,1,0,-0.294488
14.51679886241116,29,7,0.5448,-0.294488,1,0,0,1,0,0.317802
14.834600681660392,30,8,0.5448,0.317802,1,0,0,1,0,0.027632
14.862232989624658,31,9,0.5448,0.027632,1,0,0,1,0,0.43927
15.30150298036336,32,10,0.5448,0.43927,0,0,0,1,0,0.317267
15.618770104533715,33,11,0.5448,0.317267,1,0,0,1,0,-0.110574
15.508195971437857,34,12,0.5448,-0.110574,1,0,0,1,0,0.27942
15.78761636611369,35,13,0.5448,0.27942,1,0,0,1,0,0.869483
16.657099259736352,36,14,0.5448,0.869483,0,0,0,1,0,-0.633833
16.023266262286217,37,15,0.5448,-0.633833,0,0,0,1,0,-0.452471
15.570794912335485,38,16,0.5448,-0.452471,1,0,0,1,0,0.353411
11.818278043511357,29,7,0.159,0.0,1,1,0,0,1,0.12862
11.946898346610404,30,8,0.159,0.12862,1,1,0,0,1,0.234317
12.181215431915708,31,9,0.159,0.234317,1,1,0,0,1,0.19627
12.37748534032573,32,10,0.159,0.19627,1,1,0,0,1,0.139208
12.516693814561295,33,11,0.159,0.139208,1,1,0,0,1,0.135321
12.652014933659125,34,12,0.159,0.135321,1,1,0,0,1,0.03684
12.688855188930145,35,13,0.159,0.03684,1,1,0,0,1,0.110558
12.79941314597617,36,14,0.159,0.110558,1,1,0,0,1,0.044356
12.843768982613565,37,15,0.159,0.044356,1,1,0,0,1,-0.117985
12.725784231660517,38,16,0.159,-0.117985,1,1,0,0,1,-0.015102
12.710681749380026,39,17,0.159,-0.015102,1,1,0,0,1,-0.102058
12.60862402391248,40,18,0.159,-0.102058,1,1,0,0,1,-0.0215
12.58712422954426,41,19,0.159,-0.0215,1,1,0,0,1,-0.109764
12.477360502054497,42,20,0.159,-0.109764,1,1,0,0,1,0.0937
12.571060514433643,43,21,0.159,0.0937,1,1,0,0,1,0.458446
13.02950641898182,44,22,0.159,0.458446,0,1,0,0,1,0.389902
12.456169353813792,24,2,0.2004,0.0,1,1,0,0,0,0.208182
12.664351823202937,25,3,0.2004,0.208182,1,1,0,0,0,0.022902
12.687254198398676,26,4,0.2004,0.022902,1,1,0,0,0,0.086269
12.773523594808344,27,5,0.2004,0.086269,1,1,0,0,0,0.338923
13.112446457279047,28,6,0.2004,0.338923,1,1,0,0,0,0.28001
13.392456000984849,29,7,0.2004,0.28001,0,1,0,0,0,0.2582
13.650656183859548,30,8,0.2004,0.2582,1,1,0,0,0,0.297932
13.948588616379327,31,9,0.2004,0.297932,1,1,0,0,0,0.126808
14.075396255575916,32,10,0.2004,0.126808,1,1,0,0,0,0.083519
14.158915500261275,33,11,0.2004,0.083519,1,1,0,0,0,0.100504
14.25941974055212,34,12,0.2004,0.100504,1,1,0,0,0,0.191494
14.45091333139524,35,13,0.2004,0.191494,1,1,0,0,0,-0.142722
14.308190900262053,36,14,0.2004,-0.142722,1,1,0,0,0,-0.001825
14.306365570327888,37,15,0.2004,-0.001825,1,1,0,0,0,-0.172074
14.134291150502449,38,16,0.2004,-0.172074,1,1,0,0,0,-0.049085
14.085205964788479,39,17,0.2004,-0.049085,1,1,0,0,0,0.204869
11.002099841204238,26,4,0.5441,0.0,1,0,0,1,0,0.0
11.002099841204238,27,5,0.5441,0.0,0,0,0,1,0,0.752998
11.755097841242529,28,6,0.5441,0.752998,1,0,0,1,0,0.718603
12.473700627721213,29,7,0.5441,0.718603,1,0,0,1,0,0.285208
12.758908181294537,30,8,0.5441,0.285208,1,0,0,1,0,0.905662
13.664570156274674,31,9,0.5441,0.905662,0,0,0,1,0,-0.16903
13.495540596527423,32,10,0.5441,-0.16903,0,0,0,1,0,-0.042381
13.453159579011329,33,11,0.5441,-0.042381,1,0,0,1,0,0.346978
13.800137908538783,34,12,0.5441,0.346978,0,0,0,1,0,-0.08538
13.714757585913828,35,13,0.5441,-0.08538,1,0,0,1,0,-0.139687
13.575070270812773,36,14,0.5441,-0.139687,1,0,0,1,0,0.571943
14.147013338529215,37,15,0.5441,0.571943,1,0,0,1,0,-0.120143
14.026870033574308,38,16,0.5441,-0.120143,0,0,0,1,0,0.216793
14.243663509897019,39,17,0.5441,0.216793,1,0,0,1,0,-0.350585
13.893078399928484,40,18,0.5441,-0.350585,1,0,0,1,0,-0.254837
13.638241108740578,41,19,0.5441,-0.254837,1,0,0,1,0,0.324994
14.043182470473468,25,3,0.6409,0.0,1,0,1,0,1,-0.131067
13.912115191694195,26,4,0.6409,-0.131067,0,0,1,0,1,-0.406888
13.505227409100609,27,5,0.6409,-0.406888,2,0,1,0,1,-0.005433
13.499794599340872,28,6,0.6409,-0.005433,4,0,1,0,1,-0.40618
13.093614282848005,29,7,0.6409,-0.40618,6,0,1,0,1,-0.153218
12.940396354415704,30,8,0.6409,-0.153218,0,0,1,0,1,0.230573
13.170969429648116,31,9,0.6409,0.230573,0,0,1,0,1,-0.247643
12.923326877083449,32,10,0.6409,-0.247643,2,0,1,0,1,-0.170948
12.752379171521495,33,11,0.6409,-0.170948,4,0,1,0,1,0.022571
12.774950272267576,34,12,0.6409,0.022571,6,0,1,0,1,0.320781
13.095731095111383,35,13,0.6409,0.320781,8,0,1,0,1,0.291837
13.387568050121239,36,14,0.6409,0.291837,0,0,1,0,1,0.409077
13.79664510896095,37,15,0.6409,0.409077,2,0,1,0,1,0.91947
14.716115166509784,38,16,0.6409,0.91947,4,0,1,0,1,0.760096
15.476211354096378,39,17,0.6409,0.760096,6,0,1,0,1,0.138092
15.614303154958963,40,18,0.6409,0.138092,8,0,1,0,1,0.415482
11.670819298301385,34,12,0.2521,0.0,1,1,0,0,1,0.173006
11.84382505293217,35,13,0.2521,0.173006,3,1,0,0,1,0.134737
11.9785619484692,36,14,0.2521,0.134737,5,1,0,0,1,0.178093
12.156655031723316,37,15,0.2521,0.178093,7,1,0,0,1,0.225785
12.382439630357135,38,16,0.2521,0.225785,9,1,0,0,1,0.422518
12.80495765951354,39,17,0.2521,0.422518,11,1,0,0,1,0.642913
13.447871068090425,40,18,0.2521,0.642913,13,1,0,0,1,0.22813
13.67600102591992,41,19,0.2521,0.22813,15,1,0,0,1,-0.094275
13.581726237354749,42,20,0.2521,-0.094275,17,1,0,0,1,0.055019
13.636745494619655,43,21,0.2521,0.055019,19,1,0,0,1,0.030251
13.66699662352513,44,22,0.2521,0.030251,21,1,0,0,1,0.474054
14.141050190055406,45,23,0.2521,0.474054,0,1,0,0,1,0.296286
14.437336337202769,46,24,0.2521,0.296286,2,1,0,0,1,0.415019
14.852355765631884,47,25,0.2521,0.415019,0,1,0,0,1,0.680718
15.533073959750833,48,26,0.2521,0.680718,2,1,0,0,1,0.113458
15.646532361319682,49,27,0.2521,0.113458,4,1,0,0,1,0.238157
12.686986142743091,28,6,0.2607,0.0,1,1,0,0,0,0.052287
12.73927285182627,29,7,0.2607,0.052287,1,1,0,0,0,0.027473
12.766745504767673,30,8,0.2607,0.027473,1,1,0,0,0,0.627604
13.394349233630999,31,9,0.2607,0.627604,0,1,0,0,0,-0.068822
13.325527476411692,32,10,0.2607,-0.068822,1,1,0,0,0,0.2393
13.564827476751391,33,11,0.2607,0.2393,0,1,0,0,0,-0.015832
13.548995779242123,34,12,0.2607,-0.015832,1,1,0,0,0,0.070411
13.619407278063495,35,13,0.2607,0.070411,1,1,0,0,0,-0.14452
13.474887681253886,36,14,0.2607,-0.14452,1,1,0,0,0,-0.021748
13.453139674992292,37,15,0.2607,-0.021748,1,1,0,0,0,-0.148949
13.30419031158928,38,16,0.2607,-0.148949,1,1,0,0,0,0.106419
13.41060889905369,39,17,0.2607,0.106419,1,1,0,0,0,0.053107
13.463715763413152,40,18,0.2607,0.053107,1,1,0,0,0,-0.227467
13.236248915458583,41,19,0.2607,-0.227467,1,1,0,0,0,0.053798
13.290047192466728,42,20,0.2607,0.053798,1,1,0,0,0,0.075352
13.365399431796266,43,21,0.2607,0.075352,1,1,0,0,0,0.29927
13.725731016092505,24,2,0.8384,0.0,1,0,1,0,0,0.368991
14.094722300448923,25,3,0.8384,0.368991,3,0,1,0,0,0.015801
14.110523630696504,26,4,0.8384,0.015801,5,0,1,0,0,-0.18096
13.929563918364243,27,5,0.8384,-0.18096,7,0,1,0,0,-0.624064
13.305500179489927,28,6,0.8384,-0.624064,9,0,1,0,0,-0.241004
13.064496283726788,29,7,0.8384,-0.241004,0,0,1,0,0,-0.085239
12.979257517630275,30,8,0.8384,-0.085239,0,0,1,0,0,-0.342249
12.637008671593962,31,9,0.8384,-0.342249,2,0,1,0,0,-0.645565
11.991444039882987,32,10,0.8384,-0.645565,4,0,1,0,0,-0.989344
11.002099841204238,33,11,0.8384,-0.989344,6,0,1,0,0,0.113652
11.115751957360358,34,12,0.8384,0.113652,8,0,1,0,0,0.073388
11.189140107082222,35,13,0.8384,0.073388,10,0,1,0,0,0.728175
11.917315348058457,36,14,0.8384,0.728175,12,0,1,0,0,0.759661
12.67697680605108,37,15,0.8384,0.759661,14,0,1,0,0,0.036489
12.713465885703707,38,16,0.8384,0.036489,16,0,1,0,0,-0.295573
12.417893015683616,39,17,0.8384,-0.295573,0,0,1,0,0,0.14361
12.948635401082594,28,6,0.3581,0.0,1,1,0,0,0,0.089446
13.038081468721641,29,7,0.3581,0.089446,1,1,0,0,0,0.258581
13.296662571571892,30,8,0.3581,0.258581,1,1,0,0,0,0.3651
13.661762982835516,31,9,0.3581,0.3651,1,1,0,0,0,0.162222
13.823984737867749,32,10,0.3581,0.162222,1,1,0,0,0,0.080925
13.90490965717095,33,11,0.3581,0.080925,0,1,0,0,0,-0.056744
13.84816569002341,34,12,0.3581,-0.056744,1,1,0,0,0,-0.126687
13.72147888003622,35,13,0.3581,-0.126687,0,1,0,0,0,0.009525
13.731004146979819,36,14,0.3581,0.009525,1,1,0,0,0,0.12399
13.854994020700882,37,15,0.3581,0.12399,1,1,0,0,0,0.076081
13.931075520099313,38,16,0.3581,0.076081,1,1,0,0,0,-0.047991
13.88308410393018,39,17,0.3581,-0.047991,1,1,0,0,0,0.017308
13.90039258623836,40,18,0.3581,0.017308,1,1,0,0,0,0.030398
13.930790796862926,41,19,0.3581,0.030398,1,1,0,0,0,0.175499
14.106289307053066,42,20,0.3581,0.175499,1,1,0,0,0,0.069018
14.175307314475837,43,21,0.3581,0.069018,1,1,0,0,0,-0.114202
13.498437390543012,34,12,0.3228,0.0,1,1,0,0,0,0.108449
13.606886421460898,35,13,0.3228,0.108449,3,1,0,0,0,0.213757
13.820643916781515,36,14,0.3228,0.213757,0,1,0,0,0,0.023385
13.844028879201096,37,15,0.3228,0.023385,2,1,0,0,0,0.122629
13.96665837360004,38,16,0.3228,0.122629,0,1,0,0,0,0.120366
14.087024226865882,39,17,0.3228,0.120366,2,1,0,0,0,0.116112
14.203136120394317,40,18,0.3228,0.116112,4,1,0,0,0,0.03365
14.236786516598253,41,19,0.3228,0.03365,6,1,0,0,0,-0.023359
14.213427374113383,42,20,0.3228,-0.023359,8,1,0,0,0,0.139364
14.352790877957363,43,21,0.3228,0.139364,10,1,0,0,0,0.441344
14.794135172509336,44,22,0.3228,0.441344,12,1,0,0,0,0.273609
15.067744484902144,45,23,0.3228,0.273609,14,1,0,0,0,-0.181725
14.88601928735997,46,24,0.3228,-0.181725,16,1,0,0,0,0.148609
15.034627841718972,47,25,0.3228,0.148609,18,1,0,0,0,0.561746
15.596374325347915,48,26,0.3228,0.561746,0,1,0,0,0,0.17366
15.770034435929455,49,27,0.3228,0.17366,2,1,0,0,0,0.034264
13.618061002222303,31,9,0.047,0.0,1,1,0,0,1,0.016741
13.634801840831672,32,10,0.047,0.016741,3,1,0,0,1,0.144054
13.7788558744477,33,11,0.047,0.144054,5,1,0,0,1,-0.079656
13.699200251584836,34,12,0.047,-0.079656,7,1,0,0,1,0.112752
13.811952043011438,35,13,0.047,0.112752,9,1,0,0,1,-0.078228
13.733723859505565,36,14,0.047,-0.078228,11,1,0,0,1,0.091681
13.825404977474214,37,15,0.047,0.091681,13,1,0,0,1,0.152075
13.977480281599002,38,16,0.047,0.152075,15,1,0,0,1,0.244595
14.222075728791696,39,17,0.047,0.244595,17,1,0,0,1,0.105998
14.328073233458339,40,18,0.047,0.105998,19,1,0,0,1,-0.03692
14.291153231163442,41,19,0.047,-0.03692,21,1,0,0,1,0.127283
14.41843631843436,42,20,0.047,0.127283,23,1,0,0,1,0.21837
14.636806209491223,43,21,0.047,0.21837,25,1,0,0,1,-0.120222
14.516584399825451,44,22,0.047,-0.120222,27,1,0,0,1,-0.035952
14.480632519194511,45,23,0.047,-0.035952,29,1,0,0,1,-0.035705
14.444927053614943,46,24,0.047,-0.035705,31,1,0,0,1,0.083183
14.152560677783006,29,7,0.2491,0.0,1,1,0,0,1,0.16931
14.321870418762575,30,8,0.2491,0.16931,3,1,0,0,1,0.182219
14.504089430109069,31,9,0.2491,0.182219,5,1,0,0,1,0.070539
14.574628293366798,32,10,0.2491,0.070539,7,1,0,0,1,-0.075381
14.499246875570142,33,11,0.2491,-0.075381,9,1,0,0,1,0.165066
14.664312841212109,34,12,0.2491,0.165066,0,1,0,0,1,0.032865
14.697177381135639,35,13,0.2491,0.032865,2,1,0,0,1,-0.152184
14.544993077225406,36,14,0.2491,-0.152184,4,1,0,0,1,0.091008
14.63600128528754,37,15,0.2491,0.091008,6,1,0,0,1,-0.145341
14.490660444148165,38,16,0.2491,-0.145341,8,1,0,0,1,0.083182
14.573842321771044,39,17,0.2491,0.083182,10,1,0,0,1,0.078511
14.652353097130907,40,18,0.2491,0.078511,12,1,0,0,1,0.705962
15.358314623280535,41,19,0.2491,0.705962,0,1,0,0,1,0.338109
15.69642374620461,42,20,0.2491,0.338109,0,1,0,0,1,0.105752
15.802175998699095,43,21,0.2491,0.105752,2,1,0,0,1,0.447345
16.249521494086256,44,22,0.2491,0.447345,0,1,0,0,1,0.308145
11.002099841204238,30,8,0.1677,0.0,1,1,0,0,1,0.0
11.002099841204238,31,9,0.1677,0.0,3,1,0,0,1,0.025469
11.027568616038748,32,10,0.1677,0.025469,5,1,0,0,1,0.426965
11.45453353093737,33,11,0.1677,0.426965,0,1,0,0,1,0.182191
11.636724642383136,34,12,0.1677,0.182191,2,1,0,0,1,-0.003879
11.632846098491502,35,13,0.1677,-0.003879,4,1,0,0,1,-0.136288
11.496557782106022,36,14,0.1677,-0.136288,6,1,0,0,1,0.030881
11.527438287416295,37,15,0.1677,0.030881,8,1,0,0,1,0.860446
12.387884776225965,38,16,0.1677,0.860446,0,1,0,0,1,0.182812
12.570696654836892,39,17,0.1677,0.182812,2,1,0,0,1,0.119303
12.689999706819433,40,18,0.1677,0.119303,4,1,0,0,1,-0.031095
12.658905153854523,41,19,0.1677,-0.031095,6,1,0,0,1,-0.150774
12.50813101038695,42,20,0.1677,-0.150774,8,1,0,0,1,0.155416
12.663546854584734,43,21,0.1677,0.155416,10,1,0,0,1,0.143743
12.807289541363739,44,22,0.1677,0.143743,12,1,0,0,1,0.253603
13.060892658267727,45,23,0.1677,0.253603,14,1,0,0,1,-0.157979
11.002099841204238,25,3,0.7381,0.0,1,0,1,0,1,0.0
11.002099841204238,26,4,0.7381,0.0,0,0,1,0,1,0.0
11.002099841204238,27,5,0.7381,0.0,1,0,1,0,1,0.0
11.002099841204238,28,6,0.7381,0.0,1,0,1,0,1,0.0
11.002099841204238,29,7,0.7381,0.0,0,0,1,0,1,0.0
11.002099841204238,30,8,0.7381,0.0,1,0,1,0,1,0.026058
11.028157711086507,31,9,0.7381,0.026058,1,0,1,0,1,0.527447
11.55560518243776,32,10,0.7381,0.527447,1,0,1,0,1,0.18696
11.742565220987663,33,11,0.7381,0.18696,0,0,1,0,1,0.062746
11.805311175439783,34,12,0.7381,0.062746,1,0,1,0,1,0.188367
11.993678346709855,35,13,0.7381,0.188367,1,0,1,0,1,0.489232
12.482910619119695,36,14,0.7381,0.489232,1,0,1,0,1,0.460165
12.943075826146837,37,15,0.7381,0.460165,1,0,1,0,1,-0.225556
12.717520168870474,38,16,0.7381,-0.225556,0,0,1,0,1,-0.464914
12.25260597987341,39,17,0.7381,-0.464914,1,0,1,0,1,-0.673189
11.579417348718623,40,18,0.7381,-0.673189,1,0,1,0,1,-0.026012
12.713988169256439,33,11,0.7584,0.0,1,0,1,0,1,0.262876
12.976864107111908,34,12,0.7584,0.262876,0,0,1,0,1,0.060116
13.0369803706047,35,13,0.7584,0.060116,1,0,1,0,1,-0.278493
12.758486871588012,36,14,0.7584,-0.278493,1,0,1,0,1,-0.775025
11.983462309960009,37,15,0.7584,-0.775025,1,0,1,0,1,-0.233263
11.750199485983968,38,16,0.7584,-0.233263,1,0,1,0,1,0.205748
11.955947420605463,39,17,0.7584,0.205748,1,0,1,0,1,0.241958
12.197905176414036,40,18,0.7584,0.241958,1,0,1,0,1,-0.107296
12.090609061734042,41,19,0.7584,-0.107296,1,0,1,0,1,-0.386119
11.704490221298892,42,20,0.7584,-0.386119,0,0,1,0,1,-0.436331
11.268158772866032,43,21,0.7584,-0.436331,1,0,1,0,1,-0.090249
11.177909525896137,44,22,0.7584,-0.090249,1,0,1,0,1,-0.047997
11.129912900196022,45,23,0.7584,-0.047997,1,0,1,0,1,-0.127813
11.002099841204238,46,24,0.7584,-0.127813,1,0,1,0,1,0.0
11.002099841204238,47,25,0.7584,0.0,1,0,1,0,1,0.0
11.002099841204238,48,26,0.7584,0.0,0,0,1,0,1,0.0
13.300865312253181,32,10,0.2536,0.0,1,1,0,0,0,0.164185
13.465050166985096,33,11,0.2536,0.164185,3,1,0,0,0,0.187989
13.653039117338924,34,12,0.2536,0.187989,5,1,0,0,0,-0.022162
13.630877371646129,35,13,0.2536,-0.022162,0,1,0,0,0,0.092293
13.723170478384075,36,14,0.2536,0.092293,0,1,0,0,0,0.286434
14.009604658699718,37,15,0.2536,0.286434,2,1,0,0,0,0.166327
14.175931312988675,38,16,0.2536,0.166327,4,1,0,0,0,0.155359
14.331290650936108,39,17,0.2536,0.155359,6,1,0,0,0,0.091332
14.422622270148263,40,18,0.2536,0.091332,8,1,0,0,0,0.053856
14.476477905548226,41,19,0.2536,0.053856,0,1,0,0,0,0.067861
14.54433864215259,42,20,0.2536,0.067861,2,1,0,0,0,-0.04737
14.4969688586488,43,21,0.2536,-0.04737,4,1,0,0,0,-0.074415
14.422553685976748,44,22,0.2536,-0.074415,6,1,0,0,0,-0.142742
14.279811267166151,45,23,0.2536,-0.142742,8,1,0,0,0,-0.146823
14.132988608703931,46,24,0.2536,-0.146823,10,1,0,0,0,-0.118422
14.014566263710536,47,25,0.2536,-0.118422,12,1,0,0,0,0.096193
11.002099841204238,27,5,0.7536,0.0,1,0,0,1,0,1.216225
12.218324739333498,28,6,0.7536,1.216225,0,0,0,1,0,0.795128
13.013452614370854,29,7,0.7536,0.795128,2,0,0,1,0,-0.482185
12.531267376543568,30,8,0.7536,-0.482185,4,0,0,1,0,-0.134194
12.397072968185395,31,9,0.7536,-0.134194,6,0,0,1,0,0.106936
12.504009207160685,32,10,0.7536,0.106936,0,0,0,1,0,-0.088658
12.415351336434826,33,11,0.7536,-0.088658,0,0,0,1,0,0.505225
12.92057633320516,34,12,0.7536,0.505225,2,0,0,1,0,0.837965
13.75854158797762,35,13,0.7536,0.837965,4,0,0,1,0,-0.020725
13.737816165001568,36,14,0.7536,-0.020725,6,0,0,1,0,0.297982
14.035798421621358,37,15,0.7536,0.297982,8,0,0,1,0,-0.248935
13.78686366273508,38,16,0.7536,-0.248935,0,0,0,1,0,-0.252438
13.534425699379696,39,17,0.7536,-0.252438,2,0,0,1,0,-0.150767
13.383659046059819,40,18,0.7536,-0.150767,4,0,0,1,0,0.824732
14.208391186813358,41,19,0.7536,0.824732,6,0,0,1,0,-0.13526
14.07313129596151,42,20,0.7536,-0.13526,8,0,0,1,0,-0.256461
12.575851859984363,29,7,0.691,0.0,1,0,1,0,1,-0.029071
12.546781336131042,30,8,0.691,-0.029071,1,0,1,0,1,0.510104
13.056885145701864,31,9,0.691,0.510104,0,0,1,0,1,0.19523
13.252115396511053,32,10,0.691,0.19523,1,0,1,0,1,-0.170686
13.081429685942283,33,11,0.691,-0.170686,0,0,1,0,1,-0.721154
12.36027588475476,34,12,0.691,-0.721154,1,0,1,0,1,-0.317663
12.042613087783796,35,13,0.691,-0.317663,1,0,1,0,1,0.358696
12.401308894934402,36,14,0.691,0.358696,0,0,1,0,1,0.813002
13.214310681172137,37,15,0.691,0.813002,1,0,1,0,1,0.276371
13.490681717022952,38,16,0.691,0.276371,1,0,1,0,1,0.326383
13.817064234628242,39,17,0.691,0.326383,1,0,1,0,1,0.031906
13.848970089730784,40,18,0.691,0.031906,1,0,1,0,1,-0.461929
13.387041499031382,41,19,0.691,-0.461929,0,0,1,0,1,-0.291156
13.095885445626863,42,20,0.691,-0.291156,1,0,1,0,1,0.504203
13.600088696334893,43,21,0.691,0.504203,1,0,1,0,1,0.269998
13.870086197868329,44,22,0.691,0.269998,1,0,1,0,1,0.116568
11.143969205336525,24,2,0.2515,0.0,1,1,0,0,1,0.100717
11.244686390069816,25,3,0.2515,0.100717,3,1,0,0,1,0.267839
11.512525862168888,26,4,0.2515,0.267839,5,1,0,0,1,0.067498
11.580023605199095,27,5,0.2515,0.067498,7,1,0,0,1,0.065929
11.645952598514716,28,6,0.2515,0.065929,9,1,0,0,1,0.185066
11.83101869939973,29,7,0.2515,0.185066,11,1,0,0,1,0.239257
12.070276127568599,30,8,0.2515,0.239257,13,1,0,0,1,0.128834
12.19910966782133,31,9,0.2515,0.128834,15,1,0,0,1,0.050375
12.249484800469727,32,10,0.2515,0.050375,17,1,0,0,1,-0.08934
12.160144746339824,33,11,0.2515,-0.08934,0,1,0,0,1,0.227662
12.387806750603046,34,12,0.2515,0.227662,2,1,0,0,1,0.399116
12.786923200630717,35,13,0.2515,0.399116,4,1,0,0,1,0.065966
12.852888845036286,36,14,0.2515,0.065966,6,1,0,0,1,0.082738
12.935627024183875,37,15,0.2515,0.082738,8,1,0,0,1,0.032911
12.968538430518752,38,16,0.2515,0.032911,10,1,0,0,1,0.153125
13.121663191473598,39,17,0.2515,0.153125,12,1,0,0,1,0.247899
14.877735858526004,31,9,0.2332,0.0,1,1,0,0,0,-0.156889
14.720847110392318,32,10,0.2332,-0.156889,3,1,0,0,0,-0.009957
14.710890191249144,33,11,0.2332,-0.009957,5,1,0,0,0,-0.169573
14.541317432106368,34,12,0.2332,-0.169573,7,1,0,0,0,-0.366901
14.174416541513358,35,13,0.2332,-0.366901,0,1,0,0,0,-0.261562
13.91285445824926,36,14,0.2332,-0.261562,2,1,0,0,0,-0.185164
13.727690448666664,37,15,0.2332,-0.185164,4,1,0,0,0,-0.021125
13.706565644493276,38,16,0.2332,-0.021125,6,1,0,0,0,-0.054742
13.651823934832114,39,17,0.2332,-0.054742,0,1,0,0,0,0.012653
13.664477400351629,40,18,0.2332,0.012653,2,1,0,0,0,-0.43612
13.22835748285888,41,19,0.2332,-0.43612,0,1,0,0,0,0.343786
13.572143518415436,42,20,0.2332,0.343786,0,1,0,0,0,-0.020641
13.551502174171347,43,21,0.2332,-0.020641,2,1,0,0,0,0.062609
13.614110912758985,44,22,0.2332,0.062609,4,1,0,0,0,-0.001002
13.613109359516192,45,23,0.2332,-0.001002,6,1,0,0,0,-0.052805
13.560304569612796,46,24,0.2332,-0.052805,8,1,0,0,0,-0.002757
11.309815753153133,32,10,0.287,0.0,1,1,0,0,0,0.118066
11.427881548630738,33,11,0.287,0.118066,3,1,0,0,0,0.201537
11.62941827825524,34,12,0.287,0.201537,0,1,0,0,0,0.025909
11.655327517885965,35,13,0.287,0.025909,2,1,0,0,0,-0.072537
11.582790131123431,36,14,0.287,-0.072537,4,1,0,0,0,-0.003491
11.579299411252178,37,15,0.287,-0.003491,6,1,0,0,0,0.254536
11.833835252138055,38,16,0.287,0.254536,8,1,0,0,0,0.208297
12.04213212662631,39,17,0.287,0.208297,10,1,0,0,0,0.03325
12.075381983071342,40,18,0.287,0.03325,12,1,0,0,0,0.097653
12.17303537931796,41,19,0.287,0.097653,14,1,0,0,0,0.253614
12.426649819232658,42,20,0.287,0.253614,16,1,0,0,0,-0.01119
12.41545960600939,43,21,0.287,-0.01119,18,1,0,0,0,-0.199448
12.216011479679304,44,22,0.287,-0.199448,20,1,0,0,0,0.113406
12.329417919780042,45,23,0.287,0.113406,22,1,0,0,0,0.154448
12.483865794591845,46,24,0.287,0.154448,24,1,0,0,0,-0.12143
12.362435499205684,47,25,0.287,-0.12143,26,1,0,0,0,-0.067562
13.689804916155325,33,11,0.18,0.0,1,1,0,0,1,0.223057
13.91286226621692,34,12,0.18,0.223057,3,1,0,0,1,0.007126
13.919987939843102,35,13,0.18,0.007126,5,1,0,0,1,-0.197863
13.722124663277969,36,14,0.18,-0.197863,7,1,0,0,1,-0.090718
13.631406372348273,37,15,0.18,-0.090718,9,1,0,0,1,-0.084191
13.547215365919763,38,16,0.18,-0.084191,11,1,0,0,1,0.010993
13.558208800346259,39,17,0.18,0.010993,13,1,0,0,1,-0.055132
13.503077002241556,40,18,0.18,-0.055132,15,1,0,0,1,-0.074492
13.428584690091627,41,19,0.18,-0.074492,17,1,0,0,1,0.022563
13.451147775059235,42,20,0.18,0.022563,19,1,0,0,1,0.227464
13.678611762934372,43,21,0.18,0.227464,21,1,0,0,1,-0.007307
13.671304619549746,44,22,0.18,-0.007307,23,1,0,0,1,0.237138
13.908442688972375,45,23,0.18,0.237138,25,1,0,0,1,-0.059311
13.849131583330982,46,24,0.18,-0.059311,27,1,0,0,1,0.009538
13.858669876325267,47,25,0.18,0.009538,29,1,0,0,1,-0.12229
13.736379555312903,48,26,0.18,-0.12229,31,1,0,0,1,-0.093333
11.002099841204238,29,7,0.2449,0.0,1,1,0,0,0,0.0
11.002099841204238,30,8,0.2449,0.0,3,1,0,0,0,0.0
11.002099841204238,31,9,0.2449,0.0,5,1,0,0,0,0.0
11.002099841204238,32,10,0.2449,0.0,7,1,0,0,0,0.0
11.002099841204238,33,11,0.2449,0.0,9,1,0,0,0,0.0
11.002099841204238,34,12,0.2449,0.0,11,1,0,0,0,0.0
11.002099841204238,35,13,0.2449,0.0,13,1,0,0,0,0.0
11.002099841204238,36,14,0.2449,0.0,15,1,0,0,0,0.0
11.002099841204238,37,15,0.2449,0.0,17,1,0,0,0,0.030469
11.03256840568327,38,16,0.2449,0.030469,19,1,0,0,0,0.198615
11.231183804399842,39,17,0.2449,0.198615,21,1,0,0,0,0.180132
11.41131600777454,40,18,0.2449,0.180132,23,1,0,0,0,0.060607
11.471922826156526,41,19,0.2449,0.060607,25,1,0,0,0,0.108429
11.580352178169994,42,20,0.2449,0.108429,27,1,0,0,0,0.032182
11.612533992617138,43,21,0.2449,0.032182,29,1,0,0,0,0.187547
11.80008063223655,44,22,0.2449,0.187547,0,1,0,0,0,-0.221206
13.588382851601972,27,5,1.0,0.0,1,0,1,0,0,-0.115954
13.472429147110272,28,6,1.0,-0.115954,3,0,1,0,0,-0.242271
13.230158485894425,29,7,1.0,-0.242271,5,0,1,0,0,-0.649462
12.580696115343345,30,8,1.0,-0.649462,7,0,1,0,0,0.167496
12.748192176886237,31,9,1.0,0.167496,9,0,1,0,0,0.454075
13.20226705754718,32,10,1.0,0.454075,11,0,1,0,0,-0.067486
13.13478084069194,33,11,1.0,-0.067486,13,0,1,0,0,0.134235
13.269015879253493,34,12,1.0,0.134235,15,0,1,0,0,-0.473174
12.795841667404918,35,13,1.0,-0.473174,17,0,1,0,0,-0.533776
12.262065728284098,36,14,1.0,-0.533776,19,0,1,0,0,-0.145029
12.117036858297084,37,15,1.0,-0.145029,21,0,1,0,0,-0.871932
11.24510463376789,38,16,1.0,-0.871932,23,0,1,0,0,0.479741
11.724845189927866,39,17,1.0,0.479741,25,0,1,0,0,0.565515
12.29035984157888,40,18,1.0,0.565515,27,0,1,0,0,0.262761
12.553120852588147,41,19,1.0,0.262761,29,0,1,0,0,-0.388629
12.164492105343806,42,20,1.0,-0.388629,31,0,1,0,0,0.05325
13.110197250975748,22,0,0.0,0.0,1,1,0,0,1,-0.039123
13.071074629909313,23,1,0.0,-0.039123,3,1,0,0,1,0.057237
13.128311649901175,24,2,0.0,0.057237,5,1,0,0,1,-0.038732
13.08957985757036,25,3,0.0,-0.038732,7,1,0,0,1,0.126775
13.216355051909298,26,4,0.0,0.126775,9,1,0,0,1,-0.186249
13.030105777907856,27,5,0.0,-0.186249,11,1,0,0,1,0.203955
13.234060329275977,28,6,0.0,0.203955,13,1,0,0,1,0.241005
13.47506522279383,29,7,0.0,0.241005,15,1,0,0,1,0.21709
13.692155171717026,30,8,0.0,0.21709,17,1,0,0,1,0.313682
14.005837085557287,31,9,0.0,0.313682,19,1,0,0,1,0.264257
14.270094442470125,32,10,0.0,0.264257,21,1,0,0,1,0.176592
14.446686283909582,33,11,0.0,0.176592,23,1,0,0,1,0.295263
14.741949384548438,34,12,0.0,0.295263,25,1,0,0,1,0.169954
14.91190369610417,35,13,0.0,0.169954,27,1,0,0,1,0.214147
15.12605050282821,36,14,0.0,0.214147,29,1,0,0,1,0.074146
15.200196586814954,37,15,0.0,0.074146,31,1,0,0,1,0.159077
12.611602850405,34,12,0.2497,0.0,1,1,0,0,1,0.232674
12.844277123514889,35,13,0.2497,0.232674,1,1,0,0,1,-0.041401
12.802875798164312,36,14,0.2497,-0.041401,0,1,0,0,1,0.030984
12.833859564192988,37,15,0.2497,0.030984,1,1,0,0,1,0.105888
12.939747907891716,38,16,0.2497,0.105888,1,1,0,0,1,0.13734
13.077088160657368,39,17,0.2497,0.13734,1,1,0,0,1,0.153758
13.230845915923497,40,18,0.2497,0.153758,1,1,0,0,1,0.240843
13.471688617179069,41,19,0.2497,0.240843,1,1,0,0,1,-0.148289
13.323399637884998,42,20,0.2497,-0.148289,1,1,0,0,1,0.235411
13.558810164601207,43,21,0.2497,0.235411,0,1,0,0,1,-0.031842
13.52696864128429,44,22,0.2497,-0.031842,1,1,0,0,1,0.012053
13.539021147082806,45,23,0.2497,0.012053,1,1,0,0,1,-0.007017
13.532004031928217,46,24,0.2497,-0.007017,1,1,0,0,1,0.117659
13.649663006292345,47,25,0.2497,0.117659,1,1,0,0,1,-0.246765
13.402897614161038,48,26,0.2497,-0.246765,1,1,0,0,1,-0.004091
13.39880638236331,49,27,0.2497,-0.004091,1,1,0,0,1,0.245184
15.118217465276315,33,11,0.1398,0.0,1,1,0,0,0,-0.18571
14.93250701049219,34,12,0.1398,-0.18571,1,1,0,0,0,0.175948
15.108454563717665,35,13,0.1398,0.175948,1,1,0,0,0,0.007933
15.116387542190235,36,14,0.1398,0.007933,1,1,0,0,0,-0.100994
15.015393452366693,37,15,0.1398,-0.100994,1,1,0,0,0,-0.147741
14.867652679562287,38,16,0.1398,-0.147741,1,1,0,0,0,0.107028
14.974680836512325,39,17,0.1398,0.107028,0,1,0,0,0,-0.020326
14.954355082489071,40,18,0.1398,-0.020326,1,1,0,0,0,0.041767
14.996121866444216,41,19,0.1398,0.041767,1,1,0,0,0,0.360583
15.356704436442165,42,20,0.1398,0.360583,1,1,0,0,0,-0.017417
15.33928713642755,43,21,0.1398,-0.017417,1,1,0,0,0,0.092378
15.4316650917938,44,22,0.1398,0.092378,1,1,0,0,0,0.215744
15.647408703643325,45,23,0.1398,0.215744,0,1,0,0,0,0.019148
15.666556943406855,46,24,0.1398,0.019148,1,1,0,0,0,0.189098
15.85565476616283,47,25,0.1398,0.189098,1,1,0,0,0,0.065036
15.920690965570616,48,26,0.1398,0.065036,1,1,0,0,0,0.332055
13.55594602099103,34,12,0.1746,0.0,1,1,0,0,0,0.081449
13.637395312177249,35,13,0.1746,0.081449,3,1,0,0,0,0.150943
13.788338359509504,36,14,0.1746,0.150943,5,1,0,0,0,0.051687
13.840025809750731,37,15,0.1746,0.051687,7,1,0,0,0,0.023657
13.863683245314522,38,16,0.1746,0.023657,9,1,0,0,0,-0.215012
13.648671178447861,39,17,0.1746,-0.215012,11,1,0,0,0,-0.005604
13.643066926807188,40,18,0.1746,-0.005604,13,1,0,0,0,0.11034
13.75340658940547,41,19,0.1746,0.11034,15,1,0,0,0,-0.003276
13.75013029851799,42,20,0.1746,-0.003276,17,1,0,0,0,-0.05105
13.699080695971366,43,21,0.1746,-0.05105,19,1,0,0,0,0.175769
13.874849344694267,44,22,0.1746,0.175769,21,1,0,0,0,0.208895
14.08374413255065,45,23,0.1746,0.208895,23,1,0,0,0,-0.053361
14.030383579683983,46,24,0.1746,-0.053361,25,1,0,0,0,-0.139156
13.8912278949801,47,25,0.1746,-0.139156,27,1,0,0,0,-0.207309
13.683919258245304,48,26,0.1746,-0.207309,29,1,0,0,0,-0.049324
13.634595115256218,49,27,0.1746,-0.049324,31,1,0,0,0,-0.112152
11.002099841204238,28,6,0.722,0.0,1,0,0,1,0,0.0
11.002099841204238,29,7,0.722,0.0,3,0,0,1,0,0.0
11.002099841204238,30,8,0.722,0.0,5,0,0,1,0,0.0
11.002099841204238,31,9,0.722,0.0,7,0,0,1,0,0.0
11.002099841204238,32,10,0.722,0.0,9,0,0,1,0,0.068024
11.070124317318255,33,11,0.722,0.068024,11,0,0,1,0,0.390529
11.46065294761739,34,12,0.722,0.390529,13,0,0,1,0,0.291584
11.75223645035695,35,13,0.722,0.291584,0,0,0,1,0,-0.063099
11.689137526050189,36,14,0.722,-0.063099,2,0,0,1,0,-0.144192
11.544945372678422,37,15,0.722,-0.144192,4,0,0,1,0,-0.391585
11.15336003792964,38,16,0.722,-0.391585,6,0,0,1,0,-0.15126
11.002099841204238,39,17,0.722,-0.15126,8,0,0,1,0,0.0
11.002099841204238,40,18,0.722,0.0,10,0,0,1,0,0.0
11.002099841204238,41,19,0.722,0.0,12,0,0,1,0,0.0
11.002099841204238,42,20,0.722,0.0,14,0,0,1,0,0.0
11.002099841204238,43,21,0.722,0.0,16,0,0,1,0,0.0
12.710500032334709,30,8,0.1073,0.0,1,1,0,0,0,0.023589
12.73408908732616,31,9,0.1073,0.023589,3,1,0,0,0,0.241488
12.975577230850575,32,10,0.1073,0.241488,5,1,0,0,0,0.062213
13.037790141915455,33,11,0.1073,0.062213,7,1,0,0,0,-0.126584
12.911205791347392,34,12,0.1073,-0.126584,9,1,0,0,0,0.254878
13.166084038701664,35,13,0.1073,0.254878,11,1,0,0,0,0.036838
13.202922103433043,36,14,0.1073,0.036838,13,1,0,0,0,0.194254
13.397175636043444,37,15,0.1073,0.194254,15,1,0,0,0,-0.135133
13.262042873111175,38,16,0.1073,-0.135133,17,1,0,0,0,0.073733
13.335775957660253,39,17,0.1073,0.073733,0,1,0,0,0,0.017027
13.35280301957848,40,18,0.1073,0.017027,2,1,0,0,0,-0.063031
13.28977154425493,41,19,0.1073,-0.063031,4,1,0,0,0,0.10897
13.398741800313674,42,20,0.1073,0.10897,6,1,0,0,0,0.168712
13.567453420039785,43,21,0.1073,0.168712,8,1,0,0,0,0.604981
14.172434541942254,44,22,0.1073,0.604981,0,1,0,0,0,0.106037
14.278471084799701,45,23,0.1073,0.106037,2,1,0,0,0,0.125193
11.002099841204238,22,0,0.728,0.0,1,0,0,1,1,0.141327
11.143427002041266,23,1,0.728,0.141327,0,0,0,1,1,0.408554
11.551980511163599,24,2,0.728,0.408554,2,0,0,1,1,-0.075158
11.476822867733592,25,3,0.728,-0.075158,4,0,0,1,1,-0.474723
11.002099841204238,26,4,0.728,-0.474723,6,0,0,1,1,0.520541
11.522640609862355,27,5,0.728,0.520541,8,0,0,1,1,0.855178
12.377818479798592,28,6,0.728,0.855178,10,0,0,1,1,0.165501
12.54331919318707,29,7,0.728,0.165501,12,0,0,1,1,0.917538
13.460856837726652,30,8,0.728,0.917538,0,0,0,1,1,-0.427716
13.033140825319883,31,9,0.728,-0.427716,2,0,0,1,1,0.195535
13.228675659534272,32,10,0.728,0.195535,4,0,0,1,1,0.445291
13.67396634064922,33,11,0.728,0.445291,6,0,0,1,1,0.512933
14.186899458070602,34,12,0.728,0.512933,8,0,0,1,1,-0.308887
13.878012858563409,35,13,0.728,-0.308887,10,0,0,1,1,-0.006284
13.871729044300237,36,14,0.728,-0.006284,0,0,0,1,1,-0.211954
13.659775210645634,37,15,0.728,-0.211954,0,0,0,1,1,-0.172108
11.212501452430889,33,11,0.3656,0.0,1,1,0,0,0,0.395825
11.608326325136193,34,12,0.3656,0.395825,0,1,0,0,0,-0.044199
11.564127782186564,35,13,0.3656,-0.044199,2,1,0,0,0,0.161288
11.72541605744486,36,14,0.3656,0.161288,0,1,0,0,0,0.15343
11.878846232553023,37,15,0.3656,0.15343,2,1,0,0,0,0.169127
12.047972831479294,38,16,0.3656,0.169127,4,1,0,0,0,0.1633
12.211272873630744,39,17,0.3656,0.1633,6,1,0,0,0,0.076723
12.287995984703766,40,18,0.3656,0.076723,0,1,0,0,0,-0.163701
12.124295257547058,41,19,0.3656,-0.163701,2,1,0,0,0,0.014172
12.138467624587985,42,20,0.3656,0.014172,4,1,0,0,0,0.111282
12.249749958495068,43,21,0.3656,0.111282,6,1,0,0,0,-0.044157
12.205593179360045,44,22,0.3656,-0.044157,8,1,0,0,0,0.005036
12.210629545134204,45,23,0.3656,0.005036,10,1,0,0,0,-0.153175
12.057454977277562,46,24,0.3656,-0.153175,12,1,0,0,0,0.072064
12.129519169926533,47,25,0.3656,0.072064,14,1,0,0,0,0.110416
12.239935451163435,48,26,0.3656,0.110416,16,1,0,0,0,0.140756
13.584500366929037,22,0,0.2944,0.0,1,1,0,0,0,0.322925
13.9074254664831,23,1,0.2944,0.322925,0,1,0,0,0,0.720664
14.62808948682242,24,2,0.2944,0.720664,0,1,0,0,0,0.23224
14.860329515053722,25,3,0.2944,0.23224,1,1,0,0,0,0.168398
15.028727542479334,26,4,0.2944,0.168398,1,1,0,0,0,0.362403
15.391130916405874,27,5,0.2944,0.362403,0,1,0,0,0,0.048309
15.439440231487245,28,6,0.2944,0.048309,1,1,0,0,0,0.020959
15.460399685943777,29,7,0.2944,0.020959,1,1,0,0,0,-0.155094
15.305305660372486,30,8,0.2944,-0.155094,1,1,0,0,0,-0.024661
15.28064461533661,31,9,0.2944,-0.024661,1,1,0,0,0,-0.300013
14.980631898262127,32,10,0.2944,-0.300013,1,1,0,0,0,-0.195083
14.78554885882956,33,11,0.2944,-0.195083,1,1,0,0,0,-0.114454
14.67109458287417,34,12,0.2944,-0.114454,1,1,0,0,0,0.147692
14.81878624638125,35,13,0.2944,0.147692,1,1,0,0,0,0.300043
15.118829151079902,36,14,0.2944,0.300043,1,1,0,0,0,-0.047238
15.071591211531045,37,15,0.2944,-0.047238,1,1,0,0,0,0.439928
13.035238340332022,31,9,0.4798,0.0,1,1,0,0,0,-0.237769
12.797469419164312,32,10,0.4798,-0.237769,3,1,0,0,0,0.107906
12.905375396439416,33,11,0.4798,0.107906,5,1,0,0,0,0.08948
12.994855440393826,34,12,0.4798,0.08948,7,1,0,0,0,0.195928
13.190783544661395,35,13,0.4798,0.195928,9,1,0,0,0,0.389826
13.580609259422465,36,14,0.4798,0.389826,11,1,0,0,0,0.580701
14.161310721494033,37,15,0.4798,0.580701,0,1,0,0,0,-0.016269
14.14504143052833,38,16,0.4798,-0.016269,2,1,0,0,0,-0.360782
13.784259054247295,39,17,0.4798,-0.360782,0,1,0,0,0,-0.240767
13.54349193175992,40,18,0.4798,-0.240767,2,1,0,0,0,-0.124691
13.41880126457555,41,19,0.4798,-0.124691,4,1,0,0,0,0.09032
13.509121282881072,42,20,0.4798,0.09032,6,1,0,0,0,0.272043
13.781164671597816,43,21,0.4798,0.272043,0,1,0,0,0,0.17409
13.955254372381871,44,22,0.4798,0.17409,2,1,0,0,0,0.643417
14.598671769489895,45,23,0.4798,0.643417,4,1,0,0,0,0.390909
14.989580414946467,46,24,0.4798,0.390909,6,1,0,0,0,0.089693
15.838616704167418,33,11,0.964,0.0,1,0,1,0,1,-0.046272
15.792344371859619,34,12,0.964,-0.046272,3,0,1,0,1,0.30957
16.10191466778807,35,13,0.964,0.30957,5,0,1,0,1,-0.649222
15.452692659055407,36,14,0.964,-0.649222,0,0,1,0,1,-0.462101
14.99059191573783,37,15,0.964,-0.462101,2,0,1,0,1,-0.308732
14.681859443537844,38,16,0.964,-0.308732,4,0,1,0,1,0.360086
15.041945768626967,39,17,0.964,0.360086,6,0,1,0,1,-0.752035
14.289911016113216,40,18,0.964,-0.752035,8,0,1,0,1,-0.115856
14.174055477832896,41,19,0.964,-0.115856,10,0,1,0,1,0.326543
14.500598134050753,42,20,0.964,0.326543,12,0,1,0,1,0.072273
14.572870732846734,43,21,0.964,0.072273,14,0,1,0,1,-0.113049
14.459821662619133,44,22,0.964,-0.113049,16,0,1,0,1,0.333938
14.793759249565447,45,23,0.964,0.333938,18,0,1,0,1,-0.440558
14.35320088992112,46,24,0.964,-0.440558,20,0,1,0,1,0.792619
15.145819673198869,47,25,0.964,0.792619,22,0,1,0,1,-0.267738
14.878081321206281,48,26,0.964,-0.267738,24,0,1,0,1,-0.306583
11.293067822401317,29,7,0.7713,0.0,1,0,1,0,1,-0.166117
11.126950453867046,30,8,0.7713,-0.166117,1,0,1,0,1,0.242089
11.369039816834572,31,9,0.7713,0.242089,1,0,1,0,1,0.937616
12.306655646504915,32,10,0.7713,0.937616,1,0,1,0,1,1.098483
13.405138375643546,33,11,0.7713,1.098483,1,0,1,0,1,0.009659
13.414797181066094,34,12,0.7713,0.009659,1,0,1,0,1,-0.151548
13.263248816098987,35,13,0.7713,-0.151548,1,0,1,0,1,0.30389
13.567138430450722,36,14,0.7713,0.30389,0,0,1,0,1,0.170247
13.737385083357799,37,15,0.7713,0.170247,1,0,1,0,1,0.918629
14.656014527665008,38,16,0.7713,0.918629,0,0,1,0,1,0.417522
15.073536150545392,39,17,0.7713,0.417522,1,0,1,0,1,-0.119205
14.954330716954443,40,18,0.7713,-0.119205,1,0,1,0,1,-0.230567
14.723763524131268,41,19,0.7713,-0.230567,1,0,1,0,1,0.486463
15.210226616444066,42,20,0.7713,0.486463,0,0,1,0,1,0.431781
15.642007249067404,43,21,0.7713,0.431781,1,0,1,0,1,-0.040798
15.601209372898452,44,22,0.7713,-0.040798,1,0,1,0,1,0.046359
11.045742585932615,22,0,0.614,0.0,1,0,1,0,1,0.454519
11.500261640481583,23,1,0.614,0.454519,3,0,1,0,1,0.789206
12.289467863154645,24,2,0.614,0.789206,5,0,1,0,1,0.893402
13.182869715439615,25,3,0.614,0.893402,7,0,1,0,1,0.270821
13.453690765318209,26,4,0.614,0.270821,0,0,1,0,1,0.240686
13.6943767578419,27,5,0.614,0.240686,2,0,1,0,1,-0.001796
13.692581154199225,28,6,0.614,-0.001796,4,0,1,0,1,0.788862
14.48144275561039,29,7,0.614,0.788862,0,0,1,0,1,0.454949
14.936391874239607,30,8,0.614,0.454949,0,0,1,0,1,0.506521
15.442913140597186,31,9,0.614,0.506521,2,0,1,0,1,-0.033705
15.40920845391076,32,10,0.614,-0.033705,4,0,1,0,1,-0.352491
15.056717561735383,33,11,0.614,-0.352491,6,0,1,0,1,-0.018896
15.037821643687748,34,12,0.614,-0.018896,0,0,1,0,1,-0.241047
14.796774628023439,35,13,0.614,-0.241047,2,0,1,0,1,-0.086193
14.710581355508213,36,14,0.614,-0.086193,4,0,1,0,1,-0.444545
14.266036756554481,37,15,0.614,-0.444545,0,0,1,0,1,0.170043
15.121135996784863,22,0,0.8635,0.0,1,0,0,1,1,0.047126
15.168261747161981,23,1,0.8635,0.047126,0,0,0,1,1,-0.349495
14.818766411044708,24,2,0.8635,-0.349495,2,0,0,1,1,-0.266588
14.552178766535187,25,3,0.8635,-0.266588,4,0,0,1,1,-0.460551
14.091627969101655,26,4,0.8635,-0.460551,6,0,0,1,1,0.598308
14.68993636705509,27,5,0.8635,0.598308,8,0,0,1,1,0.208023
14.897959478625024,28,6,0.8635,0.208023,10,0,0,1,1,-0.559339
14.338620813456933,29,7,0.8635,-0.559339,12,0,0,1,1,-0.721406
13.617214911229045,30,8,0.8635,-0.721406,14,0,0,1,1,0.597214
14.214428772132097,31,9,0.8635,0.597214,16,0,0,1,1,-0.329213
13.885216267170984,32,10,0.8635,-0.329213,18,0,0,1,1,-0.544092
13.341123857956513,33,11,0.8635,-0.544092,0,0,0,1,1,0.022291
13.363414561072638,34,12,0.8635,0.022291,0,0,0,1,1,0.97271
14.336124251920003,35,13,0.8635,0.97271,2,0,0,1,1,0.619125
14.955249005487033,36,14,0.8635,0.619125,4,0,0,1,1,0.595926
15.55117518387158,37,15,0.8635,0.595926,6,0,0,1,1,0.118586
12.793789223917422,26,4,0.444,0.0,1,1,0,0,0,0.161832
12.955620934272668,27,5,0.444,0.161832,3,1,0,0,0,0.152096
13.107717380539361,28,6,0.444,0.152096,5,1,0,0,0,0.126808
13.234525143368135,29,7,0.444,0.126808,7,1,0,0,0,-0.177015
13.057510015693028,30,8,0.444,-0.177015,9,1,0,0,0,0.090068
13.147577533798792,31,9,0.444,0.090068,11,1,0,0,0,-0.119952
13.02762539173252,32,10,0.444,-0.119952,0,1,0,0,0,0.34025
13.367874913269379,33,11,0.444,0.34025,0,1,0,0,0,0.154817
13.522692139492369,34,12,0.444,0.154817,0,1,0,0,0,-0.075184
13.447507764473064,35,13,0.444,-0.075184,2,1,0,0,0,0.130816
13.578323968621806,36,14,0.444,0.130816,4,1,0,0,0,0.535434
14.1137581756929,37,15,0.444,0.535434,6,1,0,0,0,0.31254
14.426297887116418,38,16,0.444,0.31254,8,1,0,0,0,0.356814
14.783111610419867,39,17,0.444,0.356814,0,1,0,0,0,0.182584
14.965695511532227,40,18,0.444,0.182584,2,1,0,0,0,0.420335
15.386030279822037,41,19,0.444,0.420335,4,1,0,0,0,0.358186
15.796942493319525,22,0,0.6911,0.0,1,0,1,0,0,0.263482
16.060424351657314,23,1,0.6911,0.263482,3,0,1,0,0,-0.600531
15.459893096843931,24,2,0.6911,-0.600531,5,0,1,0,0,-0.378215
15.081678576124306,25,3,0.6911,-0.378215,7,0,1,0,0,0.122462
15.20414095450114,26,4,0.6911,0.122462,9,0,1,0,0,0.255278
15.459419275471085,27,5,0.6911,0.255278,11,0,1,0,0,0.004014
15.463433653797985,28,6,0.6911,0.004014,0,0,1,0,0,-0.324333
15.139100338901406,29,7,0.6911,-0.324333,2,0,1,0,0,-0.064746
15.074354216771185,30,8,0.6911,-0.064746,4,0,1,0,0,0.185477
15.259831608051003,31,9,0.6911,0.185477,6,0,1,0,0,-0.203287
15.056544413883769,32,10,0.6911,-0.203287,8,0,1,0,0,0.294006
15.350550752798135,33,11,0.6911,0.294006,10,0,1,0,0,0.24085
15.59140051692624,34,12,0.6911,0.24085,12,0,1,0,0,0.680928
16.27232867757396,35,13,0.6911,0.680928,14,0,1,0,0,0.145631
16.417959719056665,36,14,0.6911,0.145631,16,0,1,0,0,0.321667
16.73962697006816,37,15,0.6911,0.321667,18,0,1,0,0,1.386774
13.460338909043626,28,6,0.173,0.0,1,1,0,0,1,0.054624
13.514963384443028,29,7,0.173,0.054624,1,1,0,0,1,0.253863
13.768825992012202,30,8,0.173,0.253863,1,1,0,0,1,0.039237
13.808063401881364,31,9,0.173,0.039237,1,1,0,0,1,-0.027557
13.780506182621686,32,10,0.173,-0.027557,1,1,0,0,1,-0.001387
13.779118777490861,33,11,0.173,-0.001387,0,1,0,0,1,0.294818
14.07393660325203,34,12,0.173,0.294818,1,1,0,0,1,0.171363
14.245299416554495,35,13,0.173,0.171363,1,1,0,0,1,0.095149
14.340448308667401,36,14,0.173,0.095149,1,1,0,0,1,0.296368
14.636816635916063,37,15,0.173,0.296368,0,1,0,0,1,0.103111
14.73992723676849,38,16,0.173,0.103111,1,1,0,0,1,0.046995
14.78692197426908,39,17,0.173,0.046995,1,1,0,0,1,0.522778
15.30970035325991,40,18,0.173,0.522778,0,1,0,0,1,-0.059846
15.249854441143244,41,19,0.173,-0.059846,1,1,0,0,1,-0.110417
15.139437616661217,42,20,0.173,-0.110417,1,1,0,0,1,0.277815
15.41725286875889,43,21,0.173,0.277815,1,1,0,0,1,0.818036
13.806867200964964,32,10,0.0094,0.0,1,1,0,0,0,0.193657
14.00052408862146,33,11,0.0094,0.193657,3,1,0,0,0,-0.107677
13.892847265361164,34,12,0.0094,-0.107677,5,1,0,0,0,0.274061
14.166908680728906,35,13,0.0094,0.274061,7,1,0,0,0,0.055644
14.222552411682917,36,14,0.0094,0.055644,9,1,0,0,0,0.021014
14.243566505830755,37,15,0.0094,0.021014,11,1,0,0,0,-0.129145
14.1144212266023,38,16,0.0094,-0.129145,13,1,0,0,0,0.044249
14.158670084484749,39,17,0.0094,0.044249,15,1,0,0,0,0.004484
14.163154194107825,40,18,0.0094,0.004484,0,1,0,0,0,-0.06682
14.096333755605023,41,19,0.0094,-0.06682,2,1,0,0,0,0.153815
14.250148882315218,42,20,0.0094,0.153815,4,1,0,0,0,0.631743
14.881891692310768,43,21,0.0094,0.631743,0,1,0,0,0,0.01489
14.89678188622644,44,22,0.0094,0.01489,2,1,0,0,0,0.400489
15.297270563293724,45,23,0.0094,0.400489,0,1,0,0,0,0.376405
15.673675407133684,46,24,0.0094,0.376405,0,1,0,0,0,0.072108
15.745783111897685,47,25,0.0094,0.072108,2,1,0,0,0,-0.155448
13.678483707802009,24,2,0.3572,0.0,1,1,0,0,0,0.263927
13.942410443006136,25,3,0.3572,0.263927,3,1,0,0,0,-0.076865
13.865545477739692,26,4,0.3572,-0.076865,5,1,0,0,0,-0.289552
13.575993591375566,27,5,0.3572,-0.289552,7,1,0,0,0,0.079333
13.655326198403047,28,6,0.3572,0.079333,0,1,0,0,0,-0.137257
13.518068817996792,29,7,0.3572,-0.137257,2,1,0,0,0,-0.145048
13.373021251256246,30,8,0.3572,-0.145048,4,1,0,0,0,0.002064
13.37508566450896,31,9,0.3572,0.002064,6,1,0,0,0,-0.021771
13.353314558374928,32,10,0.3572,-0.021771,8,1,0,0,0,0.200371
13.553685097876512,33,11,0.3572,0.200371,10,1,0,0,0,0.075444
13.62912951078235,34,12,0.3572,0.075444,12,1,0,0,0,0.165955
13.795084516556187,35,13,0.3572,0.165955,14,1,0,0,0,0.029895
13.824979873353502,36,14,0.3572,0.029895,0,1,0,0,0,0.274586
14.099565720012489,37,15,0.3572,0.274586,2,1,0,0,0,0.752664
14.852230023131147,38,16,0.3572,0.752664,0,1,0,0,0,0.13846
14.990690197087755,39,17,0.3572,0.13846,2,1,0,0,0,0.039373
12.610179668616103,22,0,0.3599,0.0,1,1,0,0,0,-0.205436
12.404743209515587,23,1,0.3599,-0.205436,3,1,0,0,0,-0.017427
12.387316613445396,24,2,0.3599,-0.017427,5,1,0,0,0,0.027039
12.414355279015064,25,3,0.3599,0.027039,0,1,0,0,0,-0.106908
12.30744736880671,26,4,0.3599,-0.106908,2,1,0,0,0,0.538832
12.84627962835383,27,5,0.3599,0.538832,0,1,0,0,0,0.208273
13.05455233616696,28,6,0.3599,0.208273,2,1,0,0,0,0.147131
13.20168364597809,29,7,0.3599,0.147131,4,1,0,0,0,-0.114799
13.08688491580126,30,8,0.3599,-0.114799,6,1,0,0,0,0.126223
13.213107768628372,31,9,0.3599,0.126223,8,1,0,0,0,0.264003
13.477110281706349,32,10,0.3599,0.264003,10,1,0,0,0,0.273859
13.750968861078116,33,11,0.3599,0.273859,12,1,0,0,0,0.163059
13.914027470792908,34,12,0.3599,0.163059,14,1,0,0,0,0.169079
14.083106762565912,35,13,0.3599,0.169079,16,1,0,0,0,0.000439
14.083546142706375,36,14,0.3599,0.000439,18,1,0,0,0,0.057993
14.141539057821289,37,15,0.3599,0.057993,20,1,0,0,0,0.216044
15.70505458260661,28,6,0.1135,0.0,1,1,0,0,1,0.077002
15.782056310613656,29,7,0.1135,0.077002,3,1,0,0,1,0.139351
15.921407574211331,30,8,0.1135,0.139351,5,1,0,0,1,-0.055973
15.865434841360484,31,9,0.1135,-0.055973,7,1,0,0,1,-0.055233
15.810201968879175,32,10,0.1135,-0.055233,9,1,0,0,1,-0.193491
15.616711342051897,33,11,0.1135,-0.193491,0,1,0,0,1,0.02555
15.642261746658786,34,12,0.1135,0.02555,2,1,0,0,1,0.133428
15.775690014398588,35,13,0.1135,0.133428,4,1,0,0,1,-0.214651
15.561038879862357,36,14,0.1135,-0.214651,6,1,0,0,1,-0.237055
15.323983881858057,37,15,0.1135,-0.237055,8,1,0,0,1,0.001372
15.32535559163875,38,16,0.1135,0.001372,10,1,0,0,1,0.194384
15.519739573923681,39,17,0.1135,0.194384,12,1,0,0,1,0.084093
15.60383283445933,40,18,0.1135,0.084093,14,1,0,0,1,0.107588
15.71142083832618,41,19,0.1135,0.107588,16,1,0,0,1,0.072268
15.78368896874335,42,20,0.1135,0.072268,18,1,0,0,1,0.255047
16.03873592789799,43,21,0.1135,0.255047,20,1,0,0,1,0.160424
13.547103248336327,22,0,0.199,0.0,1,1,0,0,0,-0.032767
13.514335923930387,23,1,0.199,-0.032767,3,1,0,0,0,-0.110314
13.404022047595078,24,2,0.199,-0.110314,5,1,0,0,0,-0.22873
13.175292547570587,25,3,0.199,-0.22873,7,1,0,0,0,-0.114939
13.060353723989751,26,4,0.199,-0.114939,9,1,0,0,0,0.115172
13.175525688858839,27,5,0.199,0.115172,11,1,0,0,0,0.189518
13.365043785776637,28,6,0.199,0.189518,13,1,0,0,0,0.151008
13.51605224703074,29,7,0.199,0.151008,15,1,0,0,0,0.256487
13.772539660847878,30,8,0.199,0.256487,17,1,0,0,0,-0.01022
13.762319881462695,31,9,0.199,-0.01022,19,1,0,0,0,-0.191753
13.570566767915334,32,10,0.199,-0.191753,21,1,0,0,0,0.040056
13.610622340400978,33,11,0.199,0.040056,23,1,0,0,0,-0.087305
13.523317643752904,34,12,0.199,-0.087305,25,1,0,0,0,-0.082467
13.44085079866312,35,13,0.199,-0.082467,27,1,0,0,0,0.585347
14.02619766411412,36,14,0.199,0.585347,0,1,0,0,0,0.012434
14.038631817167996,37,15,0.199,0.012434,2,1,0,0,0,-0.286653
14.058589997594893,29,7,0.2402,0.0,1,1,0,0,1,-0.157822
13.900767594562508,30,8,0.2402,-0.157822,1,1,0,0,1,-0.099029
13.801738548511842,31,9,0.2402,-0.099029,1,1,0,0,1,-0.027833
13.77390577749406,32,10,0.2402,-0.027833,0,1,0,0,1,0.045411
13.819317145765016,33,11,0.2402,0.045411,1,1,0,0,1,-0.292614
13.526703201816957,34,12,0.2402,-0.292614,1,1,0,0,1,-0.020469
13.506234676843784,35,13,0.2402,-0.020469,1,1,0,0,1,0.076592
13.582826196694976,36,14,0.2402,0.076592,1,1,0,0,1,-0.10125
13.48157613115287,37,15,0.2402,-0.10125,1,1,0,0,1,-0.108052
13.373523782467084,38,16,0.2402,-0.108052,1,1,0,0,1,-0.123878
13.24964577387673,39,17,0.2402,-0.123878,1,1,0,0,1,0.155065
13.404710691461318,40,18,0.2402,0.155065,1,1,0,0,1,0.031962
13.43667270355315,41,19,0.2402,0.031962,1,1,0,0,1,0.319119
13.75579154706306,42,20,0.2402,0.319119,1,1,0,0,1,0.172117
13.927908471009253,43,21,0.2402,0.172117,1,1,0,0,1,0.273622
14.201530486895921,44,22,0.2402,0.273622,1,1,0,0,1,0.084257
11.002099841204238,25,3,0.1531,0.0,1,1,0,0,1,0.0
11.002099841204238,26,4,0.1531,0.0,3,1,0,0,1,0.0
11.002099841204238,27,5,0.1531,0.0,5,1,0,0,1,0.0
11.002099841204238,28,6,0.1531,0.0,7,1,0,0,1,0.0
11.002099841204238,29,7,0.1531,0.0,9,1,0,0,1,0.0
11.002099841204238,30,8,0.1531,0.0,11,1,0,0,1,0.0
11.002099841204238,31,9,0.1531,0.0,13,1,0,0,1,0.0
11.002099841204238,32,10,0.1531,0.0,15,1,0,0,1,0.0
11.002099841204238,33,11,0.1531,0.0,17,1,0,0,1,0.0
11.002099841204238,34,12,0.1531,0.0,19,1,0,0,1,0.0
11.002099841204238,35,13,0.1531,0.0,21,1,0,0,1,0.0
11.002099841204238,36,14,0.1531,0.0,23,1,0,0,1,0.0
11.002099841204238,37,15,0.1531,0.0,25,1,0,0,1,0.0
11.002099841204238,38,16,0.1531,0.0,27,1,0,0,1,0.0
11.002099841204238,39,17,0.1531,0.0,29,1,0,0,1,0.0
11.002099841204238,40,18,0.1531,0.0,31,1,0,0,1,0.0
12.588905751287719,22,0,0.3447,0.0,1,1,0,0,1,-0.139607
12.4492991813113,23,1,0.3447,-0.139607,3,1,0,0,1,0.311303
12.76060232279565,24,2,0.3447,0.311303,0,1,0,0,1,0.058484
12.819086223197255,25,3,0.3447,0.058484,0,1,0,0,1,-0.094088
12.724998216436344,26,4,0.3447,-0.094088,2,1,0,0,1,0.35448
13.079477935019932,27,5,0.3447,0.35448,4,1,0,0,1,0.024013
13.10349123531213,28,6,0.3447,0.024013,6,1,0,0,1,0.270151
13.3736419786184,29,7,0.3447,0.270151,8,1,0,0,1,0.069799
13.443441242854083,30,8,0.3447,0.069799,10,1,0,0,1,0.138844
13.582285171782374,31,9,0.3447,0.138844,12,1,0,0,1,-0.19163
13.390655235872535,32,10,0.3447,-0.19163,14,1,0,0,1,0.188457
13.579112167093232,33,11,0.3447,0.188457,16,1,0,0,1,0.651363
14.230475493175964,34,12,0.3447,0.651363,0,1,0,0,1,0.08909
14.31956552402573,35,13,0.3447,0.08909,2,1,0,0,1,0.379485
14.69905051448725,36,14,0.3447,0.379485,4,1,0,0,1,0.277305
14.976355666643908,37,15,0.3447,0.277305,6,1,0,0,1,0.079778
11.002099841204238,33,11,0.7354,0.0,1,0,0,1,0,0.0
11.002099841204238,34,12,0.7354,0.0,3,0,0,1,0,0.0
11.002099841204238,35,13,0.7354,0.0,5,0,0,1,0,0.0
11.002099841204238,36,14,0.7354,0.0,0,0,0,1,0,0.0
11.002099841204238,37,15,0.7354,0.0,2,0,0,1,0,0.0
11.002099841204238,38,16,0.7354,0.0,4,0,0,1,0,0.0
11.002099841204238,39,17,0.7354,0.0,0,0,0,1,0,0.780237
11.782336551533936,40,18,0.7354,0.780237,0,0,0,1,0,0.79381
12.576146406163303,41,19,0.7354,0.79381,2,0,0,1,0,-0.399049
12.177097233561646,42,20,0.7354,-0.399049,4,0,0,1,0,0.769175
12.946272109112842,43,21,0.7354,0.769175,0,0,0,1,0,0.084263
13.030535454761026,44,22,0.7354,0.084263,2,0,0,1,0,0.746651
13.777186893005176,45,23,0.7354,0.746651,4,0,0,1,0,0.585638
14.36282518733963,46,24,0.7354,0.585638,6,0,0,1,0,0.477748
14.840573043094304,47,25,0.7354,0.477748,8,0,0,1,0,0.983357
15.82392977032981,48,26,0.7354,0.983357,10,0,0,1,0,0.28264
11.002099841204238,24,2,0.0783,0.0,1,1,0,0,0,0.0
11.002099841204238,25,3,0.0783,0.0,3,1,0,0,0,0.270116
11.272215656700164,26,4,0.0783,0.270116,5,1,0,0,0,0.406365
11.678580163351729,27,5,0.0783,0.406365,7,1,0,0,0,1.009966
12.688545966096532,28,6,0.0783,1.009966,0,1,0,0,0,0.014792
12.703338176653476,29,7,0.0783,0.014792,2,1,0,0,0,-0.011885
12.691453163111893,30,8,0.0783,-0.011885,4,1,0,0,0,0.016235
12.707688540865396,31,9,0.0783,0.016235,6,1,0,0,0,0.435687
13.143375189296092,32,10,0.0783,0.435687,0,1,0,0,0,-0.132089
13.011286148555795,33,11,0.0783,-0.132089,2,1,0,0,0,-0.017096
12.994189830316186,34,12,0.0783,-0.017096,4,1,0,0,0,-0.112146
12.88204369440635,35,13,0.0783,-0.112146,6,1,0,0,0,0.188472
13.070515801811206,36,14,0.0783,0.188472,8,1,0,0,0,0.275292
13.34580759335457,37,15,0.0783,0.275292,0,1,0,0,0,0.213927
13.559734691496377,38,16,0.0783,0.213927,2,1,0,0,0,0.065639
13.62537354322703,39,17,0.0783,0.065639,4,1,0,0,0,0.113229
13.65240831240375,30,8,0.3679,0.0,1,1,0,0,1,0.071969
13.724377754434167,31,9,0.3679,0.071969,1,1,0,0,1,0.051431
13.775808951576774,32,10,0.3679,0.051431,1,1,0,0,1,0.297798
14.073606872880122,33,11,0.3679,0.297798,1,1,0,0,1,0.135838
14.209445183878032,34,12,0.3679,0.135838,1,1,0,0,1,0.030032
14.239477547802966,35,13,0.3679,0.030032,0,1,0,0,1,0.214835
14.454312370404292,36,14,0.3679,0.214835,1,1,0,0,1,-0.06531
14.389002090240744,37,15,0.3679,-0.06531,1,1,0,0,1,-0.108192
14.2808101168317,38,16,0.3679,-0.108192,1,1,0,0,1,-0.068433
14.212377103293024,39,17,0.3679,-0.068433,1,1,0,0,1,-0.016789
14.195587807851181,40,18,0.3679,-0.016789,1,1,0,0,1,0.262623
14.458210686711372,41,19,0.3679,0.262623,1,1,0,0,1,0.05981
14.51802045967213,42,20,0.3679,0.05981,1,1,0,0,1,0.017801
14.535820995476577,43,21,0.3679,0.017801,1,1,0,0,1,-0.008728
14.527093211020226,44,22,0.3679,-0.008728,0,1,0,0,1,0.044027
14.57112021338183,45,23,0.3679,0.044027,1,1,0,0,1,0.047592
11.809015470678533,25,3,0.7125,0.0,1,0,0,1,0,0.198529
12.007544833873226,26,4,0.7125,0.198529,3,0,0,1,0,0.458749
12.466293727984104,27,5,0.7125,0.458749,5,0,0,1,0,0.125017
12.591310886394682,28,6,0.7125,0.125017,7,0,0,1,0,0.392948
12.984259349716591,29,7,0.7125,0.392948,9,0,0,1,0,-0.209757
12.774502263125822,30,8,0.7125,-0.209757,11,0,0,1,0,0.189095
12.963597292347723,31,9,0.7125,0.189095,13,0,0,1,0,0.593707
13.557304116545918,32,10,0.7125,0.593707,15,0,0,1,0,-0.162121
13.395182669800171,33,11,0.7125,-0.162121,17,0,0,1,0,0.08935
13.484533054627462,34,12,0.7125,0.08935,19,0,0,1,0,0.512898
13.997431476722337,35,13,0.7125,0.512898,0,0,0,1,0,0.112607
14.110038902908133,36,14,0.7125,0.112607,2,0,0,1,0,0.041801
14.151840216722956,37,15,0.7125,0.041801,4,0,0,1,0,0.842878
14.994717729971429,38,16,0.7125,0.842878,6,0,0,1,0,-0.495896
14.49882135505741,39,17,0.7125,-0.495896,0,0,0,1,0,0.732389
15.231210117928486,40,18,0.7125,0.732389,2,0,0,1,0,0.665863
12.391686886470536,32,10,0.0,0.0,1,1,0,0,1,0.214874
12.606560531959794,33,11,0.0,0.214874,0,1,0,0,1,0.107278
12.713838427878795,34,12,0.0,0.107278,0,1,0,0,1,0.138508
12.85234619893522,35,13,0.0,0.138508,2,1,0,0,1,0.250674
13.103020060604761,36,14,0.0,0.250674,4,1,0,0,1,0.020334
13.123353842882894,37,15,0.0,0.020334,6,1,0,0,1,0.002609
13.125963101863633,38,16,0.0,0.002609,8,1,0,0,1,-0.076753
13.049209842294688,39,17,0.0,-0.076753,10,1,0,0,1,-0.020195
13.029015260009608,40,18,0.0,-0.020195,12,1,0,0,1,0.226831
13.255846697459841,41,19,0.0,0.226831,14,1,0,0,1,-0.061501
13.194345427428969,42,20,0.0,-0.061501,16,1,0,0,1,-0.0154
13.17894570470419,43,21,0.0,-0.0154,18,1,0,0,1,0.076013
13.254958471180418,44,22,0.0,0.076013,20,1,0,0,1,0.158607
13.41356537618329,45,23,0.0,0.158607,22,1,0,0,1,0.13364
13.54720519718176,46,24,0.0,0.13364,0,1,0,0,1,0.067677
13.614881757059525,47,25,0.0,0.067677,2,1,0,0,1,0.245528
11.002099841204238,29,7,0.3931,0.0,1,1,0,0,1,0.059216
11.06131587551107,30,8,0.3931,0.059216,3,1,0,0,1,-0.006554
11.054762101666961,31,9,0.3931,-0.006554,5,1,0,0,1,0.06432
11.119082220373317,32,10,0.3931,0.06432,7,1,0,0,1,-0.090715
11.02836740229189,33,11,0.3931,-0.090715,9,1,0,0,1,0.1016
11.129967581471638,34,12,0.3931,0.1016,11,1,0,0,1,0.319335
11.449302150421675,35,13,0.3931,0.319335,13,1,0,0,1,0.379895
11.829197509302627,36,14,0.3931,0.379895,15,1,0,0,1,0.146978
11.976175309634893,37,15,0.3931,0.146978,17,1,0,0,1,-0.079748
11.896426910621202,38,16,0.3931,-0.079748,19,1,0,0,1,-0.095302
11.801125236633712,39,17,0.3931,-0.095302,21,1,0,0,1,0.203297
12.004422435264036,40,18,0.3931,0.203297,23,1,0,0,1,0.111442
12.115864383172289,41,19,0.3931,0.111442,25,1,0,0,1,0.278404
12.394268704209912,42,20,0.3931,0.278404,27,1,0,0,1,0.286984
12.681252897451886,43,21,0.3931,0.286984,29,1,0,0,1,0.071537
12.752789839678407,44,22,0.3931,0.071537,31,1,0,0,1,0.330172
11.882495223952457,32,10,0.3374,0.0,1,1,0,0,1,0.24473
12.12722493395268,33,11,0.3374,0.24473,0,1,0,0,1,0.007052
12.134277131657308,34,12,0.3374,0.007052,2,1,0,0,1,0.30474
12.439017293741761,35,13,0.3374,0.30474,0,1,0,0,1,-0.043357
12.395660090264498,36,14,0.3374,-0.043357,2,1,0,0,1,0.238777
12.634437084681098,37,15,0.3374,0.238777,0,1,0,0,1,0.303431
12.93786839063652,38,16,0.3374,0.303431,2,1,0,0,1,0.1742
13.112068817828396,39,17,0.3374,0.1742,4,1,0,0,1,0.226535
13.338603950380474,40,18,0.3374,0.226535,6,1,0,0,1,0.229419
13.568022744698212,41,19,0.3374,0.229419,8,1,0,0,1,-0.205862
13.362160857653928,42,20,0.3374,-0.205862,10,1,0,0,1,-0.049935
13.312226271373087,43,21,0.3374,-0.049935,12,1,0,0,1,0.040289
13.35251542746099,44,22,0.3374,0.040289,14,1,0,0,1,0.204466
13.556981369076338,45,23,0.3374,0.204466,16,1,0,0,1,0.410638
13.967619502534253,46,24,0.3374,0.410638,18,1,0,0,1,0.160059
14.127678643894289,47,25,0.3374,0.160059,20,1,0,0,1,-0.024989
13.337325118084271,28,6,0.0,0.0,1,1,0,0,0,0.127557
13.46488202124603,29,7,0.0,0.127557,3,1,0,0,0,0.109626
13.574507929341333,30,8,0.0,0.109626,5,1,0,0,0,0.106773
13.681281217954316,31,9,0.0,0.106773,7,1,0,0,0,0.12081
13.802091565199923,32,10,0.0,0.12081,9,1,0,0,0,-0.021804
13.780287385143016,33,11,0.0,-0.021804,11,1,0,0,0,0.141628
13.92191583018556,34,12,0.0,0.141628,13,1,0,0,0,-0.024596
13.897320271614861,35,13,0.0,-0.024596,15,1,0,0,0,0.052398
13.949718305115269,36,14,0.0,0.052398,0,1,0,0,0,0.17428
14.123998307273064,37,15,0.0,0.17428,2,1,0,0,0,-0.078603
14.045394817251788,38,16,0.0,-0.078603,4,1,0,0,0,0.100556
14.145950994545991,39,17,0.0,0.100556,6,1,0,0,0,0.249881
14.395831979124397,40,18,0.0,0.249881,8,1,0,0,0,0.248189
14.64402062612958,41,19,0.0,0.248189,10,1,0,0,0,0.202043
14.846064001805265,42,20,0.0,0.202043,12,1,0,0,0,0.235544
15.081607935108815,43,21,0.0,0.235544,14,1,0,0,0,0.118755
16.94257274537435,24,2,1.0,0.0,1,0,0,1,0,0.234876
17.17744871270042,25,3,1.0,0.234876,3,0,0,1,0,-0.226285
16.95116413442611,26,4,1.0,-0.226285,0,0,0,1,0,-0.577987
16.373177314165492,27,5,1.0,-0.577987,2,0,0,1,0,-1.063129
15.310048693514176,28,6,1.0,-1.063129,4,0,0,1,0,-1.102244
14.207804630350608,29,7,1.0,-1.102244,6,0,0,1,0,0.281526
14.489330481653397,30,8,1.0,0.281526,8,0,0,1,0,0.240695
14.73002592689425,31,9,1.0,0.240695,10,0,0,1,0,1.061254
15.791280007080212,32,10,1.0,1.061254,12,0,0,1,0,0.11379
15.905069522569626,33,11,1.0,0.11379,14,0,0,1,0,-0.144731
15.76033802589784,34,12,1.0,-0.144731,16,0,0,1,0,0.719057
16.479395344634444,35,13,1.0,0.719057,18,0,0,1,0,1.901475
18.380870082050613,36,14,1.0,1.901475,20,0,0,1,0,0.584235
18.965105570887708,37,15,1.0,0.584235,22,0,0,1,0,1.165108
20.130213325816122,38,16,1.0,1.165108,24,0,0,1,0,1.437313
21.567526696734884,39,17,1.0,1.437313,26,0,0,1,0,-0.546925
11.002099841204238,33,11,0.0,0.0,1,1,0,0,0,0.0
11.002099841204238,34,12,0.0,0.0,3,1,0,0,0,0.0
11.002099841204238,35,13,0.0,0.0,5,1,0,0,0,0.0
11.002099841204238,36,14,0.0,0.0,7,1,0,0,0,0.101357
11.103457244635722,37,15,0.0,0.101357,0,1,0,0,0,0.143604
11.247061606710483,38,16,0.0,0.143604,2,1,0,0,0,0.03928
11.286341919037456,39,17,0.0,0.03928,4,1,0,0,0,0.009161
11.29550254129288,40,18,0.0,0.009161,6,1,0,0,0,-0.114429
11.18107403324972,41,19,0.0,-0.114429,8,1,0,0,0,0.086612
11.26768563923692,42,20,0.0,0.086612,10,1,0,0,0,-0.265586
11.002099841204238,43,21,0.0,-0.265586,0,1,0,0,0,0.0
11.002099841204238,44,22,0.0,0.0,2,1,0,0,0,0.444712
11.446811371674912,45,23,0.0,0.444712,0,1,0,0,0,0.004455
11.451266327602882,46,24,0.0,0.004455,2,1,0,0,0,-0.030227
11.421039574396083,47,25,0.0,-0.030227,4,1,0,0,0,0.242371
11.663410377183473,48,26,0.0,0.242371,6,1,0,0,0,0.031102
11.4200786489677,32,10,0.6713,0.0,1,0,0,1,0,-0.417979
11.002099841204238,33,11,0.6713,-0.417979,3,0,0,1,0,0.0
11.002099841204238,34,12,0.6713,0.0,0,0,0,1,0,0.561492
11.563591832908854,35,13,0.6713,0.561492,2,0,0,1,0,0.226031
11.789622502329317,36,14,0.6713,0.226031,4,0,0,1,0,0.160572
11.950194360923758,37,15,0.6713,0.160572,6,0,0,1,0,-0.271941
11.678253358560688,38,16,0.6713,-0.271941,8,0,0,1,0,1.233952
12.912205692235249,39,17,0.6713,1.233952,10,0,0,1,0,0.348587
13.26079250651168,40,18,0.6713,0.348587,12,0,0,1,0,0.588656
13.84944883351847,41,19,0.6713,0.588656,14,0,0,1,0,0.725794
14.575242663238857,42,20,0.6713,0.725794,0,0,0,1,0,-0.372181
14.20306197994783,43,21,0.6713,-0.372181,2,0,0,1,0,-0.311795
13.891266722940827,44,22,0.6713,-0.311795,4,0,0,1,0,-0.752114
13.139152319886481,45,23,0.6713,-0.752114,6,0,0,1,0,-0.026756
13.112395898808753,46,24,0.6713,-0.026756,8,0,0,1,0,0.945874
14.058270392700082,47,25,0.6713,0.945874,0,0,0,1,0,0.066298
12.319085455792477,28,6,0.149,0.0,1,1,0,0,1,0.223247
12.542332120056559,29,7,0.149,0.223247,3,1,0,0,1,-0.06465
12.477681845537518,30,8,0.149,-0.06465,5,1,0,0,1,-0.162139
12.315542923043166,31,9,0.149,-0.162139,7,1,0,0,1,0.088265
12.403807468654076,32,10,0.149,0.088265,9,1,0,0,1,-0.020398
12.383409362308239,33,11,0.149,-0.020398,11,1,0,0,1,0.136691
12.520099928244065,34,12,0.149,0.136691,13,1,0,0,1,0.185797
12.705896835732618,35,13,0.149,0.185797,15,1,0,0,1,0.164662
12.870558417912694,36,14,0.149,0.164662,17,1,0,0,1,0.280464
13.151021953129153,37,15,0.149,0.280464,19,1,0,0,1,0.186556
13.337577948208569,38,16,0.149,0.186556,21,1,0,0,1,0.072645
13.410222794913896,39,17,0.149,0.072645,23,1,0,0,1,-0.033536
13.376687024165287,40,18,0.149,-0.033536,25,1,0,0,1,-0.023348
13.353339018108738,41,19,0.149,-0.023348,27,1,0,0,1,0.694804
14.048143166748824,42,20,0.149,0.694804,0,1,0,0,1,0.327029
14.375172525654422,43,21,0.149,0.327029,0,1,0,0,1,0.186364
12.14013207611911,32,10,0.8467,0.0,1,0,0,1,1,0.103546
12.243678198758893,33,11,0.8467,0.103546,3,0,0,1,1,0.340121
12.583799682741784,34,12,0.8467,0.340121,5,0,0,1,1,0.24638
12.830179970119524,35,13,0.8467,0.24638,0,0,0,1,1,-0.712885
12.117294895144848,36,14,0.8467,-0.712885,2,0,0,1,1,-0.1848
11.932494559467935,37,15,0.8467,-0.1848,4,0,0,1,1,-0.487805
11.444689206582934,38,16,0.8467,-0.487805,6,0,0,1,1,0.164974
11.609663510286953,39,17,0.8467,0.164974,8,0,0,1,1,0.096008
11.705671404399947,40,18,0.8467,0.096008,0,0,0,1,1,1.201991
12.907662541528063,41,19,0.8467,1.201991,2,0,0,1,1,0.638963
13.54662510068425,42,20,0.8467,0.638963,0,0,0,1,1,-0.009037
13.53758773213534,43,21,0.8467,-0.009037,2,0,0,1,1,0.103277
13.640864899143253,44,22,0.8467,0.103277,4,0,0,1,1,0.567834
14.20869865050704,45,23,0.8467,0.567834,0,0,0,1,1,0.508972
14.717670315777116,46,24,0.8467,0.508972,2,0,0,1,1,-0.107133
14.610537672735186,47,25,0.8467,-0.107133,0,0,0,1,1,0.318146
11.002099841204238,24,2,0.0,0.0,1,1,0,0,1,0.0
11.002099841204238,25,3,0.0,0.0,3,1,0,0,1,0.0
11.002099841204238,26,4,0.0,0.0,5,1,0,0,1,0.0
11.002099841204238,27,5,0.0,0.0,7,1,0,0,1,0.0
11.002099841204238,28,6,0.0,0.0,9,1,0,0,1,0.0
11.002099841204238,29,7,0.0,0.0,11,1,0,0,1,0.0
11.002099841204238,30,8,0.0,0.0,13,1,0,0,1,0.106231
11.108330452865127,31,9,0.0,0.106231,15,1,0,0,1,0.044879
11.153209748169104,32,10,0.0,0.044879,17,1,0,0,1,0.084132
11.237341773062496,33,11,0.0,0.084132,19,1,0,0,1,0.072967
11.310308860598324,34,12,0.0,0.072967,21,1,0,0,1,-0.018731
11.291577453221059,35,13,0.0,-0.018731,23,1,0,0,1,-0.258374
11.033203057973347,36,14,0.0,-0.258374,25,1,0,0,1,-0.031103
11.002099841204238,37,15,0.0,-0.031103,27,1,0,0,1,0.003139
11.005238821157336,38,16,0.0,0.003139,29,1,0,0,1,0.220315
11.22555418167393,39,17,0.0,0.220315,31,1,0,0,1,0.10064
12.127966654871358,23,1,0.3868,0.0,1,1,0,0,0,-0.152482
11.975484792832502,24,2,0.3868,-0.152482,3,1,0,0,0,-0.175339
11.800145949225161,25,3,0.3868,-0.175339,5,1,0,0,0,0.31205
12.112195825638059,26,4,0.3868,0.31205,0,1,0,0,0,0.360194
12.472390187906887,27,5,0.3868,0.360194,2,1,0,0,0,0.286253
12.758643145706092,28,6,0.3868,0.286253,4,1,0,0,0,0.143392
12.902034923467236,29,7,0.3868,0.143392,6,1,0,0,0,0.141763
13.043797582056769,30,8,0.3868,0.141763,8,1,0,0,0,0.037399
13.081196216688001,31,9,0.3868,0.037399,10,1,0,0,0,0.138414
13.219609803393215,32,10,0.3868,0.138414,12,1,0,0,0,0.037054
13.256663573861783,33,11,0.3868,0.037054,14,1,0,0,0,0.321529
13.578192326854586,34,12,0.3868,0.321529,16,1,0,0,0,0.460293
14.03848541361745,35,13,0.3868,0.460293,18,1,0,0,0,0.11738
14.155865128057565,36,14,0.3868,0.11738,0,1,0,0,0,0.356926
14.512790653253106,37,15,0.3868,0.356926,0,1,0,0,0,-0.396175
14.116615961001433,38,16,0.3868,-0.396175,2,1,0,0,0,-0.357637
12.42781858480223,27,5,0.3599,0.0,1,1,0,0,0,0.356391
12.784209874379068,28,6,0.3599,0.356391,0,1,0,0,0,-0.045734
12.738476094976257,29,7,0.3599,-0.045734,2,1,0,0,0,0.05141
12.789886111295296,30,8,0.3599,0.05141,4,1,0,0,0,0.420966
13.21085238444722,31,9,0.3599,0.420966,0,1,0,0,0,-0.089131
13.121721655368775,32,10,0.3599,-0.089131,2,1,0,0,0,-0.078139
13.043582873693989,33,11,0.3599,-0.078139,0,1,0,0,0,0.222812
13.266394916418017,34,12,0.3599,0.222812,2,1,0,0,0,0.260623
13.527018195617185,35,13,0.3599,0.260623,4,1,0,0,0,0.241109
13.768126910503874,36,14,0.3599,0.241109,6,1,0,0,0,0.553465
14.321591537340751,37,15,0.3599,0.553465,0,1,0,0,0,0.487349
14.808940148292468,38,16,0.3599,0.487349,2,1,0,0,0,0.946052
15.754992407998627,39,17,0.3599,0.946052,0,1,0,0,0,0.372874
16.12786641945383,40,18,0.3599,0.372874,2,1,0,0,0,0.024696
16.152561965366893,41,19,0.3599,0.024696,4,1,0,0,0,0.226603
16.379164755005146,42,20,0.3599,0.226603,6,1,0,0,0,0.021148
11.909624878697654,25,3,0.1862,0.0,1,1,0,0,1,0.192512
12.10213638858879,26,4,0.1862,0.192512,3,1,0,0,1,-0.065279
12.036857248577913,27,5,0.1862,-0.065279,5,1,0,0,1,-0.230369
11.80648779881803,28,6,0.1862,-0.230369,7,1,0,0,1,-0.084452
11.722036186446262,29,7,0.1862,-0.084452,9,1,0,0,1,-0.033867
11.688169385799913,30,8,0.1862,-0.033867,11,1,0,0,1,0.090921
11.779090723890475,31,9,0.1862,0.090921,13,1,0,0,1,0.256029
12.035119564753051,32,10,0.1862,0.256029,15,1,0,0,1,0.252525
12.287644145714577,33,11,0.1862,0.252525,17,1,0,0,1,0.205011
12.492654750425686,34,12,0.1862,0.205011,19,1,0,0,1,0.064874
12.55752865860354,35,13,0.1862,0.064874,21,1,0,0,1,0.27922
12.836749077850161,36,14,0.1862,0.27922,23,1,0,0,1,-0.005397
12.831352007898953,37,15,0.1862,-0.005397,25,1,0,0,1,0.30162
13.13297227364304,38,16,0.1862,0.30162,0,1,0,0,1,0.095364
13.228336643756691,39,17,0.1862,0.095364,2,1,0,0,1,0.143602
13.37193867499119,40,18,0.1862,0.143602,4,1,0,0,1,0.260665
13.7167329152307,24,2,0.9063,0.0,1,0,1,0,1,0.465525
14.18225840778543,25,3,0.9063,0.465525,0,0,1,0,1,0.273264
14.455522401701227,26,4,0.9063,0.273264,2,0,1,0,1,0.021074
14.47659642448382,27,5,0.9063,0.021074,4,0,1,0,1,-0.342839
14.133757615190637,28,6,0.9063,-0.342839,6,0,1,0,1,0.004626
14.138383353066137,29,7,0.9063,0.004626,8,0,1,0,1,-0.216474
13.921909216346666,30,8,0.9063,-0.216474,0,0,1,0,1,0.335047
14.256955941317402,31,9,0.9063,0.335047,0,0,1,0,1,-0.458128
13.798828178232414,32,10,0.9063,-0.458128,2,0,1,0,1,0.142753
13.941581529272536,33,11,0.9063,0.142753,4,0,1,0,1,0.844007
14.785588350019438,34,12,0.9063,0.844007,6,0,1,0,1,0.316585
15.102173540964024,35,13,0.9063,0.316585,8,0,1,0,1,0.137535
15.239708079853003,36,14,0.9063,0.137535,10,0,1,0,1,-0.195402
15.044306090976121,37,15,0.9063,-0.195402,12,0,1,0,1,1.333071
16.37737699453672,38,16,0.9063,1.333071,0,0,1,0,1,0.775193
17.152569591466797,39,17,0.9063,0.775193,2,0,1,0,1,0.658205
13.057303395650594,32,10,0.2312,0.0,1,1,0,0,1,-0.112445
12.944858580941382,33,11,0.2312,-0.112445,3,1,0,0,1,-0.034717
12.910141433450745,34,12,0.2312,-0.034717,5,1,0,0,1,0.083584
12.99372534266974,35,13,0.2312,0.083584,7,1,0,0,1,-0.264812
12.728913300360118,36,14,0.2312,-0.264812,0,1,0,0,1,-0.282885
12.446028701844797,37,15,0.2312,-0.282885,2,1,0,0,1,-0.091852
12.354176789517664,38,16,0.2312,-0.091852,4,1,0,0,1,-0.133525
12.220651559166189,39,17,0.2312,-0.133525,6,1,0,0,1,0.04679
12.267441329249314,40,18,0.2312,0.04679,8,1,0,0,1,0.247237
12.514678314315772,41,19,0.2312,0.247237,10,1,0,0,1,0.01994
12.534617910294296,42,20,0.2312,0.01994,12,1,0,0,1,0.063996
12.598613710396055,43,21,0.2312,0.063996,14,1,0,0,1,0.005931
12.604544651929046,44,22,0.2312,0.005931,16,1,0,0,1,0.083115
12.687659743850201,45,23,0.2312,0.083115,18,1,0,0,1,0.286806
12.97446615446897,46,24,0.2312,0.286806,20,1,0,0,1,0.035669
13.01013559955597,47,25,0.2312,0.035669,0,1,0,0,1,0.217347
13.289444009447614,28,6,0.017,0.0,1,1,0,0,0,0.113967
13.40341065671203,29,7,0.017,0.113967,3,1,0,0,0,0.23303
13.636440367634886,30,8,0.017,0.23303,5,1,0,0,0,0.300049
13.936489148543611,31,9,0.017,0.300049,7,1,0,0,0,0.275513
14.212002400760284,32,10,0.017,0.275513,9,1,0,0,0,0.128262
14.340264469341715,33,11,0.017,0.128262,11,1,0,0,0,0.271103
14.611367264843157,34,12,0.017,0.271103,13,1,0,0,0,0.028418
14.63978544762857,35,13,0.017,0.028418,15,1,0,0,0,0.634471
15.274256277914759,36,14,0.017,0.634471,0,1,0,0,0,0.064656
15.338911950398355,37,15,0.017,0.064656,2,1,0,0,0,-0.071765
15.267147291101153,38,16,0.017,-0.071765,4,1,0,0,0,0.147169
15.414315896514402,39,17,0.017,0.147169,6,1,0,0,0,-0.000286
15.414030260205845,40,18,0.017,-0.000286,8,1,0,0,0,0.031689
15.445718869221006,41,19,0.017,0.031689,10,1,0,0,0,-0.017898
15.427820804870153,42,20,0.017,-0.017898,12,1,0,0,0,0.143214
15.571035045870039,43,21,0.017,0.143214,14,1,0,0,0,0.114633
12.15096428508153,22,0,0.1479,0.0,1,1,0,0,0,0.022427
12.173391393527679,23,1,0.1479,0.022427,3,1,0,0,0,0.370251
12.543642806321785,24,2,0.1479,0.370251,0,1,0,0,0,0.314888
12.858531218146789,25,3,0.1479,0.314888,2,1,0,0,0,0.093687
12.952218029197475,26,4,0.1479,0.093687,4,1,0,0,0,0.404477
13.356694986398088,27,5,0.1479,0.404477,0,1,0,0,0,0.358511
13.715205782523979,28,6,0.1479,0.358511,2,1,0,0,0,0.243763
13.958968792494627,29,7,0.1479,0.243763,0,1,0,0,0,-0.017644
13.941324757688,30,8,0.1479,-0.017644,2,1,0,0,0,-0.101048
13.840277200132723,31,9,0.1479,-0.101048,4,1,0,0,0,-0.098474
13.741802937177749,32,10,0.1479,-0.098474,6,1,0,0,0,-0.163974
13.577829380888076,33,11,0.1479,-0.163974,8,1,0,0,0,0.176544
13.754373317877475,34,12,0.1479,0.176544,0,1,0,0,0,0.045462
13.799834909503547,35,13,0.1479,0.045462,0,1,0,0,0,0.04579
13.845624531388964,36,14,0.1479,0.04579,2,1,0,0,0,0.135381
13.981005986009022,37,15,0.1479,0.135381,4,1,0,0,0,0.074233
13.621702339386186,26,4,0.1913,0.0,1,1,0,0,1,0.470036
14.091738422028737,27,5,0.1913,0.470036,0,1,0,0,1,0.249251
14.340989679243352,28,6,0.1913,0.249251,2,1,0,0,1,0.199921
14.540911081323134,29,7,0.1913,0.199921,4,1,0,0,1,-0.025164
14.51574722091083,30,8,0.1913,-0.025164,6,1,0,0,1,-0.099733
14.416014061402592,31,9,0.1913,-0.099733,8,1,0,0,1,-0.143852
14.272162278596326,32,10,0.1913,-0.143852,10,1,0,0,1,0.021374
14.293535957528741,33,11,0.1913,0.021374,12,1,0,0,1,0.036066
14.329602412407871,34,12,0.1913,0.036066,14,1,0,0,1,0.088549
14.418151444100937,35,13,0.1913,0.088549,16,1,0,0,1,-0.060584
14.357567168780232,36,14,0.1913,-0.060584,18,1,0,0,1,0.04068
14.398246963218451,37,15,0.1913,0.04068,20,1,0,0,1,0.21603
14.614277238435262,38,16,0.1913,0.21603,22,1,0,0,1,0.351452
14.965729099583703,39,17,0.1913,0.351452,0,1,0,0,1,0.09012
15.055848602071809,40,18,0.1913,0.09012,2,1,0,0,1,0.28579
15.341638832647833,41,19,0.1913,0.28579,4,1,0,0,1,0.165322
16.61198903398945,30,8,0.6182,0.0,1,0,0,1,1,0.900932
17.512920868934298,31,9,0.6182,0.900932,3,0,0,1,1,0.091687
17.604607416569934,32,10,0.6182,0.091687,5,0,0,1,1,-0.296611
17.30799629738379,33,11,0.6182,-0.296611,7,0,0,1,1,-0.711992
16.596004668202674,34,12,0.6182,-0.711992,9,0,0,1,1,-0.314354
16.28165066916516,35,13,0.6182,-0.314354,11,0,0,1,1,0.681097
16.96274718185162,36,14,0.6182,0.681097,13,0,0,1,1,-0.778029
16.184717789508404,37,15,0.6182,-0.778029,15,0,0,1,1,-0.175219
16.009498631079854,38,16,0.6182,-0.175219,0,0,0,1,1,0.433718
16.4432167467104,39,17,0.6182,0.433718,0,0,0,1,1,-0.916652
15.526565167842898,40,18,0.6182,-0.916652,2,0,0,1,1,-0.339213
15.18735187795444,41,19,0.6182,-0.339213,4,0,0,1,1,-0.092534
15.094817997889717,42,20,0.6182,-0.092534,6,0,0,1,1,-0.23513
14.859688379327105,43,21,0.6182,-0.23513,8,0,0,1,1,0.067462
14.92715021603339,44,22,0.6182,0.067462,10,0,0,1,1,0.197488
15.124638143138503,45,23,0.6182,0.197488,12,0,0,1,1,0.385528
12.411966030413213,23,1,0.685,0.0,1,0,1,0,0,0.551742
12.96370780240382,24,2,0.685,0.551742,3,0,1,0,0,-0.098076
12.865632274649844,25,3,0.685,-0.098076,5,0,1,0,0,0.153137
13.018769771401445,26,4,0.685,0.153137,7,0,1,0,0,-0.029339
12.989430436086375,27,5,0.685,-0.029339,9,0,1,0,0,-0.465267
12.524163872372565,28,6,0.685,-0.465267,11,0,1,0,0,0.16956
12.693723487611418,29,7,0.685,0.16956,13,0,1,0,0,0.201737
12.8954608192364,30,8,0.685,0.201737,15,0,1,0,0,0.545421
13.440881390713537,31,9,0.685,0.545421,17,0,1,0,0,0.062277
13.50315863697958,32,10,0.685,0.062277,19,0,1,0,0,0.417484
13.920642910633898,33,11,0.685,0.417484,21,0,1,0,0,0.383099
14.30374202271682,34,12,0.685,0.383099,23,0,1,0,0,0.264744
14.56848570641894,35,13,0.685,0.264744,25,0,1,0,0,0.535181
15.103666260798793,36,14,0.685,0.535181,27,0,1,0,0,0.605857
15.709523418711491,37,15,0.685,0.605857,29,0,1,0,0,0.411987
16.12151061494146,38,16,0.685,0.411987,31,0,1,0,0,-0.027906
14.40765834022457,30,8,0.4848,0.0,1,1,0,0,1,0.050186
14.457844690890077,31,9,0.4848,0.050186,3,1,0,0,1,-0.588918
13.86892634483817,32,10,0.4848,-0.588918,5,1,0,0,1,-0.280925
13.588001398778985,33,11,0.4848,-0.280925,7,1,0,0,1,-0.006682
13.58131965921341,34,12,0.4848,-0.006682,9,1,0,0,1,-0.012689
13.56863068180112,35,13,0.4848,-0.012689,11,1,0,0,1,-0.214871
13.353760081025928,36,14,0.4848,-0.214871,13,1,0,0,1,-0.000236
13.353523693093871,37,15,0.4848,-0.000236,15,1,0,0,1,-0.116564
13.236959570816028,38,16,0.4848,-0.116564,17,1,0,0,1,-0.563325
12.6736340917433,39,17,0.4848,-0.563325,19,1,0,0,1,-0.139361
12.534272902052841,40,18,0.4848,-0.139361,21,1,0,0,1,0.057046
12.591318902858443,41,19,0.4848,0.057046,23,1,0,0,1,0.296581
12.887900123819746,42,20,0.4848,0.296581,25,1,0,0,1,0.171076
13.058976152195239,43,21,0.4848,0.171076,27,1,0,0,1,-0.106587
12.95238913189168,44,22,0.4848,-0.106587,29,1,0,0,1,-0.148623
12.803765705272514,45,23,0.4848,-0.148623,0,1,0,0,1,0.068238
13.320166848489436,33,11,0.2765,0.0,1,1,0,0,1,0.025233
13.345400289286058,34,12,0.2765,0.025233,3,1,0,0,1,0.047937
13.39333714304121,35,13,0.2765,0.047937,5,1,0,0,1,-0.167756
13.225580794058883,36,14,0.2765,-0.167756,7,1,0,0,1,-0.084549
13.14103180870242,37,15,0.2765,-0.084549,9,1,0,0,1,0.246513
13.387545059514752,38,16,0.2765,0.246513,11,1,0,0,1,0.152017
13.539561728931007,39,17,0.2765,0.152017,13,1,0,0,1,0.029404
13.568965800013242,40,18,0.2765,0.029404,15,1,0,0,1,-0.308699
13.260266422687167,41,19,0.2765,-0.308699,17,1,0,0,1,0.097672
13.35793859048692,42,20,0.2765,0.097672,19,1,0,0,1,-0.160423
13.19751557851376,43,21,0.2765,-0.160423,21,1,0,0,1,0.046647
13.244162703031764,44,22,0.2765,0.046647,23,1,0,0,1,-0.01133
13.232832230683583,45,23,0.2765,-0.01133,25,1,0,0,1,0.044063
13.276894755586405,46,24,0.2765,0.044063,27,1,0,0,1,-0.152392
13.124502953306642,47,25,0.2765,-0.152392,29,1,0,0,1,0.07908
13.203583311351926,48,26,0.2765,0.07908,31,1,0,0,1,0.021358
13.079995327919768,30,8,0.0,0.0,1,1,0,0,0,0.231774
13.311769572750901,31,9,0.0,0.231774,3,1,0,0,0,0.23611
13.54787998256838,32,10,0.0,0.23611,5,1,0,0,0,0.280479
13.828359403025917,33,11,0.0,0.280479,7,1,0,0,0,0.126275
13.954634033889631,34,12,0.0,0.126275,9,1,0,0,0,0.205987
14.160620984107311,35,13,0.0,0.205987,11,1,0,0,0,0.259851
14.420471516596535,36,14,0.0,0.259851,13,1,0,0,0,0.086563
14.5070342273414,37,15,0.0,0.086563,15,1,0,0,0,0.00735
14.514384632324997,38,16,0.0,0.00735,17,1,0,0,0,0.039299
14.553683364412164,39,17,0.0,0.039299,19,1,0,0,0,0.137143
14.690826368734898,40,18,0.0,0.137143,21,1,0,0,0,0.338323
15.029148932294337,41,19,0.0,0.338323,23,1,0,0,0,0.064791
15.093940043284691,42,20,0.0,0.064791,25,1,0,0,0,-0.080522
15.013417562948142,43,21,0.0,-0.080522,0,1,0,0,0,-0.047831
14.965586457395611,44,22,0.0,-0.047831,2,1,0,0,0,0.01067
14.97625683855077,45,23,0.0,0.01067,4,1,0,0,0,-0.133612
11.002099841204238,33,11,0.4232,0.0,1,1,0,0,0,0.067488
11.069588317194711,34,12,0.4232,0.067488,3,1,0,0,0,-0.067488
11.002099841204238,35,13,0.4232,-0.067488,5,1,0,0,0,0.0
11.002099841204238,36,14,0.4232,0.0,7,1,0,0,0,0.245484
11.247584317574216,37,15,0.4232,0.245484,9,1,0,0,0,-0.132429
11.115155636766268,38,16,0.4232,-0.132429,11,1,0,0,0,-0.072287
11.042868760360367,39,17,0.4232,-0.072287,13,1,0,0,0,-0.040769
11.002099841204238,40,18,0.4232,-0.040769,15,1,0,0,0,0.033124
11.035224169391038,41,19,0.4232,0.033124,17,1,0,0,0,-0.033124
11.002099841204238,42,20,0.4232,-0.033124,19,1,0,0,0,0.0
11.002099841204238,43,21,0.4232,0.0,21,1,0,0,0,0.0
11.002099841204238,44,22,0.4232,0.0,23,1,0,0,0,0.0
11.002099841204238,45,23,0.4232,0.0,25,1,0,0,0,0.075438
11.077537845672856,46,24,0.4232,0.075438,27,1,0,0,0,0.167477
11.245015251441707,47,25,0.4232,0.167477,29,1,0,0,0,0.016486
11.261501350998513,48,26,0.4232,0.016486,31,1,0,0,0,-0.167345
14.371829771057508,28,6,0.8941,0.0,1,0,1,0,0,0.042328
14.41415798198837,29,7,0.8941,0.042328,3,0,1,0,0,-0.325404
14.088753781469421,30,8,0.8941,-0.325404,5,0,1,0,0,-0.273101
13.81565293108719,31,9,0.8941,-0.273101,7,0,1,0,0,0.791971
14.607623482589954,32,10,0.8941,0.791971,9,0,1,0,0,-0.223567
14.384056192766336,33,11,0.8941,-0.223567,11,0,1,0,0,0.061763
14.445819616715548,34,12,0.8941,0.061763,0,0,1,0,0,0.662412
15.108232024907698,35,13,0.8941,0.662412,0,0,1,0,0,-0.254757
14.853474704003304,36,14,0.8941,-0.254757,2,0,1,0,0,-0.125216
14.728258667960983,37,15,0.8941,-0.125216,4,0,1,0,0,-0.428498
14.299760288851129,38,16,0.8941,-0.428498,6,0,1,0,0,-0.914767
13.384993077812508,39,17,0.8941,-0.914767,8,0,1,0,0,-0.668379
12.71661364475575,40,18,0.8941,-0.668379,10,0,1,0,0,0.159262
12.87587553329799,41,19,0.8941,0.159262,0,0,1,0,0,0.554502
13.430377773982569,42,20,0.8941,0.554502,2,0,1,0,0,-0.005664
13.424713770873558,43,21,0.8941,-0.005664,4,0,1,0,0,0.032633
13.848735079811005,26,4,0.1677,0.0,1,1,0,0,0,-0.039933
13.80880211480097,27,5,0.1677,-0.039933,3,1,0,0,0,-0.277535
13.531267599993518,28,6,0.1677,-0.277535,5,1,0,0,0,0.096763
13.628030437395527,29,7,0.1677,0.096763,7,1,0,0,0,-0.14783
13.480200173325109,30,8,0.1677,-0.14783,9,1,0,0,0,-0.244626
13.235573779383582,31,9,0.1677,-0.244626,11,1,0,0,0,-0.024479
13.211095213562167,32,10,0.1677,-0.024479,13,1,0,0,0,0.13616
13.347255137355562,33,11,0.1677,0.13616,0,1,0,0,0,-0.060188
13.287067472950444,34,12,0.1677,-0.060188,2,1,0,0,0,-0.127456
13.159611274124817,35,13,0.1677,-0.127456,4,1,0,0,0,-0.082768
13.07684355173029,36,14,0.1677,-0.082768,6,1,0,0,0,0.061801
13.138644559369135,37,15,0.1677,0.061801,8,1,0,0,0,0.088972
13.227617032787192,38,16,0.1677,0.088972,10,1,0,0,0,0.046623
13.274240405030426,39,17,0.1677,0.046623,12,1,0,0,0,0.326392
13.600632697030576,40,18,0.1677,0.326392,0,1,0,0,0,-0.001786
13.59884678398998,41,19,0.1677,-0.001786,2,1,0,0,0,0.063288
14.683624644874854,33,11,0.437,0.0,1,1,0,0,1,-0.161615
14.522009160525096,34,12,0.437,-0.161615,3,1,0,0,1,0.075038
14.597047148572464,35,13,0.437,0.075038,5,1,0,0,1,-0.047111
14.54993592874261,36,14,0.437,-0.047111,7,1,0,0,1,0.074117
14.624052647669886,37,15,0.437,0.074117,9,1,0,0,1,0.046442
14.670494439344308,38,16,0.437,0.046442,0,1,0,0,1,-0.01632
14.654174371827736,39,17,0.437,-0.01632,2,1,0,0,1,-0.100018
14.55415666867368,40,18,0.437,-0.100018,4,1,0,0,1,0.003836
14.557992819808469,41,19,0.437,0.003836,6,1,0,0,1,-0.014335
14.543658087662564,42,20,0.437,-0.014335,8,1,0,0,1,-0.066477
14.477180605473682,43,21,0.437,-0.066477,10,1,0,0,1,0.220697
14.697877117768451,44,22,0.437,0.220697,12,1,0,0,1,0.232516
14.930392941020841,45,23,0.437,0.232516,14,1,0,0,1,0.053569
14.983961793304937,46,24,0.437,0.053569,16,1,0,0,1,0.105522
15.089483381470084,47,25,0.437,0.105522,18,1,0,0,1,-0.192231
14.897252379535962,48,26,0.437,-0.192231,20,1,0,0,1,0.376917
11.002099841204238,30,8,0.2117,0.0,1,1,0,0,0,0.0
11.002099841204238,31,9,0.2117,0.0,3,1,0,0,0,0.043023
11.045122752671864,32,10,0.2117,0.043023,5,1,0,0,0,0.270097
11.31521959440518,33,11,0.2117,0.270097,7,1,0,0,0,0.142326
11.457545129823666,34,12,0.2117,0.142326,9,1,0,0,0,0.207267
11.664811760605279,35,13,0.2117,0.207267,11,1,0,0,0,0.070746
11.7355573272117,36,14,0.2117,0.070746,13,1,0,0,0,0.15677
11.89232727066627,37,15,0.2117,0.15677,15,1,0,0,0,0.862176
12.75450290568519,38,16,0.2117,0.862176,0,1,0,0,0,0.332888
13.08739047312137,39,17,0.2117,0.332888,2,1,0,0,0,0.24405
13.331440835071488,40,18,0.2117,0.24405,4,1,0,0,0,0.237843
13.569283518322315,41,19,0.2117,0.237843,6,1,0,0,0,0.066348
13.635631388687434,42,20,0.2117,0.066348,8,1,0,0,0,0.025489
13.661120351431732,43,21,0.2117,0.025489,10,1,0,0,0,0.285589
13.946709033700445,44,22,0.2117,0.285589,0,1,0,0,0,0.032292
13.979001151342704,45,23,0.2117,0.032292,2,1,0,0,0,0.059946
12.493197453384601,23,1,0.0142,0.0,1,1,0,0,1,-0.055831
12.437366666561076,24,2,0.0142,-0.055831,3,1,0,0,1,0.140786
12.578152889119524,25,3,0.0142,0.140786,5,1,0,0,1,0.23298
12.811132733754135,26,4,0.0142,0.23298,7,1,0,0,1,0.172711
12.983843666413012,27,5,0.0142,0.172711,9,1,0,0,1,0.095591
13.079434470595256,28,6,0.0142,0.095591,11,1,0,0,1,0.589379
13.668813945369987,29,7,0.0142,0.589379,0,1,0,0,1,0.073347
13.742160783393732,30,8,0.0142,0.073347,2,1,0,0,1,-0.248315
13.49384597628511,31,9,0.0142,-0.248315,4,1,0,0,1,-0.215084
13.278762116846575,32,10,0.0142,-0.215084,6,1,0,0,1,0.022644
13.30140573106031,33,11,0.0142,0.022644,8,1,0,0,1,-0.197589
13.103816592722904,34,12,0.0142,-0.197589,10,1,0,0,1,0.439136
13.54295253377283,35,13,0.0142,0.439136,0,1,0,0,1,-0.01911
13.523842121440389,36,14,0.0142,-0.01911,2,1,0,0,1,-0.138678
13.385164008611861,37,15,0.0142,-0.138678,4,1,0,0,1,-0.252789
13.132375498339727,38,16,0.0142,-0.252789,0,1,0,0,1,0.045803
13.715255348548004,30,8,0.249,0.0,1,1,0,0,0,-0.009561
13.705694689449762,31,9,0.249,-0.009561,1,1,0,0,0,0.064807
13.77050180467819,32,10,0.249,0.064807,1,1,0,0,0,-0.181029
13.589472443713495,33,11,0.249,-0.181029,1,1,0,0,0,-0.079915
13.509557787050024,34,12,0.249,-0.079915,1,1,0,0,0,0.219243
13.728800750759536,35,13,0.249,0.219243,1,1,0,0,0,-0.204634
13.524166450572709,36,14,0.249,-0.204634,1,1,0,0,0,0.122365
13.646531378572945,37,15,0.249,0.122365,1,1,0,0,0,0.059495
13.706026523300551,38,16,0.249,0.059495,1,1,0,0,0,-0.009395
13.696631337978832,39,17,0.249,-0.009395,1,1,0,0,0,0.251861
13.948492101263291,40,18,0.249,0.251861,1,1,0,0,0,0.113791
14.062282930712682,41,19,0.249,0.113791,1,1,0,0,0,-0.037305
14.024978256801221,42,20,0.249,-0.037305,1,1,0,0,0,-0.05697
13.968007763862197,43,21,0.249,-0.05697,1,1,0,0,0,-0.11232
13.855688135129826,44,22,0.249,-0.11232,1,1,0,0,0,0.100041
13.955729021251246,45,23,0.249,0.100041,0,1,0,0,0,0.673259
12.272065027778789,33,11,0.1347,0.0,1,1,0,0,1,0.384921
12.656986522026658,34,12,0.1347,0.384921,3,1,0,0,1,0.031293
12.688279142028582,35,13,0.1347,0.031293,5,1,0,0,1,0.052442
12.74072077894021,36,14,0.1347,0.052442,7,1,0,0,1,-0.010856
12.729865044887164,37,15,0.1347,-0.010856,9,1,0,0,1,0.164443
12.894308408616482,38,16,0.1347,0.164443,11,1,0,0,1,0.193235
13.087543646554092,39,17,0.1347,0.193235,13,1,0,0,1,0.212571
13.30011445508682,40,18,0.1347,0.212571,15,1,0,0,1,0.006368
13.30648269088689,41,19,0.1347,0.006368,17,1,0,0,1,-0.1408
13.165682862737452,42,20,0.1347,-0.1408,19,1,0,0,1,0.004492
13.170174753048865,43,21,0.1347,0.004492,21,1,0,0,1,0.145667
13.315841808530067,44,22,0.1347,0.145667,23,1,0,0,1,0.34139
13.657231824370594,45,23,0.1347,0.34139,25,1,0,0,1,0.207134
13.864365375996972,46,24,0.1347,0.207134,27,1,0,0,1,0.580188
14.444553868505013,47,25,0.1347,0.580188,0,1,0,0,1,0.043873
14.488427071648712,48,26,0.1347,0.043873,2,1,0,0,1,0.074677
13.406620734445848,27,5,0.5863,0.0,1,1,0,0,1,-0.01679
13.389830782852158,28,6,0.5863,-0.01679,3,1,0,0,1,-0.358496
13.03133523485918,29,7,0.5863,-0.358496,0,1,0,0,1,-0.294034
12.737300742034353,30,8,0.5863,-0.294034,2,1,0,0,1,-0.13628
12.601020935646003,31,9,0.5863,-0.13628,4,1,0,0,1,0.053805
12.654825656619497,32,10,0.5863,0.053805,6,1,0,0,1,0.270957
12.925782325606233,33,11,0.5863,0.270957,8,1,0,0,1,0.45563
13.381412752229414,34,12,0.5863,0.45563,10,1,0,0,1,0.350214
13.731626604694679,35,13,0.5863,0.350214,12,1,0,0,1,0.202068
13.933694378173694,36,14,0.5863,0.202068,14,1,0,0,1,0.418089
14.351783563998028,37,15,0.5863,0.418089,16,1,0,0,1,0.158174
14.509957330775867,38,16,0.5863,0.158174,18,1,0,0,1,0.27153
14.78148749745111,39,17,0.5863,0.27153,0,1,0,0,1,0.179976
14.961463989592719,40,18,0.5863,0.179976,0,1,0,0,1,0.632658
15.594121966173992,41,19,0.5863,0.632658,0,1,0,0,1,-0.01612
15.57800167574181,42,20,0.5863,-0.01612,2,1,0,0,1,0.116698
12.451529342665943,26,4,0.1863,0.0,1,1,0,0,1,0.187035
12.638564842640598,27,5,0.1863,0.187035,3,1,0,0,1,-0.062744
12.57582125497878,28,6,0.1863,-0.062744,5,1,0,0,1,0.109208
12.685028935164986,29,7,0.1863,0.109208,7,1,0,0,1,0.206692
12.891720660361175,30,8,0.1863,0.206692,9,1,0,0,1,0.042805
12.934525258934501,31,9,0.1863,0.042805,11,1,0,0,1,0.217169
13.151694133391933,32,10,0.1863,0.217169,13,1,0,0,1,0.045782
13.197476412939537,33,11,0.1863,0.045782,15,1,0,0,1,-0.020586
13.176890158800166,34,12,0.1863,-0.020586,17,1,0,0,1,0.034841
13.211730938443846,35,13,0.1863,0.034841,19,1,0,0,1,0.415439
13.627169947488406,36,14,0.1863,0.415439,21,1,0,0,1,0.234244
13.86141425280403,37,15,0.1863,0.234244,23,1,0,0,1,0.105032
13.966446512554779,38,16,0.1863,0.105032,25,1,0,0,1,0.433412
14.399858499550636,39,17,0.1863,0.433412,0,1,0,0,1,0.275301
14.675159679795568,40,18,0.1863,0.275301,2,1,0,0,1,0.035111
14.710271005791222,41,19,0.1863,0.035111,4,1,0,0,1,0.119799
